sysbench 1.1.0 (using bundled LuaJIT 2.1.0-beta3)

Running the test with following options:
Number of threads: 4
Report intermediate results every 2 second(s)
Initializing random number generator from current time


Initializing worker threads...

** Using FOR UPDATE : 1
** FORCE_PRIMARY : 0
** FORCE_NULL : 0
=> Using SESSION ops: 
Threads started!

[ 2s ] thds: 4 tps: 162.44 qps: 4748.20 (r/w/o: 2197.67/2219.66/330.87) lat (ms,95%): 41.10 err/s: 0.00 reconn/s: 0.00
[ 4s ] thds: 4 tps: 349.06 qps: 10438.65 (r/w/o: 4822.76/4917.78/698.11) lat (ms,95%): 25.74 err/s: 0.00 reconn/s: 0.00
[ 6s ] thds: 4 tps: 1519.43 qps: 44205.83 (r/w/o: 20348.50/20818.48/3038.85) lat (ms,95%): 5.77 err/s: 0.00 reconn/s: 0.00
[ 8s ] thds: 4 tps: 1565.14 qps: 45320.68 (r/w/o: 20849.42/21340.97/3130.29) lat (ms,95%): 5.67 err/s: 0.00 reconn/s: 0.00
[ 10s ] thds: 4 tps: 1580.85 qps: 45109.74 (r/w/o: 20708.04/21239.99/3161.70) lat (ms,95%): 5.67 err/s: 0.00 reconn/s: 0.00
[ 12s ] thds: 4 tps: 1550.60 qps: 44916.45 (r/w/o: 20647.85/21167.39/3101.20) lat (ms,95%): 5.67 err/s: 0.00 reconn/s: 0.00
[ 14s ] thds: 4 tps: 1524.49 qps: 44466.85 (r/w/o: 20483.43/20934.43/3048.99) lat (ms,95%): 5.88 err/s: 0.00 reconn/s: 0.00
[ 16s ] thds: 4 tps: 1396.48 qps: 40518.83 (r/w/o: 18649.19/19076.68/2792.95) lat (ms,95%): 6.32 err/s: 0.00 reconn/s: 0.00
[ 18s ] thds: 4 tps: 1400.02 qps: 41312.15 (r/w/o: 19047.30/19464.80/2800.04) lat (ms,95%): 6.32 err/s: 0.00 reconn/s: 0.00
[ 20s ] thds: 4 tps: 1467.93 qps: 43379.51 (r/w/o: 20004.58/20439.06/2935.87) lat (ms,95%): 6.09 err/s: 0.00 reconn/s: 0.00
[ 22s ] thds: 4 tps: 430.49 qps: 13029.57 (r/w/o: 5994.80/6173.80/860.97) lat (ms,95%): 28.16 err/s: 0.00 reconn/s: 0.00
[ 24s ] thds: 4 tps: 582.55 qps: 17668.89 (r/w/o: 8105.14/8398.66/1165.09) lat (ms,95%): 13.70 err/s: 0.00 reconn/s: 0.00
[ 26s ] thds: 4 tps: 1299.53 qps: 37886.34 (r/w/o: 17458.39/17828.90/2599.06) lat (ms,95%): 6.43 err/s: 0.00 reconn/s: 0.00
[ 28s ] thds: 4 tps: 341.48 qps: 10201.76 (r/w/o: 4689.16/4829.65/682.95) lat (ms,95%): 29.19 err/s: 0.00 reconn/s: 0.00
[ 30s ] thds: 4 tps: 221.50 qps: 6912.01 (r/w/o: 3200.50/3268.50/443.00) lat (ms,95%): 28.67 err/s: 0.00 reconn/s: 0.00
[ 32s ] thds: 4 tps: 707.98 qps: 20927.33 (r/w/o: 9664.19/9847.18/1415.95) lat (ms,95%): 24.83 err/s: 0.00 reconn/s: 0.00
[ 34s ] thds: 4 tps: 1576.63 qps: 44593.79 (r/w/o: 20505.74/20934.78/3153.27) lat (ms,95%): 5.47 err/s: 0.00 reconn/s: 0.00
[ 36s ] thds: 4 tps: 1579.53 qps: 45262.46 (r/w/o: 20815.94/21287.45/3159.07) lat (ms,95%): 5.47 err/s: 0.00 reconn/s: 0.00
[ 38s ] thds: 4 tps: 1564.93 qps: 44675.59 (r/w/o: 20545.62/21000.10/3129.87) lat (ms,95%): 5.47 err/s: 0.00 reconn/s: 0.00
[ 40s ] thds: 4 tps: 1606.05 qps: 44988.47 (r/w/o: 20717.18/21059.19/3212.10) lat (ms,95%): 5.37 err/s: 0.00 reconn/s: 0.00
[ 42s ] thds: 4 tps: 1539.38 qps: 44886.08 (r/w/o: 20689.42/21117.89/3078.77) lat (ms,95%): 5.57 err/s: 0.00 reconn/s: 0.00
[ 44s ] thds: 4 tps: 1513.53 qps: 43852.78 (r/w/o: 20192.86/20632.87/3027.05) lat (ms,95%): 5.99 err/s: 0.00 reconn/s: 0.00
[ 46s ] thds: 4 tps: 795.49 qps: 24108.18 (r/w/o: 11114.35/11402.85/1590.98) lat (ms,95%): 21.89 err/s: 0.00 reconn/s: 0.00
[ 48s ] thds: 4 tps: 402.02 qps: 11775.11 (r/w/o: 5420.28/5550.79/804.04) lat (ms,95%): 19.29 err/s: 0.00 reconn/s: 0.00
[ 50s ] thds: 4 tps: 1330.54 qps: 38929.57 (r/w/o: 17896.99/18371.51/2661.07) lat (ms,95%): 7.04 err/s: 0.00 reconn/s: 0.00
[ 52s ] thds: 4 tps: 1561.35 qps: 45404.11 (r/w/o: 20901.48/21379.93/3122.70) lat (ms,95%): 5.57 err/s: 0.00 reconn/s: 0.00
[ 54s ] thds: 4 tps: 1521.62 qps: 44632.00 (r/w/o: 20580.61/21008.15/3043.24) lat (ms,95%): 5.67 err/s: 0.00 reconn/s: 0.00
[ 56s ] thds: 4 tps: 1531.52 qps: 44548.44 (r/w/o: 20474.70/21010.71/3063.03) lat (ms,95%): 5.88 err/s: 0.00 reconn/s: 0.00
[ 58s ] thds: 4 tps: 1482.50 qps: 43483.57 (r/w/o: 20046.03/20472.53/2965.00) lat (ms,95%): 5.99 err/s: 0.00 reconn/s: 0.00
[ 60s ] thds: 4 tps: 1547.50 qps: 44146.49 (r/w/o: 20339.49/20711.99/3095.00) lat (ms,95%): 5.47 err/s: 0.00 reconn/s: 0.00
[ 62s ] thds: 4 tps: 1561.99 qps: 44309.58 (r/w/o: 20400.31/20785.30/3123.97) lat (ms,95%): 5.37 err/s: 0.00 reconn/s: 0.00
[ 64s ] thds: 4 tps: 1520.00 qps: 43841.86 (r/w/o: 20159.93/20641.93/3039.99) lat (ms,95%): 5.77 err/s: 0.00 reconn/s: 0.00
[ 66s ] thds: 4 tps: 865.03 qps: 24837.23 (r/w/o: 11443.84/11663.34/1730.05) lat (ms,95%): 20.00 err/s: 0.00 reconn/s: 0.00
[ 68s ] thds: 4 tps: 458.96 qps: 13324.94 (r/w/o: 6162.01/6245.00/917.93) lat (ms,95%): 16.12 err/s: 0.00 reconn/s: 0.00
[ 70s ] thds: 4 tps: 1207.00 qps: 34625.59 (r/w/o: 15969.54/16242.04/2414.01) lat (ms,95%): 7.56 err/s: 0.00 reconn/s: 0.00
[ 72s ] thds: 4 tps: 1466.57 qps: 43036.51 (r/w/o: 19870.93/20232.45/2933.14) lat (ms,95%): 5.99 err/s: 0.00 reconn/s: 0.00
[ 74s ] thds: 4 tps: 1459.42 qps: 41770.30 (r/w/o: 19198.49/19652.96/2918.85) lat (ms,95%): 6.21 err/s: 0.00 reconn/s: 0.00
[ 76s ] thds: 4 tps: 1413.58 qps: 41057.29 (r/w/o: 18941.56/19288.58/2827.16) lat (ms,95%): 6.09 err/s: 0.00 reconn/s: 0.00
[ 78s ] thds: 4 tps: 1485.51 qps: 43197.89 (r/w/o: 19908.18/20319.18/2970.53) lat (ms,95%): 5.77 err/s: 0.00 reconn/s: 0.00
[ 80s ] thds: 4 tps: 1455.48 qps: 42271.48 (r/w/o: 19448.26/19911.75/2911.46) lat (ms,95%): 6.21 err/s: 0.00 reconn/s: 0.00
[ 82s ] thds: 4 tps: 1458.99 qps: 42344.21 (r/w/o: 19460.87/19965.36/2917.98) lat (ms,95%): 6.32 err/s: 0.00 reconn/s: 0.00
[ 84s ] thds: 4 tps: 1383.97 qps: 39875.04 (r/w/o: 18353.56/18753.55/2767.93) lat (ms,95%): 6.43 err/s: 0.00 reconn/s: 0.00
[ 86s ] thds: 4 tps: 1248.96 qps: 36922.41 (r/w/o: 17039.00/17385.49/2497.93) lat (ms,95%): 6.79 err/s: 0.00 reconn/s: 0.00
[ 88s ] thds: 4 tps: 331.00 qps: 9409.50 (r/w/o: 4342.00/4405.50/662.00) lat (ms,95%): 36.89 err/s: 0.00 reconn/s: 0.00
[ 90s ] thds: 4 tps: 888.06 qps: 25550.36 (r/w/o: 11773.36/12000.87/1776.13) lat (ms,95%): 12.98 err/s: 0.00 reconn/s: 0.00
[ 92s ] thds: 4 tps: 1033.84 qps: 29667.36 (r/w/o: 13641.37/13958.32/2067.68) lat (ms,95%): 8.28 err/s: 0.00 reconn/s: 0.00
[ 94s ] thds: 4 tps: 219.02 qps: 6369.10 (r/w/o: 2920.78/3010.29/438.04) lat (ms,95%): 30.26 err/s: 0.00 reconn/s: 0.00
[ 96s ] thds: 4 tps: 236.00 qps: 6735.42 (r/w/o: 3106.96/3156.46/471.99) lat (ms,95%): 29.19 err/s: 0.00 reconn/s: 0.00
[ 98s ] thds: 4 tps: 1081.05 qps: 30884.31 (r/w/o: 14209.60/14512.62/2162.09) lat (ms,95%): 14.21 err/s: 0.00 reconn/s: 0.00
[ 100s ] thds: 4 tps: 1543.06 qps: 45784.81 (r/w/o: 21105.34/21593.36/3086.12) lat (ms,95%): 5.67 err/s: 0.00 reconn/s: 0.00
[ 102s ] thds: 4 tps: 1486.87 qps: 44865.56 (r/w/o: 20694.68/21197.14/2973.74) lat (ms,95%): 5.88 err/s: 0.00 reconn/s: 0.00
[ 104s ] thds: 4 tps: 1543.01 qps: 44648.85 (r/w/o: 20517.66/21045.16/3086.02) lat (ms,95%): 5.67 err/s: 0.00 reconn/s: 0.00
[ 106s ] thds: 4 tps: 1502.11 qps: 44174.26 (r/w/o: 20325.50/20844.54/3004.22) lat (ms,95%): 5.88 err/s: 0.00 reconn/s: 0.00
[ 108s ] thds: 4 tps: 1542.98 qps: 44438.31 (r/w/o: 20448.68/20903.68/3085.95) lat (ms,95%): 5.77 err/s: 0.00 reconn/s: 0.00
[ 110s ] thds: 4 tps: 832.95 qps: 24124.58 (r/w/o: 11080.35/11378.33/1665.90) lat (ms,95%): 21.50 err/s: 0.00 reconn/s: 0.00
[ 112s ] thds: 4 tps: 415.98 qps: 11611.36 (r/w/o: 5341.71/5437.70/831.95) lat (ms,95%): 22.69 err/s: 0.00 reconn/s: 0.00
[ 114s ] thds: 4 tps: 1345.65 qps: 38482.28 (r/w/o: 17689.97/18101.02/2691.30) lat (ms,95%): 6.91 err/s: 0.00 reconn/s: 0.00
[ 116s ] thds: 4 tps: 1538.53 qps: 45028.93 (r/w/o: 20753.93/21197.94/3077.06) lat (ms,95%): 5.57 err/s: 0.00 reconn/s: 0.00
[ 118s ] thds: 4 tps: 1549.96 qps: 44334.73 (r/w/o: 20350.92/20883.90/3099.91) lat (ms,95%): 5.88 err/s: 0.00 reconn/s: 0.00
[ 120s ] thds: 4 tps: 1533.02 qps: 44437.03 (r/w/o: 20451.74/20919.25/3066.04) lat (ms,95%): 5.77 err/s: 0.00 reconn/s: 0.00
[ 122s ] thds: 4 tps: 1491.87 qps: 44317.04 (r/w/o: 20461.17/20872.14/2983.73) lat (ms,95%): 5.77 err/s: 0.00 reconn/s: 0.00
[ 124s ] thds: 4 tps: 1532.63 qps: 44568.40 (r/w/o: 20519.80/20983.34/3065.27) lat (ms,95%): 5.47 err/s: 0.00 reconn/s: 0.00
[ 126s ] thds: 4 tps: 1500.51 qps: 44163.16 (r/w/o: 20390.08/20772.08/3001.01) lat (ms,95%): 5.67 err/s: 0.00 reconn/s: 0.00
[ 128s ] thds: 4 tps: 1528.50 qps: 44965.38 (r/w/o: 20721.94/21186.44/3056.99) lat (ms,95%): 5.57 err/s: 0.00 reconn/s: 0.00
[ 130s ] thds: 4 tps: 640.98 qps: 17555.86 (r/w/o: 8090.21/8183.70/1281.95) lat (ms,95%): 24.38 err/s: 0.00 reconn/s: 0.00
[ 132s ] thds: 4 tps: 537.51 qps: 15148.31 (r/w/o: 6974.64/7098.64/1075.02) lat (ms,95%): 13.95 err/s: 0.00 reconn/s: 0.00
[ 134s ] thds: 4 tps: 1555.49 qps: 45286.77 (r/w/o: 20908.89/21266.89/3110.98) lat (ms,95%): 5.57 err/s: 0.00 reconn/s: 0.00
[ 136s ] thds: 4 tps: 1536.54 qps: 45088.22 (r/w/o: 20794.06/21221.08/3073.08) lat (ms,95%): 5.57 err/s: 0.00 reconn/s: 0.00
[ 138s ] thds: 4 tps: 1534.39 qps: 44971.30 (r/w/o: 20723.02/21179.49/3068.78) lat (ms,95%): 5.77 err/s: 0.00 reconn/s: 0.00
[ 140s ] thds: 4 tps: 1566.63 qps: 44821.66 (r/w/o: 20634.68/21053.72/3133.26) lat (ms,95%): 5.57 err/s: 0.00 reconn/s: 0.00
[ 142s ] thds: 4 tps: 1521.49 qps: 44644.65 (r/w/o: 20521.84/21079.83/3042.98) lat (ms,95%): 5.88 err/s: 0.00 reconn/s: 0.00
[ 144s ] thds: 4 tps: 1539.47 qps: 44191.61 (r/w/o: 20369.09/20743.58/3078.94) lat (ms,95%): 5.57 err/s: 0.00 reconn/s: 0.00
[ 146s ] thds: 4 tps: 1527.02 qps: 44205.20 (r/w/o: 20311.82/20839.33/3054.05) lat (ms,95%): 5.77 err/s: 0.00 reconn/s: 0.00
[ 148s ] thds: 4 tps: 1512.00 qps: 44003.09 (r/w/o: 20202.04/20777.54/3023.51) lat (ms,95%): 5.99 err/s: 0.00 reconn/s: 0.00
[ 150s ] thds: 4 tps: 733.45 qps: 21374.43 (r/w/o: 9816.28/10090.76/1467.39) lat (ms,95%): 22.28 err/s: 0.00 reconn/s: 0.00
[ 152s ] thds: 4 tps: 456.90 qps: 13239.15 (r/w/o: 6081.69/6243.65/913.80) lat (ms,95%): 14.21 err/s: 0.00 reconn/s: 0.00
[ 154s ] thds: 4 tps: 1237.34 qps: 34452.56 (r/w/o: 15830.89/16146.98/2474.69) lat (ms,95%): 6.55 err/s: 0.00 reconn/s: 0.00
[ 156s ] thds: 4 tps: 596.96 qps: 16903.89 (r/w/o: 7778.49/7931.48/1193.92) lat (ms,95%): 27.66 err/s: 0.00 reconn/s: 0.00
[ 158s ] thds: 4 tps: 231.52 qps: 6587.68 (r/w/o: 3030.31/3094.32/463.05) lat (ms,95%): 29.19 err/s: 0.00 reconn/s: 0.00
[ 160s ] thds: 4 tps: 303.00 qps: 8898.88 (r/w/o: 4105.45/4187.44/605.99) lat (ms,95%): 29.19 err/s: 0.00 reconn/s: 0.00
[ 162s ] thds: 4 tps: 1547.95 qps: 45079.46 (r/w/o: 20739.29/21244.27/3095.89) lat (ms,95%): 5.77 err/s: 0.00 reconn/s: 0.00
[ 164s ] thds: 4 tps: 1576.99 qps: 44966.09 (r/w/o: 20693.81/21118.31/3153.97) lat (ms,95%): 5.47 err/s: 0.00 reconn/s: 0.00
[ 166s ] thds: 4 tps: 1536.01 qps: 44914.73 (r/w/o: 20710.60/21132.11/3072.02) lat (ms,95%): 5.67 err/s: 0.00 reconn/s: 0.00
[ 168s ] thds: 4 tps: 1525.55 qps: 45060.57 (r/w/o: 20770.72/21238.74/3051.11) lat (ms,95%): 5.67 err/s: 0.00 reconn/s: 0.00
[ 170s ] thds: 4 tps: 1563.64 qps: 44801.60 (r/w/o: 20626.41/21047.91/3127.27) lat (ms,95%): 5.57 err/s: 0.00 reconn/s: 0.00
[ 172s ] thds: 4 tps: 1537.31 qps: 44325.58 (r/w/o: 20384.95/20866.02/3074.61) lat (ms,95%): 5.77 err/s: 0.00 reconn/s: 0.00
[ 174s ] thds: 4 tps: 1119.92 qps: 33837.96 (r/w/o: 15593.33/16004.80/2239.83) lat (ms,95%): 6.91 err/s: 0.00 reconn/s: 0.00
[ 176s ] thds: 4 tps: 353.01 qps: 10020.73 (r/w/o: 4613.11/4701.61/706.02) lat (ms,95%): 26.20 err/s: 0.00 reconn/s: 0.00
[ 178s ] thds: 4 tps: 1168.58 qps: 33382.30 (r/w/o: 15357.56/15687.58/2337.16) lat (ms,95%): 12.08 err/s: 0.00 reconn/s: 0.00
[ 180s ] thds: 4 tps: 1531.00 qps: 44989.04 (r/w/o: 20724.02/21203.02/3062.00) lat (ms,95%): 5.67 err/s: 0.00 reconn/s: 0.00
[ 182s ] thds: 4 tps: 1579.00 qps: 45022.92 (r/w/o: 20782.46/21082.96/3157.49) lat (ms,95%): 5.37 err/s: 0.00 reconn/s: 0.00
[ 184s ] thds: 4 tps: 1571.46 qps: 44524.88 (r/w/o: 20486.48/20894.97/3143.42) lat (ms,95%): 5.57 err/s: 0.00 reconn/s: 0.00
[ 186s ] thds: 4 tps: 1534.48 qps: 44238.89 (r/w/o: 20355.72/20814.21/3068.96) lat (ms,95%): 5.77 err/s: 0.00 reconn/s: 0.00
[ 188s ] thds: 4 tps: 1528.02 qps: 43737.45 (r/w/o: 20114.21/20567.21/3056.03) lat (ms,95%): 5.99 err/s: 0.00 reconn/s: 0.00
[ 190s ] thds: 4 tps: 1544.52 qps: 44193.56 (r/w/o: 20332.76/20771.76/3089.04) lat (ms,95%): 5.67 err/s: 0.00 reconn/s: 0.00
[ 192s ] thds: 4 tps: 1546.03 qps: 43867.25 (r/w/o: 20158.35/20616.85/3092.05) lat (ms,95%): 5.88 err/s: 0.00 reconn/s: 0.00
[ 194s ] thds: 4 tps: 697.01 qps: 20753.74 (r/w/o: 9521.11/9838.62/1394.02) lat (ms,95%): 23.52 err/s: 0.00 reconn/s: 0.00
[ 196s ] thds: 4 tps: 460.45 qps: 12960.60 (r/w/o: 5957.36/6082.34/920.90) lat (ms,95%): 15.00 err/s: 0.00 reconn/s: 0.00
[ 198s ] thds: 4 tps: 1495.12 qps: 43298.55 (r/w/o: 19895.13/20413.17/2990.25) lat (ms,95%): 6.09 err/s: 0.00 reconn/s: 0.00
[ 200s ] thds: 4 tps: 1553.02 qps: 45121.14 (r/w/o: 20766.79/21248.30/3106.04) lat (ms,95%): 5.67 err/s: 0.00 reconn/s: 0.00
[ 202s ] thds: 4 tps: 1519.96 qps: 44676.87 (r/w/o: 20512.48/21124.47/3039.92) lat (ms,95%): 6.09 err/s: 0.00 reconn/s: 0.00
[ 204s ] thds: 4 tps: 1548.06 qps: 44376.34 (r/w/o: 20429.35/20850.87/3096.13) lat (ms,95%): 5.57 err/s: 0.00 reconn/s: 0.00
[ 206s ] thds: 4 tps: 1499.85 qps: 44145.65 (r/w/o: 20364.50/20781.45/2999.70) lat (ms,95%): 5.88 err/s: 0.00 reconn/s: 0.00
[ 208s ] thds: 4 tps: 1502.59 qps: 44235.73 (r/w/o: 20313.25/20917.29/3005.19) lat (ms,95%): 6.21 err/s: 0.00 reconn/s: 0.00
[ 210s ] thds: 4 tps: 1544.97 qps: 44743.63 (r/w/o: 20657.10/20996.59/3089.94) lat (ms,95%): 5.57 err/s: 0.00 reconn/s: 0.00
[ 212s ] thds: 4 tps: 1479.53 qps: 44671.95 (r/w/o: 20574.44/21138.45/2959.06) lat (ms,95%): 6.09 err/s: 0.00 reconn/s: 0.00
[ 214s ] thds: 4 tps: 580.95 qps: 16519.22 (r/w/o: 7599.91/7757.40/1161.91) lat (ms,95%): 33.72 err/s: 0.00 reconn/s: 0.00
[ 216s ] thds: 4 tps: 531.54 qps: 15385.25 (r/w/o: 7093.58/7228.59/1063.09) lat (ms,95%): 14.46 err/s: 0.00 reconn/s: 0.00
[ 218s ] thds: 4 tps: 1247.03 qps: 35426.81 (r/w/o: 16295.37/16637.38/2494.06) lat (ms,95%): 6.43 err/s: 0.00 reconn/s: 0.00
[ 220s ] thds: 4 tps: 1242.43 qps: 37052.28 (r/w/o: 17100.48/17466.95/2484.85) lat (ms,95%): 6.55 err/s: 0.00 reconn/s: 0.00
[ 222s ] thds: 4 tps: 219.48 qps: 6310.83 (r/w/o: 2908.19/2963.68/438.95) lat (ms,95%): 30.26 err/s: 0.00 reconn/s: 0.00
[ 224s ] thds: 4 tps: 237.51 qps: 7038.84 (r/w/o: 3257.66/3306.16/475.02) lat (ms,95%): 29.72 err/s: 0.00 reconn/s: 0.00
[ 226s ] thds: 4 tps: 903.08 qps: 25857.34 (r/w/o: 11905.58/12145.60/1806.16) lat (ms,95%): 15.00 err/s: 0.00 reconn/s: 0.00
[ 228s ] thds: 4 tps: 1549.51 qps: 45217.15 (r/w/o: 20819.07/21299.07/3099.01) lat (ms,95%): 5.67 err/s: 0.00 reconn/s: 0.00
[ 230s ] thds: 4 tps: 1581.02 qps: 44919.20 (r/w/o: 20680.82/21076.33/3162.05) lat (ms,95%): 5.37 err/s: 0.00 reconn/s: 0.00
[ 232s ] thds: 4 tps: 1546.00 qps: 44929.51 (r/w/o: 20697.50/21140.01/3092.00) lat (ms,95%): 5.77 err/s: 0.00 reconn/s: 0.00
[ 234s ] thds: 4 tps: 1536.47 qps: 44745.15 (r/w/o: 20622.11/21050.10/3072.94) lat (ms,95%): 5.77 err/s: 0.00 reconn/s: 0.00
[ 236s ] thds: 4 tps: 1495.53 qps: 44181.49 (r/w/o: 20337.46/20852.97/2991.07) lat (ms,95%): 5.77 err/s: 0.00 reconn/s: 0.00
[ 238s ] thds: 4 tps: 1029.20 qps: 29854.43 (r/w/o: 13681.07/14114.95/2058.41) lat (ms,95%): 7.98 err/s: 0.00 reconn/s: 0.00
[ 240s ] thds: 4 tps: 383.07 qps: 10992.59 (r/w/o: 5054.96/5171.48/766.15) lat (ms,95%): 25.28 err/s: 0.00 reconn/s: 0.00
[ 242s ] thds: 4 tps: 1218.61 qps: 35835.38 (r/w/o: 16493.05/16905.09/2437.23) lat (ms,95%): 8.43 err/s: 0.00 reconn/s: 0.00
[ 244s ] thds: 4 tps: 1554.97 qps: 43832.54 (r/w/o: 20162.56/20560.05/3109.93) lat (ms,95%): 5.67 err/s: 0.00 reconn/s: 0.00
[ 246s ] thds: 4 tps: 1561.00 qps: 44633.43 (r/w/o: 20581.97/20929.47/3122.00) lat (ms,95%): 5.37 err/s: 0.00 reconn/s: 0.00
[ 248s ] thds: 4 tps: 1538.01 qps: 45034.77 (r/w/o: 20733.13/21225.63/3076.02) lat (ms,95%): 5.57 err/s: 0.00 reconn/s: 0.00
[ 250s ] thds: 4 tps: 1520.41 qps: 44319.27 (r/w/o: 20387.74/20890.71/3040.81) lat (ms,95%): 5.88 err/s: 0.00 reconn/s: 0.00
[ 252s ] thds: 4 tps: 1570.00 qps: 44972.53 (r/w/o: 20692.02/21140.52/3140.00) lat (ms,95%): 5.57 err/s: 0.00 reconn/s: 0.00
[ 254s ] thds: 4 tps: 1528.59 qps: 44295.00 (r/w/o: 20382.65/20855.18/3057.17) lat (ms,95%): 5.77 err/s: 0.00 reconn/s: 0.00
[ 256s ] thds: 4 tps: 1502.91 qps: 43258.53 (r/w/o: 19883.36/20369.84/3005.33) lat (ms,95%): 5.88 err/s: 0.00 reconn/s: 0.00
[ 258s ] thds: 4 tps: 522.00 qps: 15481.93 (r/w/o: 7124.97/7312.47/1044.50) lat (ms,95%): 33.72 err/s: 0.00 reconn/s: 0.00
[ 260s ] thds: 4 tps: 455.03 qps: 13841.97 (r/w/o: 6359.94/6571.96/910.06) lat (ms,95%): 15.27 err/s: 0.00 reconn/s: 0.00
[ 262s ] thds: 4 tps: 1551.38 qps: 45148.41 (r/w/o: 20775.35/21270.31/3102.75) lat (ms,95%): 5.57 err/s: 0.00 reconn/s: 0.00
[ 264s ] thds: 4 tps: 1513.14 qps: 44533.48 (r/w/o: 20567.34/20939.87/3026.27) lat (ms,95%): 5.77 err/s: 0.00 reconn/s: 0.00
[ 266s ] thds: 4 tps: 1554.98 qps: 44102.03 (r/w/o: 20288.78/20703.28/3109.97) lat (ms,95%): 5.67 err/s: 0.00 reconn/s: 0.00
[ 268s ] thds: 4 tps: 1538.52 qps: 44414.72 (r/w/o: 20475.33/20862.34/3077.05) lat (ms,95%): 5.37 err/s: 0.00 reconn/s: 0.00
[ 270s ] thds: 4 tps: 1526.99 qps: 43894.75 (r/w/o: 20237.88/20602.88/3053.98) lat (ms,95%): 5.57 err/s: 0.00 reconn/s: 0.00
[ 272s ] thds: 4 tps: 1544.00 qps: 44720.54 (r/w/o: 20576.02/21056.52/3088.00) lat (ms,95%): 5.47 err/s: 0.00 reconn/s: 0.00
[ 274s ] thds: 4 tps: 1521.86 qps: 43672.62 (r/w/o: 20075.72/20553.17/3043.73) lat (ms,95%): 5.99 err/s: 0.00 reconn/s: 0.00
[ 276s ] thds: 4 tps: 1432.73 qps: 41465.56 (r/w/o: 19067.85/19532.26/2865.45) lat (ms,95%): 6.21 err/s: 0.00 reconn/s: 0.00
[ 278s ] thds: 4 tps: 297.08 qps: 7978.15 (r/w/o: 3656.48/3727.50/594.16) lat (ms,95%): 38.25 err/s: 0.00 reconn/s: 0.00
[ 280s ] thds: 4 tps: 900.52 qps: 25678.09 (r/w/o: 11829.27/12047.77/1801.04) lat (ms,95%): 13.22 err/s: 0.00 reconn/s: 0.00
[ 282s ] thds: 4 tps: 1544.99 qps: 44720.31 (r/w/o: 20583.91/21046.41/3089.99) lat (ms,95%): 5.67 err/s: 0.00 reconn/s: 0.00
[ 284s ] thds: 4 tps: 1530.99 qps: 44366.24 (r/w/o: 20435.88/20868.38/3061.98) lat (ms,95%): 5.77 err/s: 0.00 reconn/s: 0.00
[ 286s ] thds: 4 tps: 1515.97 qps: 44225.04 (r/w/o: 20348.06/20845.05/3031.93) lat (ms,95%): 5.88 err/s: 0.00 reconn/s: 0.00
[ 288s ] thds: 4 tps: 1541.48 qps: 44774.92 (r/w/o: 20637.23/21054.73/3082.96) lat (ms,95%): 5.77 err/s: 0.00 reconn/s: 0.00
[ 290s ] thds: 4 tps: 1498.01 qps: 44462.24 (r/w/o: 20480.11/20986.11/2996.02) lat (ms,95%): 5.88 err/s: 0.00 reconn/s: 0.00
[ 292s ] thds: 4 tps: 1532.55 qps: 44334.44 (r/w/o: 20413.16/20856.18/3065.10) lat (ms,95%): 5.67 err/s: 0.00 reconn/s: 0.00
[ 294s ] thds: 4 tps: 1531.45 qps: 44070.14 (r/w/o: 20312.37/20694.86/3062.91) lat (ms,95%): 5.67 err/s: 0.00 reconn/s: 0.00
[ 296s ] thds: 4 tps: 1492.43 qps: 43223.92 (r/w/o: 19898.54/20340.52/2984.86) lat (ms,95%): 6.09 err/s: 0.00 reconn/s: 0.00
[ 298s ] thds: 4 tps: 372.99 qps: 10445.83 (r/w/o: 4790.92/4908.92/745.99) lat (ms,95%): 37.56 err/s: 0.00 reconn/s: 0.00
[ 300s ] thds: 4 tps: 727.98 qps: 21767.00 (r/w/o: 10065.27/10245.76/1455.97) lat (ms,95%): 13.22 err/s: 0.00 reconn/s: 0.00
SQL statistics:
    queries performed:
        read:                            4916643
        write:                           5026038
        other:                           736552
        total:                           10679233
    transactions:                        368272 (1227.55 per sec.)
    queries:                             10679233 (35596.89 per sec.)
    ignored errors:                      0      (0.00 per sec.)
    reconnects:                          0      (0.00 per sec.)

Throughput:
    events/s (eps):                      1227.5542
    time elapsed:                        300.0047s
    total number of events:              368272

Latency (ms):
         min:                                    0.26
         avg:                                    3.26
         max:                                  102.47
         95th percentile:                        7.17
         sum:                              1199598.63

Threads fairness:
    events (avg/stddev):           92068.0000/122.37
    execution time (avg/stddev):   299.8997/0.00

sysbench 1.1.0 (using bundled LuaJIT 2.1.0-beta3)

Running the test with following options:
Number of threads: 8
Report intermediate results every 2 second(s)
Initializing random number generator from current time


Initializing worker threads...

** Using FOR UPDATE : 1
** FORCE_PRIMARY : 0
** FORCE_NULL : 0
=> Using SESSION ops: 
Threads started!

[ 2s ] thds: 8 tps: 1781.15 qps: 51705.93 (r/w/o: 23807.18/24324.44/3574.30) lat (ms,95%): 10.46 err/s: 0.00 reconn/s: 0.00
[ 4s ] thds: 8 tps: 1642.63 qps: 47599.18 (r/w/o: 21887.19/22426.73/3285.25) lat (ms,95%): 11.24 err/s: 0.00 reconn/s: 0.00
[ 6s ] thds: 8 tps: 2347.00 qps: 68081.53 (r/w/o: 31343.52/32044.02/4694.00) lat (ms,95%): 7.70 err/s: 0.00 reconn/s: 0.00
[ 8s ] thds: 8 tps: 2380.44 qps: 69234.71 (r/w/o: 31904.67/32569.66/4760.38) lat (ms,95%): 7.70 err/s: 0.00 reconn/s: 0.00
[ 10s ] thds: 8 tps: 2312.55 qps: 67829.07 (r/w/o: 31214.72/31988.74/4625.61) lat (ms,95%): 7.70 err/s: 0.00 reconn/s: 0.00
[ 12s ] thds: 8 tps: 2365.94 qps: 68817.70 (r/w/o: 31703.17/32383.65/4730.88) lat (ms,95%): 7.70 err/s: 0.00 reconn/s: 0.00
[ 14s ] thds: 8 tps: 1457.08 qps: 42235.28 (r/w/o: 19416.38/19903.74/2915.16) lat (ms,95%): 18.95 err/s: 0.00 reconn/s: 0.00
[ 16s ] thds: 8 tps: 597.15 qps: 17149.80 (r/w/o: 7873.98/8081.53/1194.30) lat (ms,95%): 33.12 err/s: 0.00 reconn/s: 0.00
[ 18s ] thds: 8 tps: 1686.58 qps: 48432.62 (r/w/o: 22218.75/22840.72/3373.15) lat (ms,95%): 13.70 err/s: 0.00 reconn/s: 0.00
[ 20s ] thds: 8 tps: 2303.54 qps: 67460.26 (r/w/o: 31106.55/31746.62/4607.08) lat (ms,95%): 7.98 err/s: 0.00 reconn/s: 0.00
[ 22s ] thds: 8 tps: 2345.53 qps: 68476.48 (r/w/o: 31517.95/32267.46/4691.07) lat (ms,95%): 7.70 err/s: 0.00 reconn/s: 0.00
[ 24s ] thds: 8 tps: 2338.02 qps: 68072.07 (r/w/o: 31300.26/32095.77/4676.04) lat (ms,95%): 7.84 err/s: 0.00 reconn/s: 0.00
[ 26s ] thds: 8 tps: 2380.50 qps: 68703.45 (r/w/o: 31623.98/32318.48/4761.00) lat (ms,95%): 7.84 err/s: 0.00 reconn/s: 0.00
[ 28s ] thds: 8 tps: 2344.91 qps: 68859.46 (r/w/o: 31754.83/32414.80/4689.83) lat (ms,95%): 7.84 err/s: 0.00 reconn/s: 0.00
[ 30s ] thds: 8 tps: 1648.13 qps: 49141.83 (r/w/o: 22640.26/23205.31/3296.26) lat (ms,95%): 9.73 err/s: 0.00 reconn/s: 0.00
[ 32s ] thds: 8 tps: 506.46 qps: 14805.81 (r/w/o: 6783.95/7008.94/1012.92) lat (ms,95%): 41.85 err/s: 0.00 reconn/s: 0.00
[ 34s ] thds: 8 tps: 1644.53 qps: 47889.01 (r/w/o: 22037.46/22562.47/3289.07) lat (ms,95%): 13.46 err/s: 0.00 reconn/s: 0.00
[ 36s ] thds: 8 tps: 2374.48 qps: 68772.86 (r/w/o: 31702.20/32321.70/4748.96) lat (ms,95%): 7.70 err/s: 0.00 reconn/s: 0.00
[ 38s ] thds: 8 tps: 2328.03 qps: 67527.99 (r/w/o: 30991.95/31879.97/4656.07) lat (ms,95%): 7.98 err/s: 0.00 reconn/s: 0.00
[ 40s ] thds: 8 tps: 2308.97 qps: 67200.13 (r/w/o: 30929.10/31653.09/4617.94) lat (ms,95%): 7.98 err/s: 0.00 reconn/s: 0.00
[ 42s ] thds: 8 tps: 2366.50 qps: 68424.89 (r/w/o: 31490.45/32201.45/4732.99) lat (ms,95%): 7.84 err/s: 0.00 reconn/s: 0.00
[ 44s ] thds: 8 tps: 2392.50 qps: 68090.37 (r/w/o: 31325.44/31979.94/4784.99) lat (ms,95%): 7.70 err/s: 0.00 reconn/s: 0.00
[ 46s ] thds: 8 tps: 1266.55 qps: 37015.39 (r/w/o: 17046.96/17435.33/2533.10) lat (ms,95%): 22.28 err/s: 0.00 reconn/s: 0.00
[ 48s ] thds: 8 tps: 616.21 qps: 18139.23 (r/w/o: 8362.87/8543.93/1232.42) lat (ms,95%): 28.16 err/s: 0.00 reconn/s: 0.00
[ 50s ] thds: 8 tps: 681.54 qps: 19760.26 (r/w/o: 9071.58/9325.59/1363.09) lat (ms,95%): 46.63 err/s: 0.00 reconn/s: 0.00
[ 52s ] thds: 8 tps: 2166.36 qps: 63013.98 (r/w/o: 29020.65/29660.61/4332.72) lat (ms,95%): 7.98 err/s: 0.00 reconn/s: 0.00
[ 54s ] thds: 8 tps: 2298.10 qps: 67800.54 (r/w/o: 31208.40/31995.93/4596.21) lat (ms,95%): 7.98 err/s: 0.00 reconn/s: 0.00
[ 56s ] thds: 8 tps: 2403.99 qps: 68457.28 (r/w/o: 31465.40/32183.90/4807.98) lat (ms,95%): 7.43 err/s: 0.00 reconn/s: 0.00
[ 58s ] thds: 8 tps: 2407.00 qps: 68377.89 (r/w/o: 31469.95/32094.45/4813.49) lat (ms,95%): 7.56 err/s: 0.00 reconn/s: 0.00
[ 60s ] thds: 8 tps: 2340.47 qps: 66833.71 (r/w/o: 30764.14/31388.63/4680.94) lat (ms,95%): 7.84 err/s: 0.00 reconn/s: 0.00
[ 62s ] thds: 8 tps: 2027.59 qps: 59443.59 (r/w/o: 27360.19/28027.72/4055.68) lat (ms,95%): 8.28 err/s: 0.00 reconn/s: 0.00
[ 64s ] thds: 8 tps: 440.50 qps: 12571.14 (r/w/o: 5787.06/5903.07/881.01) lat (ms,95%): 44.17 err/s: 0.00 reconn/s: 0.00
[ 66s ] thds: 8 tps: 993.05 qps: 29242.23 (r/w/o: 13487.17/13768.97/1986.09) lat (ms,95%): 20.00 err/s: 0.00 reconn/s: 0.00
[ 68s ] thds: 8 tps: 1799.41 qps: 51334.90 (r/w/o: 23596.37/24139.70/3598.83) lat (ms,95%): 8.90 err/s: 0.00 reconn/s: 0.00
[ 70s ] thds: 8 tps: 335.48 qps: 9776.34 (r/w/o: 4508.20/4597.19/670.95) lat (ms,95%): 45.79 err/s: 0.00 reconn/s: 0.00
[ 72s ] thds: 8 tps: 338.00 qps: 9847.09 (r/w/o: 4527.04/4644.04/676.01) lat (ms,95%): 43.39 err/s: 0.00 reconn/s: 0.00
[ 74s ] thds: 8 tps: 1540.54 qps: 43675.74 (r/w/o: 20038.07/20556.58/3081.09) lat (ms,95%): 23.52 err/s: 0.00 reconn/s: 0.00
[ 76s ] thds: 8 tps: 2191.98 qps: 63615.50 (r/w/o: 29256.27/29975.27/4383.97) lat (ms,95%): 7.98 err/s: 0.00 reconn/s: 0.00
[ 78s ] thds: 8 tps: 2329.51 qps: 67940.77 (r/w/o: 31271.62/32010.12/4659.02) lat (ms,95%): 7.98 err/s: 0.00 reconn/s: 0.00
[ 80s ] thds: 8 tps: 2287.00 qps: 66422.46 (r/w/o: 30532.98/31315.48/4574.00) lat (ms,95%): 7.98 err/s: 0.00 reconn/s: 0.00
[ 82s ] thds: 8 tps: 2370.96 qps: 68936.74 (r/w/o: 31788.42/32406.41/4741.91) lat (ms,95%): 7.84 err/s: 0.00 reconn/s: 0.00
[ 84s ] thds: 8 tps: 2048.61 qps: 58734.29 (r/w/o: 27005.51/27631.55/4097.23) lat (ms,95%): 8.28 err/s: 0.00 reconn/s: 0.00
[ 86s ] thds: 8 tps: 478.49 qps: 13618.24 (r/w/o: 6224.38/6436.88/956.98) lat (ms,95%): 41.85 err/s: 0.00 reconn/s: 0.00
[ 88s ] thds: 8 tps: 1240.98 qps: 35751.52 (r/w/o: 16409.78/16859.78/2481.97) lat (ms,95%): 15.83 err/s: 0.00 reconn/s: 0.00
[ 90s ] thds: 8 tps: 2270.45 qps: 67044.16 (r/w/o: 30876.38/31626.87/4540.91) lat (ms,95%): 8.13 err/s: 0.00 reconn/s: 0.00
[ 92s ] thds: 8 tps: 2370.04 qps: 67480.66 (r/w/o: 30995.03/31745.55/4740.08) lat (ms,95%): 7.84 err/s: 0.00 reconn/s: 0.00
[ 94s ] thds: 8 tps: 2308.45 qps: 67080.18 (r/w/o: 30923.89/31539.38/4616.91) lat (ms,95%): 7.84 err/s: 0.00 reconn/s: 0.00
[ 96s ] thds: 8 tps: 2362.05 qps: 68074.89 (r/w/o: 31340.64/32010.15/4724.10) lat (ms,95%): 7.84 err/s: 0.00 reconn/s: 0.00
[ 98s ] thds: 8 tps: 2349.43 qps: 68065.07 (r/w/o: 31360.61/32005.59/4698.87) lat (ms,95%): 7.84 err/s: 0.00 reconn/s: 0.00
[ 100s ] thds: 8 tps: 1908.37 qps: 54431.46 (r/w/o: 25054.46/25560.26/3816.74) lat (ms,95%): 8.58 err/s: 0.00 reconn/s: 0.00
[ 102s ] thds: 8 tps: 467.12 qps: 13564.47 (r/w/o: 6248.78/6381.46/934.24) lat (ms,95%): 39.65 err/s: 0.00 reconn/s: 0.00
[ 104s ] thds: 8 tps: 1564.59 qps: 44832.97 (r/w/o: 20637.14/21066.66/3129.17) lat (ms,95%): 13.70 err/s: 0.00 reconn/s: 0.00
[ 106s ] thds: 8 tps: 2487.05 qps: 71286.00 (r/w/o: 32806.69/33505.21/4974.10) lat (ms,95%): 7.70 err/s: 0.00 reconn/s: 0.00
[ 108s ] thds: 8 tps: 2445.95 qps: 71085.18 (r/w/o: 32718.89/33474.38/4891.91) lat (ms,95%): 7.70 err/s: 0.00 reconn/s: 0.00
[ 110s ] thds: 8 tps: 2372.02 qps: 69889.58 (r/w/o: 32173.27/32972.27/4744.04) lat (ms,95%): 7.98 err/s: 0.00 reconn/s: 0.00
[ 112s ] thds: 8 tps: 2513.56 qps: 71308.64 (r/w/o: 32877.26/33404.77/5026.62) lat (ms,95%): 7.43 err/s: 0.00 reconn/s: 0.00
[ 114s ] thds: 8 tps: 2426.44 qps: 70683.61 (r/w/o: 32516.13/33314.11/4853.37) lat (ms,95%): 7.84 err/s: 0.00 reconn/s: 0.00
[ 116s ] thds: 8 tps: 2432.97 qps: 71051.76 (r/w/o: 32720.16/33465.65/4865.95) lat (ms,95%): 7.98 err/s: 0.00 reconn/s: 0.00
[ 118s ] thds: 8 tps: 2453.42 qps: 70947.30 (r/w/o: 32655.99/33384.46/4906.85) lat (ms,95%): 7.84 err/s: 0.00 reconn/s: 0.00
[ 120s ] thds: 8 tps: 2373.10 qps: 69704.34 (r/w/o: 32091.31/32866.84/4746.19) lat (ms,95%): 7.98 err/s: 0.00 reconn/s: 0.00
[ 122s ] thds: 8 tps: 2419.00 qps: 70982.54 (r/w/o: 32701.52/33443.02/4838.00) lat (ms,95%): 7.84 err/s: 0.00 reconn/s: 0.00
[ 124s ] thds: 8 tps: 2346.01 qps: 68371.72 (r/w/o: 31526.60/32153.10/4692.02) lat (ms,95%): 7.84 err/s: 0.00 reconn/s: 0.00
[ 126s ] thds: 8 tps: 2437.47 qps: 70637.59 (r/w/o: 32463.08/33299.57/4874.94) lat (ms,95%): 7.98 err/s: 0.00 reconn/s: 0.00
[ 128s ] thds: 8 tps: 2399.51 qps: 70864.74 (r/w/o: 32634.61/33431.11/4799.02) lat (ms,95%): 7.98 err/s: 0.00 reconn/s: 0.00
[ 130s ] thds: 8 tps: 2371.06 qps: 68606.78 (r/w/o: 31546.32/32318.34/4742.12) lat (ms,95%): 7.98 err/s: 0.00 reconn/s: 0.00
[ 132s ] thds: 8 tps: 2436.00 qps: 70247.61 (r/w/o: 32317.05/33058.55/4872.01) lat (ms,95%): 7.70 err/s: 0.00 reconn/s: 0.00
[ 134s ] thds: 8 tps: 2405.99 qps: 70377.19 (r/w/o: 32451.86/33113.35/4811.98) lat (ms,95%): 7.84 err/s: 0.00 reconn/s: 0.00
[ 136s ] thds: 8 tps: 2403.45 qps: 69889.93 (r/w/o: 32165.28/32917.76/4806.89) lat (ms,95%): 7.98 err/s: 0.00 reconn/s: 0.00
[ 138s ] thds: 8 tps: 2414.56 qps: 70691.78 (r/w/o: 32581.32/33281.34/4829.12) lat (ms,95%): 7.84 err/s: 0.00 reconn/s: 0.00
[ 140s ] thds: 8 tps: 2376.45 qps: 69182.58 (r/w/o: 31843.34/32586.33/4752.90) lat (ms,95%): 8.13 err/s: 0.00 reconn/s: 0.00
[ 142s ] thds: 8 tps: 2455.49 qps: 70007.08 (r/w/o: 32223.31/32872.80/4910.97) lat (ms,95%): 7.84 err/s: 0.00 reconn/s: 0.00
[ 144s ] thds: 8 tps: 2385.54 qps: 69950.15 (r/w/o: 32196.03/32983.04/4771.08) lat (ms,95%): 7.98 err/s: 0.00 reconn/s: 0.00
[ 146s ] thds: 8 tps: 2441.95 qps: 70114.19 (r/w/o: 32284.90/32944.88/4884.41) lat (ms,95%): 7.84 err/s: 0.00 reconn/s: 0.00
[ 148s ] thds: 8 tps: 2393.02 qps: 69869.96 (r/w/o: 32155.71/32928.72/4785.53) lat (ms,95%): 7.98 err/s: 0.00 reconn/s: 0.00
[ 150s ] thds: 8 tps: 2361.50 qps: 68753.50 (r/w/o: 31657.50/32373.00/4723.00) lat (ms,95%): 7.98 err/s: 0.00 reconn/s: 0.00
[ 152s ] thds: 8 tps: 2412.04 qps: 69374.17 (r/w/o: 31919.04/32631.05/4824.08) lat (ms,95%): 7.98 err/s: 0.00 reconn/s: 0.00
[ 154s ] thds: 8 tps: 1208.94 qps: 35085.69 (r/w/o: 16136.67/16531.15/2417.88) lat (ms,95%): 14.21 err/s: 0.00 reconn/s: 0.00
[ 156s ] thds: 8 tps: 1226.12 qps: 34522.34 (r/w/o: 15866.54/16203.57/2452.24) lat (ms,95%): 13.95 err/s: 0.00 reconn/s: 0.00
[ 158s ] thds: 8 tps: 1290.95 qps: 36847.10 (r/w/o: 16938.86/17326.34/2581.90) lat (ms,95%): 11.65 err/s: 0.00 reconn/s: 0.00
[ 160s ] thds: 8 tps: 1307.50 qps: 38187.14 (r/w/o: 17562.56/18009.57/2615.01) lat (ms,95%): 11.65 err/s: 0.00 reconn/s: 0.00
[ 162s ] thds: 8 tps: 1270.99 qps: 37403.20 (r/w/o: 17208.86/17652.36/2541.98) lat (ms,95%): 12.08 err/s: 0.00 reconn/s: 0.00
[ 164s ] thds: 8 tps: 1264.16 qps: 37073.75 (r/w/o: 17076.33/17469.10/2528.31) lat (ms,95%): 12.98 err/s: 0.00 reconn/s: 0.00
[ 166s ] thds: 8 tps: 1263.34 qps: 37106.35 (r/w/o: 17075.18/17504.48/2526.69) lat (ms,95%): 13.22 err/s: 0.00 reconn/s: 0.00
[ 168s ] thds: 8 tps: 1311.04 qps: 38393.24 (r/w/o: 17662.07/18109.09/2622.08) lat (ms,95%): 11.87 err/s: 0.00 reconn/s: 0.00
[ 170s ] thds: 8 tps: 1287.96 qps: 38241.34 (r/w/o: 17626.97/18038.45/2575.92) lat (ms,95%): 12.30 err/s: 0.00 reconn/s: 0.00
[ 172s ] thds: 8 tps: 1306.55 qps: 38058.38 (r/w/o: 17512.13/17933.15/2613.09) lat (ms,95%): 11.65 err/s: 0.00 reconn/s: 0.00
[ 174s ] thds: 8 tps: 1247.97 qps: 36074.20 (r/w/o: 16569.63/17008.62/2495.94) lat (ms,95%): 12.30 err/s: 0.00 reconn/s: 0.00
[ 176s ] thds: 8 tps: 1296.54 qps: 37196.62 (r/w/o: 17107.01/17496.53/2593.08) lat (ms,95%): 11.87 err/s: 0.00 reconn/s: 0.00
[ 178s ] thds: 8 tps: 1291.99 qps: 36522.72 (r/w/o: 16828.37/17110.37/2583.98) lat (ms,95%): 11.87 err/s: 0.00 reconn/s: 0.00
[ 180s ] thds: 8 tps: 1346.36 qps: 39691.80 (r/w/o: 18277.57/18721.52/2692.72) lat (ms,95%): 11.65 err/s: 0.00 reconn/s: 0.00
[ 182s ] thds: 8 tps: 1366.62 qps: 39728.11 (r/w/o: 18263.16/18731.70/2733.25) lat (ms,95%): 11.45 err/s: 0.00 reconn/s: 0.00
[ 184s ] thds: 8 tps: 1330.98 qps: 38223.56 (r/w/o: 17631.80/17929.80/2661.97) lat (ms,95%): 11.65 err/s: 0.00 reconn/s: 0.00
[ 186s ] thds: 8 tps: 1246.98 qps: 36133.52 (r/w/o: 16586.78/17052.77/2493.97) lat (ms,95%): 12.98 err/s: 0.00 reconn/s: 0.00
[ 188s ] thds: 8 tps: 1327.54 qps: 38853.61 (r/w/o: 17914.51/18284.02/2655.08) lat (ms,95%): 11.65 err/s: 0.00 reconn/s: 0.00
[ 190s ] thds: 8 tps: 1297.02 qps: 37397.53 (r/w/o: 17170.75/17632.75/2594.04) lat (ms,95%): 12.30 err/s: 0.00 reconn/s: 0.00
[ 192s ] thds: 8 tps: 1233.88 qps: 35261.48 (r/w/o: 16240.88/16552.85/2467.75) lat (ms,95%): 13.46 err/s: 0.00 reconn/s: 0.00
[ 194s ] thds: 8 tps: 1318.09 qps: 38671.02 (r/w/o: 17807.66/18227.19/2636.17) lat (ms,95%): 11.65 err/s: 0.00 reconn/s: 0.00
[ 196s ] thds: 8 tps: 1338.51 qps: 38961.79 (r/w/o: 17938.13/18346.64/2677.02) lat (ms,95%): 11.87 err/s: 0.00 reconn/s: 0.00
[ 198s ] thds: 8 tps: 1301.53 qps: 37391.28 (r/w/o: 17224.86/17563.37/2603.05) lat (ms,95%): 11.87 err/s: 0.00 reconn/s: 0.00
[ 200s ] thds: 8 tps: 1352.00 qps: 39804.06 (r/w/o: 18364.03/18736.03/2704.00) lat (ms,95%): 11.45 err/s: 0.00 reconn/s: 0.00
[ 202s ] thds: 8 tps: 1337.49 qps: 37970.23 (r/w/o: 17465.37/17829.87/2674.98) lat (ms,95%): 11.65 err/s: 0.00 reconn/s: 0.00
[ 204s ] thds: 8 tps: 1306.91 qps: 37907.52 (r/w/o: 17460.36/17833.33/2613.83) lat (ms,95%): 12.30 err/s: 0.00 reconn/s: 0.00
[ 206s ] thds: 8 tps: 1317.58 qps: 37063.72 (r/w/o: 17025.52/17403.04/2635.16) lat (ms,95%): 11.65 err/s: 0.00 reconn/s: 0.00
[ 208s ] thds: 8 tps: 1276.01 qps: 37027.65 (r/w/o: 17062.07/17413.57/2552.01) lat (ms,95%): 12.08 err/s: 0.00 reconn/s: 0.00
[ 210s ] thds: 8 tps: 1311.48 qps: 37280.34 (r/w/o: 17183.69/17474.69/2621.95) lat (ms,95%): 12.08 err/s: 0.00 reconn/s: 0.00
[ 212s ] thds: 8 tps: 1321.05 qps: 37900.87 (r/w/o: 17441.63/17816.14/2643.10) lat (ms,95%): 11.65 err/s: 0.00 reconn/s: 0.00
[ 214s ] thds: 8 tps: 1288.98 qps: 37649.03 (r/w/o: 17359.28/17711.78/2577.97) lat (ms,95%): 12.08 err/s: 0.00 reconn/s: 0.00
[ 216s ] thds: 8 tps: 1313.50 qps: 39747.08 (r/w/o: 18351.04/18769.04/2627.01) lat (ms,95%): 11.65 err/s: 0.00 reconn/s: 0.00
[ 218s ] thds: 8 tps: 1117.51 qps: 32381.87 (r/w/o: 14930.67/15216.18/2235.03) lat (ms,95%): 19.29 err/s: 0.00 reconn/s: 0.00
[ 220s ] thds: 8 tps: 1361.46 qps: 39609.87 (r/w/o: 18280.98/18605.97/2722.92) lat (ms,95%): 11.45 err/s: 0.00 reconn/s: 0.00
[ 222s ] thds: 8 tps: 1371.97 qps: 38932.62 (r/w/o: 17933.59/18255.09/2743.94) lat (ms,95%): 11.65 err/s: 0.00 reconn/s: 0.00
[ 224s ] thds: 8 tps: 1312.45 qps: 39060.54 (r/w/o: 18043.33/18392.31/2624.90) lat (ms,95%): 11.65 err/s: 0.00 reconn/s: 0.00
[ 226s ] thds: 8 tps: 1300.12 qps: 37620.91 (r/w/o: 17316.07/17704.61/2600.24) lat (ms,95%): 12.52 err/s: 0.00 reconn/s: 0.00
[ 228s ] thds: 8 tps: 1303.87 qps: 37650.15 (r/w/o: 17267.73/17774.68/2607.73) lat (ms,95%): 11.65 err/s: 0.00 reconn/s: 0.00
[ 230s ] thds: 8 tps: 1288.53 qps: 37566.94 (r/w/o: 17278.93/17710.94/2577.06) lat (ms,95%): 11.87 err/s: 0.00 reconn/s: 0.00
[ 232s ] thds: 8 tps: 1333.54 qps: 38015.25 (r/w/o: 17499.58/17848.59/2667.09) lat (ms,95%): 11.65 err/s: 0.00 reconn/s: 0.00
[ 234s ] thds: 8 tps: 1364.50 qps: 39689.61 (r/w/o: 18302.05/18658.55/2729.01) lat (ms,95%): 11.45 err/s: 0.00 reconn/s: 0.00
[ 236s ] thds: 8 tps: 1385.50 qps: 40223.14 (r/w/o: 18528.56/18923.56/2771.01) lat (ms,95%): 11.45 err/s: 0.00 reconn/s: 0.00
[ 238s ] thds: 8 tps: 1327.88 qps: 38295.61 (r/w/o: 17657.94/17981.91/2655.77) lat (ms,95%): 11.87 err/s: 0.00 reconn/s: 0.00
[ 240s ] thds: 8 tps: 1285.10 qps: 37211.45 (r/w/o: 17089.35/17551.89/2570.20) lat (ms,95%): 12.30 err/s: 0.00 reconn/s: 0.00
[ 242s ] thds: 8 tps: 1334.54 qps: 38396.57 (r/w/o: 17671.99/18055.50/2669.07) lat (ms,95%): 11.65 err/s: 0.00 reconn/s: 0.00
[ 244s ] thds: 8 tps: 1211.48 qps: 34666.33 (r/w/o: 15921.69/16321.68/2422.95) lat (ms,95%): 14.21 err/s: 0.00 reconn/s: 0.00
[ 246s ] thds: 8 tps: 1325.00 qps: 38212.03 (r/w/o: 17596.51/17965.51/2650.00) lat (ms,95%): 11.87 err/s: 0.00 reconn/s: 0.00
[ 248s ] thds: 8 tps: 1326.49 qps: 37901.09 (r/w/o: 17457.81/17790.31/2652.97) lat (ms,95%): 11.45 err/s: 0.00 reconn/s: 0.00
[ 250s ] thds: 8 tps: 1375.49 qps: 39092.77 (r/w/o: 17965.39/18376.39/2750.98) lat (ms,95%): 11.04 err/s: 0.00 reconn/s: 0.00
[ 252s ] thds: 8 tps: 1282.97 qps: 37859.19 (r/w/o: 17414.63/17878.62/2565.94) lat (ms,95%): 12.08 err/s: 0.00 reconn/s: 0.00
[ 254s ] thds: 8 tps: 1278.07 qps: 37168.12 (r/w/o: 17135.48/17476.50/2556.15) lat (ms,95%): 12.08 err/s: 0.00 reconn/s: 0.00
[ 256s ] thds: 8 tps: 1279.46 qps: 37422.89 (r/w/o: 17241.49/17622.48/2558.92) lat (ms,95%): 12.08 err/s: 0.00 reconn/s: 0.00
[ 258s ] thds: 8 tps: 1317.45 qps: 38186.09 (r/w/o: 17561.85/17989.34/2634.90) lat (ms,95%): 11.65 err/s: 0.00 reconn/s: 0.00
[ 260s ] thds: 8 tps: 1283.58 qps: 37529.92 (r/w/o: 17249.11/17713.64/2567.17) lat (ms,95%): 12.30 err/s: 0.00 reconn/s: 0.00
[ 262s ] thds: 8 tps: 1328.94 qps: 37756.27 (r/w/o: 17334.70/17763.68/2657.88) lat (ms,95%): 11.65 err/s: 0.00 reconn/s: 0.00
[ 264s ] thds: 8 tps: 1345.89 qps: 38519.99 (r/w/o: 17701.62/18126.58/2691.79) lat (ms,95%): 11.65 err/s: 0.00 reconn/s: 0.00
[ 266s ] thds: 8 tps: 1274.80 qps: 37096.51 (r/w/o: 17096.19/17450.72/2549.60) lat (ms,95%): 12.30 err/s: 0.00 reconn/s: 0.00
[ 268s ] thds: 8 tps: 1322.43 qps: 38304.02 (r/w/o: 17614.76/18044.39/2644.87) lat (ms,95%): 11.65 err/s: 0.00 reconn/s: 0.00
[ 270s ] thds: 8 tps: 1141.85 qps: 33329.99 (r/w/o: 15356.92/15689.38/2283.69) lat (ms,95%): 17.32 err/s: 0.00 reconn/s: 0.00
[ 272s ] thds: 8 tps: 1219.67 qps: 35189.35 (r/w/o: 16204.23/16545.78/2439.34) lat (ms,95%): 13.46 err/s: 0.00 reconn/s: 0.00
[ 274s ] thds: 8 tps: 1245.38 qps: 36595.53 (r/w/o: 16802.91/17301.86/2490.76) lat (ms,95%): 12.30 err/s: 0.00 reconn/s: 0.00
[ 276s ] thds: 8 tps: 1300.54 qps: 37676.07 (r/w/o: 17310.49/17764.50/2601.07) lat (ms,95%): 12.30 err/s: 0.00 reconn/s: 0.00
[ 278s ] thds: 8 tps: 1349.49 qps: 39654.28 (r/w/o: 18311.40/18643.90/2698.99) lat (ms,95%): 11.45 err/s: 0.00 reconn/s: 0.00
[ 280s ] thds: 8 tps: 1319.56 qps: 39072.86 (r/w/o: 17997.36/18436.38/2639.13) lat (ms,95%): 11.87 err/s: 0.00 reconn/s: 0.00
[ 282s ] thds: 8 tps: 1286.50 qps: 37809.07 (r/w/o: 17389.53/17846.53/2573.00) lat (ms,95%): 12.08 err/s: 0.00 reconn/s: 0.00
[ 284s ] thds: 8 tps: 1354.95 qps: 38880.05 (r/w/o: 17906.33/18263.82/2709.90) lat (ms,95%): 11.45 err/s: 0.00 reconn/s: 0.00
[ 286s ] thds: 8 tps: 1298.58 qps: 38123.73 (r/w/o: 17561.03/17965.55/2597.15) lat (ms,95%): 11.45 err/s: 0.00 reconn/s: 0.00
[ 288s ] thds: 8 tps: 1320.42 qps: 38384.78 (r/w/o: 17659.48/18084.46/2640.85) lat (ms,95%): 11.65 err/s: 0.00 reconn/s: 0.00
[ 290s ] thds: 8 tps: 1292.58 qps: 38394.91 (r/w/o: 17710.11/18099.63/2585.16) lat (ms,95%): 12.30 err/s: 0.00 reconn/s: 0.00
[ 292s ] thds: 8 tps: 1357.95 qps: 39239.98 (r/w/o: 18030.80/18493.29/2715.90) lat (ms,95%): 11.45 err/s: 0.00 reconn/s: 0.00
[ 294s ] thds: 8 tps: 1326.55 qps: 38294.89 (r/w/o: 17620.64/18021.15/2653.10) lat (ms,95%): 11.45 err/s: 0.00 reconn/s: 0.00
[ 296s ] thds: 8 tps: 1341.99 qps: 39101.22 (r/w/o: 18001.37/18415.87/2683.98) lat (ms,95%): 11.45 err/s: 0.00 reconn/s: 0.00
[ 298s ] thds: 8 tps: 1218.00 qps: 35314.12 (r/w/o: 16278.56/16599.56/2436.01) lat (ms,95%): 15.00 err/s: 0.00 reconn/s: 0.00
[ 300s ] thds: 8 tps: 1228.49 qps: 35368.72 (r/w/o: 16272.87/16638.87/2456.98) lat (ms,95%): 11.87 err/s: 0.00 reconn/s: 0.00
SQL statistics:
    queries performed:
        read:                            6625848
        write:                           6776515
        other:                           992702
        total:                           14395065
    transactions:                        496343 (1654.41 per sec.)
    queries:                             14395065 (47981.58 per sec.)
    ignored errors:                      0      (0.00 per sec.)
    reconnects:                          0      (0.00 per sec.)

Throughput:
    events/s (eps):                      1654.4088
    time elapsed:                        300.0123s
    total number of events:              496343

Latency (ms):
         min:                                    0.27
         avg:                                    4.83
         max:                                  159.08
         95th percentile:                       11.04
         sum:                              2399332.32

Threads fairness:
    events (avg/stddev):           62042.8750/160.26
    execution time (avg/stddev):   299.9165/0.00

sysbench 1.1.0 (using bundled LuaJIT 2.1.0-beta3)

Running the test with following options:
Number of threads: 16
Report intermediate results every 2 second(s)
Initializing random number generator from current time


Initializing worker threads...

** Using FOR UPDATE : 1
** FORCE_PRIMARY : 0
** FORCE_NULL : 0
=> Using SESSION ops: 
Threads started!

[ 2s ] thds: 16 tps: 788.58 qps: 22478.65 (r/w/o: 10323.81/10553.75/1601.09) lat (ms,95%): 71.83 err/s: 0.00 reconn/s: 0.00
[ 4s ] thds: 16 tps: 660.06 qps: 18305.13 (r/w/o: 8405.75/8579.26/1320.12) lat (ms,95%): 77.19 err/s: 0.00 reconn/s: 0.00
[ 6s ] thds: 16 tps: 432.47 qps: 12129.19 (r/w/o: 5583.57/5680.68/864.94) lat (ms,95%): 90.78 err/s: 0.00 reconn/s: 0.00
[ 8s ] thds: 16 tps: 417.72 qps: 11920.63 (r/w/o: 5486.21/5599.00/835.43) lat (ms,95%): 89.16 err/s: 0.00 reconn/s: 0.00
[ 10s ] thds: 16 tps: 775.65 qps: 21828.89 (r/w/o: 10020.87/10256.72/1551.30) lat (ms,95%): 73.13 err/s: 0.00 reconn/s: 0.00
[ 12s ] thds: 16 tps: 516.13 qps: 15237.55 (r/w/o: 6991.51/7213.78/1032.26) lat (ms,95%): 82.96 err/s: 0.00 reconn/s: 0.00
[ 14s ] thds: 16 tps: 487.42 qps: 13870.48 (r/w/o: 6378.90/6517.24/974.34) lat (ms,95%): 84.47 err/s: 0.00 reconn/s: 0.00
[ 16s ] thds: 16 tps: 393.21 qps: 11178.67 (r/w/o: 5157.70/5234.04/786.93) lat (ms,95%): 97.55 err/s: 0.00 reconn/s: 0.00
[ 18s ] thds: 16 tps: 396.03 qps: 11835.72 (r/w/o: 5451.74/5591.93/792.05) lat (ms,95%): 97.55 err/s: 0.00 reconn/s: 0.00
[ 20s ] thds: 16 tps: 659.53 qps: 19573.77 (r/w/o: 9032.85/9221.86/1319.05) lat (ms,95%): 75.82 err/s: 0.00 reconn/s: 0.00
[ 22s ] thds: 16 tps: 479.50 qps: 14336.57 (r/w/o: 6625.03/6752.53/959.00) lat (ms,95%): 84.47 err/s: 0.00 reconn/s: 0.00
[ 24s ] thds: 16 tps: 779.70 qps: 22374.76 (r/w/o: 10277.98/10537.38/1559.39) lat (ms,95%): 74.46 err/s: 0.00 reconn/s: 0.00
[ 26s ] thds: 16 tps: 408.10 qps: 11741.39 (r/w/o: 5402.00/5523.18/816.21) lat (ms,95%): 97.55 err/s: 0.00 reconn/s: 0.00
[ 28s ] thds: 16 tps: 423.33 qps: 12431.73 (r/w/o: 5718.67/5866.41/846.66) lat (ms,95%): 95.81 err/s: 0.00 reconn/s: 0.00
[ 30s ] thds: 16 tps: 435.57 qps: 12448.07 (r/w/o: 5723.66/5853.28/871.13) lat (ms,95%): 97.55 err/s: 0.00 reconn/s: 0.00
[ 32s ] thds: 16 tps: 455.24 qps: 13222.90 (r/w/o: 6085.16/6227.26/910.48) lat (ms,95%): 90.78 err/s: 0.00 reconn/s: 0.00
[ 34s ] thds: 16 tps: 432.51 qps: 12406.89 (r/w/o: 5710.80/5831.08/865.01) lat (ms,95%): 92.42 err/s: 0.00 reconn/s: 0.00
[ 36s ] thds: 16 tps: 398.22 qps: 11820.73 (r/w/o: 5407.85/5616.44/796.43) lat (ms,95%): 104.84 err/s: 0.00 reconn/s: 0.00
[ 38s ] thds: 16 tps: 447.46 qps: 12945.71 (r/w/o: 5979.40/6071.39/894.91) lat (ms,95%): 89.16 err/s: 0.00 reconn/s: 0.00
[ 40s ] thds: 16 tps: 449.63 qps: 12823.60 (r/w/o: 5899.83/6024.51/899.27) lat (ms,95%): 89.16 err/s: 0.00 reconn/s: 0.00
[ 42s ] thds: 16 tps: 435.22 qps: 12740.13 (r/w/o: 5853.00/6016.70/870.44) lat (ms,95%): 94.10 err/s: 0.00 reconn/s: 0.00
[ 44s ] thds: 16 tps: 438.62 qps: 12479.03 (r/w/o: 5742.63/5859.16/877.25) lat (ms,95%): 90.78 err/s: 0.00 reconn/s: 0.00
[ 46s ] thds: 16 tps: 418.37 qps: 11930.58 (r/w/o: 5505.53/5588.30/836.74) lat (ms,95%): 94.10 err/s: 0.00 reconn/s: 0.00
[ 48s ] thds: 16 tps: 444.79 qps: 12731.29 (r/w/o: 5868.00/5974.21/889.08) lat (ms,95%): 89.16 err/s: 0.00 reconn/s: 0.00
[ 50s ] thds: 16 tps: 997.15 qps: 28511.95 (r/w/o: 13120.39/13396.77/1994.79) lat (ms,95%): 68.05 err/s: 0.00 reconn/s: 0.00
[ 52s ] thds: 16 tps: 3084.42 qps: 89363.13 (r/w/o: 41174.91/42019.89/6168.34) lat (ms,95%): 12.30 err/s: 0.00 reconn/s: 0.00
[ 54s ] thds: 16 tps: 2944.53 qps: 84901.83 (r/w/o: 39055.88/39956.39/5889.56) lat (ms,95%): 13.22 err/s: 0.00 reconn/s: 0.00
[ 56s ] thds: 16 tps: 2953.61 qps: 86057.21 (r/w/o: 39629.98/40520.01/5907.22) lat (ms,95%): 13.22 err/s: 0.00 reconn/s: 0.00
[ 58s ] thds: 16 tps: 2650.23 qps: 77727.70 (r/w/o: 35800.41/36626.82/5300.47) lat (ms,95%): 15.00 err/s: 0.00 reconn/s: 0.00
[ 60s ] thds: 16 tps: 2974.59 qps: 86280.00 (r/w/o: 39661.15/40669.68/5949.17) lat (ms,95%): 13.22 err/s: 0.00 reconn/s: 0.00
[ 62s ] thds: 16 tps: 2903.55 qps: 85203.06 (r/w/o: 39205.72/40190.24/5807.11) lat (ms,95%): 13.22 err/s: 0.00 reconn/s: 0.00
[ 64s ] thds: 16 tps: 2960.93 qps: 84334.14 (r/w/o: 38763.65/39648.63/5921.87) lat (ms,95%): 12.98 err/s: 0.00 reconn/s: 0.00
[ 66s ] thds: 16 tps: 2917.00 qps: 86068.40 (r/w/o: 39631.45/40602.95/5833.99) lat (ms,95%): 13.22 err/s: 0.00 reconn/s: 0.00
[ 68s ] thds: 16 tps: 2938.11 qps: 85961.29 (r/w/o: 39610.52/40474.55/5876.22) lat (ms,95%): 12.98 err/s: 0.00 reconn/s: 0.00
[ 70s ] thds: 16 tps: 2975.31 qps: 86352.04 (r/w/o: 39750.49/40650.93/5950.62) lat (ms,95%): 13.22 err/s: 0.00 reconn/s: 0.00
[ 72s ] thds: 16 tps: 2964.23 qps: 85278.20 (r/w/o: 39230.58/40119.15/5928.47) lat (ms,95%): 12.98 err/s: 0.00 reconn/s: 0.00
[ 74s ] thds: 16 tps: 2898.94 qps: 84067.31 (r/w/o: 38719.72/39549.71/5797.88) lat (ms,95%): 13.22 err/s: 0.00 reconn/s: 0.00
[ 76s ] thds: 16 tps: 2924.47 qps: 86142.17 (r/w/o: 39733.62/40560.11/5848.44) lat (ms,95%): 12.98 err/s: 0.00 reconn/s: 0.00
[ 78s ] thds: 16 tps: 2907.46 qps: 84624.85 (r/w/o: 38985.47/39823.96/5815.42) lat (ms,95%): 13.22 err/s: 0.00 reconn/s: 0.00
[ 80s ] thds: 16 tps: 2911.97 qps: 85868.71 (r/w/o: 39579.64/40465.13/5823.95) lat (ms,95%): 12.98 err/s: 0.00 reconn/s: 0.00
[ 82s ] thds: 16 tps: 2887.60 qps: 84372.79 (r/w/o: 38828.28/39769.32/5775.19) lat (ms,95%): 13.46 err/s: 0.00 reconn/s: 0.00
[ 84s ] thds: 16 tps: 2886.99 qps: 83649.79 (r/w/o: 38516.40/39359.40/5773.99) lat (ms,95%): 13.46 err/s: 0.00 reconn/s: 0.00
[ 86s ] thds: 16 tps: 2983.57 qps: 85163.09 (r/w/o: 39194.96/40000.98/5967.15) lat (ms,95%): 12.98 err/s: 0.00 reconn/s: 0.00
[ 88s ] thds: 16 tps: 2935.44 qps: 85231.11 (r/w/o: 39237.63/40122.61/5870.87) lat (ms,95%): 13.46 err/s: 0.00 reconn/s: 0.00
[ 90s ] thds: 16 tps: 2928.87 qps: 84981.18 (r/w/o: 39169.74/39953.70/5857.74) lat (ms,95%): 13.22 err/s: 0.00 reconn/s: 0.00
[ 92s ] thds: 16 tps: 2916.60 qps: 84275.91 (r/w/o: 38776.34/39666.87/5832.70) lat (ms,95%): 13.22 err/s: 0.00 reconn/s: 0.00
[ 94s ] thds: 16 tps: 2871.08 qps: 82227.29 (r/w/o: 37874.55/38610.08/5742.66) lat (ms,95%): 13.46 err/s: 0.00 reconn/s: 0.00
[ 96s ] thds: 16 tps: 2069.01 qps: 59978.42 (r/w/o: 27595.69/28244.70/4138.03) lat (ms,95%): 15.83 err/s: 0.00 reconn/s: 0.00
[ 98s ] thds: 16 tps: 1008.26 qps: 28512.79 (r/w/o: 13089.41/13406.86/2016.52) lat (ms,95%): 58.92 err/s: 0.00 reconn/s: 0.00
[ 100s ] thds: 16 tps: 456.17 qps: 12467.61 (r/w/o: 5742.12/5813.15/912.34) lat (ms,95%): 86.00 err/s: 0.00 reconn/s: 0.00
[ 102s ] thds: 16 tps: 613.36 qps: 18675.59 (r/w/o: 8619.54/8829.84/1226.21) lat (ms,95%): 81.48 err/s: 0.00 reconn/s: 0.00
[ 104s ] thds: 16 tps: 1099.28 qps: 31100.56 (r/w/o: 14282.17/14619.33/2199.06) lat (ms,95%): 54.83 err/s: 0.00 reconn/s: 0.00
[ 106s ] thds: 16 tps: 512.11 qps: 15603.40 (r/w/o: 7203.57/7375.61/1024.22) lat (ms,95%): 92.42 err/s: 0.00 reconn/s: 0.00
[ 108s ] thds: 16 tps: 509.16 qps: 15343.43 (r/w/o: 7085.78/7239.33/1018.33) lat (ms,95%): 84.47 err/s: 0.00 reconn/s: 0.00
[ 110s ] thds: 16 tps: 410.27 qps: 12534.01 (r/w/o: 5806.89/5906.58/820.54) lat (ms,95%): 90.78 err/s: 0.00 reconn/s: 0.00
[ 112s ] thds: 16 tps: 833.42 qps: 24524.96 (r/w/o: 11267.12/11591.00/1666.84) lat (ms,95%): 69.29 err/s: 0.00 reconn/s: 0.00
[ 114s ] thds: 16 tps: 432.83 qps: 12486.38 (r/w/o: 5731.81/5889.42/865.15) lat (ms,95%): 94.10 err/s: 0.00 reconn/s: 0.00
[ 116s ] thds: 16 tps: 400.14 qps: 11394.82 (r/w/o: 5243.82/5349.72/801.28) lat (ms,95%): 95.81 err/s: 0.00 reconn/s: 0.00
[ 118s ] thds: 16 tps: 481.35 qps: 14078.62 (r/w/o: 6499.78/6616.63/962.21) lat (ms,95%): 81.48 err/s: 0.00 reconn/s: 0.00
[ 120s ] thds: 16 tps: 518.80 qps: 15049.30 (r/w/o: 6891.67/7120.02/1037.61) lat (ms,95%): 82.96 err/s: 0.00 reconn/s: 0.00
[ 122s ] thds: 16 tps: 552.18 qps: 16211.73 (r/w/o: 7456.90/7650.97/1103.86) lat (ms,95%): 84.47 err/s: 0.00 reconn/s: 0.00
[ 124s ] thds: 16 tps: 397.50 qps: 11323.56 (r/w/o: 5197.94/5330.11/795.50) lat (ms,95%): 99.33 err/s: 0.00 reconn/s: 0.00
[ 126s ] thds: 16 tps: 386.97 qps: 11095.67 (r/w/o: 5093.86/5227.87/773.94) lat (ms,95%): 102.97 err/s: 0.00 reconn/s: 0.00
[ 128s ] thds: 16 tps: 500.08 qps: 14648.97 (r/w/o: 6733.08/6915.74/1000.15) lat (ms,95%): 87.56 err/s: 0.00 reconn/s: 0.00
[ 130s ] thds: 16 tps: 718.76 qps: 21208.25 (r/w/o: 9752.56/10018.66/1437.03) lat (ms,95%): 71.83 err/s: 0.00 reconn/s: 0.00
[ 132s ] thds: 16 tps: 484.50 qps: 13935.55 (r/w/o: 6435.02/6531.02/969.50) lat (ms,95%): 86.00 err/s: 0.00 reconn/s: 0.00
[ 134s ] thds: 16 tps: 447.61 qps: 13798.71 (r/w/o: 6368.75/6534.74/895.22) lat (ms,95%): 87.56 err/s: 0.00 reconn/s: 0.00
[ 136s ] thds: 16 tps: 385.87 qps: 10929.89 (r/w/o: 5019.79/5138.36/771.73) lat (ms,95%): 102.97 err/s: 0.00 reconn/s: 0.00
[ 138s ] thds: 16 tps: 656.64 qps: 18219.40 (r/w/o: 8360.25/8545.86/1313.29) lat (ms,95%): 77.19 err/s: 0.00 reconn/s: 0.00
[ 140s ] thds: 16 tps: 795.12 qps: 23093.59 (r/w/o: 10646.21/10857.14/1590.24) lat (ms,95%): 71.83 err/s: 0.00 reconn/s: 0.00
[ 142s ] thds: 16 tps: 672.24 qps: 20197.54 (r/w/o: 9287.54/9565.52/1344.47) lat (ms,95%): 71.83 err/s: 0.00 reconn/s: 0.00
[ 144s ] thds: 16 tps: 391.54 qps: 11828.91 (r/w/o: 5461.07/5584.77/783.07) lat (ms,95%): 99.33 err/s: 0.00 reconn/s: 0.00
[ 146s ] thds: 16 tps: 380.44 qps: 11150.10 (r/w/o: 5138.22/5251.50/760.38) lat (ms,95%): 97.55 err/s: 0.00 reconn/s: 0.00
[ 148s ] thds: 16 tps: 602.31 qps: 17454.96 (r/w/o: 8052.94/8196.90/1205.12) lat (ms,95%): 84.47 err/s: 0.00 reconn/s: 0.00
[ 150s ] thds: 16 tps: 549.17 qps: 16471.60 (r/w/o: 7583.85/7789.41/1098.34) lat (ms,95%): 81.48 err/s: 0.00 reconn/s: 0.00
[ 152s ] thds: 16 tps: 917.17 qps: 26618.50 (r/w/o: 12228.28/12555.88/1834.34) lat (ms,95%): 61.08 err/s: 0.00 reconn/s: 0.00
[ 154s ] thds: 16 tps: 610.36 qps: 18116.20 (r/w/o: 8373.88/8521.60/1220.72) lat (ms,95%): 81.48 err/s: 0.00 reconn/s: 0.00
[ 156s ] thds: 16 tps: 398.17 qps: 11536.07 (r/w/o: 5334.93/5405.29/795.85) lat (ms,95%): 95.81 err/s: 0.00 reconn/s: 0.00
[ 158s ] thds: 16 tps: 410.59 qps: 11463.02 (r/w/o: 5280.56/5361.27/821.19) lat (ms,95%): 94.10 err/s: 0.00 reconn/s: 0.00
[ 160s ] thds: 16 tps: 475.42 qps: 13789.27 (r/w/o: 6333.64/6504.29/951.35) lat (ms,95%): 86.00 err/s: 0.00 reconn/s: 0.00
[ 162s ] thds: 16 tps: 517.71 qps: 14807.03 (r/w/o: 6787.20/6984.40/1035.43) lat (ms,95%): 84.47 err/s: 0.00 reconn/s: 0.00
[ 164s ] thds: 16 tps: 738.90 qps: 21061.98 (r/w/o: 9682.28/9901.90/1477.81) lat (ms,95%): 77.19 err/s: 0.00 reconn/s: 0.00
[ 166s ] thds: 16 tps: 391.40 qps: 11575.97 (r/w/o: 5343.60/5449.57/782.80) lat (ms,95%): 94.10 err/s: 0.00 reconn/s: 0.00
[ 168s ] thds: 16 tps: 681.39 qps: 19551.83 (r/w/o: 9016.54/9172.51/1362.78) lat (ms,95%): 77.19 err/s: 0.00 reconn/s: 0.00
[ 170s ] thds: 16 tps: 409.17 qps: 12184.90 (r/w/o: 5600.19/5766.36/818.35) lat (ms,95%): 95.81 err/s: 0.00 reconn/s: 0.00
[ 172s ] thds: 16 tps: 659.60 qps: 18664.53 (r/w/o: 8588.90/8756.93/1318.71) lat (ms,95%): 77.19 err/s: 0.00 reconn/s: 0.00
[ 174s ] thds: 16 tps: 411.98 qps: 11753.07 (r/w/o: 5419.62/5509.00/824.45) lat (ms,95%): 90.78 err/s: 0.00 reconn/s: 0.00
[ 176s ] thds: 16 tps: 560.82 qps: 17357.98 (r/w/o: 8033.29/8203.04/1121.65) lat (ms,95%): 94.10 err/s: 0.00 reconn/s: 0.00
[ 178s ] thds: 16 tps: 513.03 qps: 14245.08 (r/w/o: 6542.21/6676.82/1026.05) lat (ms,95%): 81.48 err/s: 0.00 reconn/s: 0.00
[ 180s ] thds: 16 tps: 393.24 qps: 11480.59 (r/w/o: 5271.41/5423.20/785.98) lat (ms,95%): 95.81 err/s: 0.00 reconn/s: 0.00
[ 182s ] thds: 16 tps: 660.49 qps: 19242.77 (r/w/o: 8845.06/9076.23/1321.48) lat (ms,95%): 78.60 err/s: 0.00 reconn/s: 0.00
[ 184s ] thds: 16 tps: 518.27 qps: 14909.23 (r/w/o: 6879.07/6994.13/1036.04) lat (ms,95%): 80.03 err/s: 0.00 reconn/s: 0.00
[ 186s ] thds: 16 tps: 379.09 qps: 11203.96 (r/w/o: 5180.00/5265.29/758.67) lat (ms,95%): 99.33 err/s: 0.00 reconn/s: 0.00
[ 188s ] thds: 16 tps: 534.44 qps: 15033.81 (r/w/o: 6885.73/7079.21/1068.88) lat (ms,95%): 81.48 err/s: 0.00 reconn/s: 0.00
[ 190s ] thds: 16 tps: 374.20 qps: 10844.41 (r/w/o: 4997.91/5098.09/748.41) lat (ms,95%): 110.66 err/s: 0.00 reconn/s: 0.00
[ 192s ] thds: 16 tps: 573.04 qps: 16413.37 (r/w/o: 7542.30/7724.99/1146.07) lat (ms,95%): 84.47 err/s: 0.00 reconn/s: 0.00
[ 194s ] thds: 16 tps: 455.35 qps: 13365.73 (r/w/o: 6145.97/6308.56/911.20) lat (ms,95%): 87.56 err/s: 0.00 reconn/s: 0.00
[ 196s ] thds: 16 tps: 372.84 qps: 11296.46 (r/w/o: 5202.64/5348.66/745.17) lat (ms,95%): 102.97 err/s: 0.00 reconn/s: 0.00
[ 198s ] thds: 16 tps: 627.27 qps: 18251.78 (r/w/o: 8390.91/8606.83/1254.04) lat (ms,95%): 77.19 err/s: 0.00 reconn/s: 0.00
[ 200s ] thds: 16 tps: 427.72 qps: 12779.60 (r/w/o: 5890.04/6033.61/855.94) lat (ms,95%): 89.16 err/s: 0.00 reconn/s: 0.00
[ 202s ] thds: 16 tps: 389.66 qps: 11758.24 (r/w/o: 5421.27/5557.65/779.32) lat (ms,95%): 95.81 err/s: 0.00 reconn/s: 0.00
[ 204s ] thds: 16 tps: 704.09 qps: 20323.30 (r/w/o: 9361.10/9554.03/1408.17) lat (ms,95%): 75.82 err/s: 0.00 reconn/s: 0.00
[ 206s ] thds: 16 tps: 2127.94 qps: 60328.21 (r/w/o: 27750.68/28321.66/4255.87) lat (ms,95%): 15.83 err/s: 0.00 reconn/s: 0.00
[ 208s ] thds: 16 tps: 2110.45 qps: 60792.17 (r/w/o: 27949.89/28621.38/4220.91) lat (ms,95%): 15.83 err/s: 0.00 reconn/s: 0.00
[ 210s ] thds: 16 tps: 1974.03 qps: 58109.51 (r/w/o: 26824.97/27336.48/3948.07) lat (ms,95%): 19.65 err/s: 0.00 reconn/s: 0.00
[ 212s ] thds: 16 tps: 2125.46 qps: 61284.40 (r/w/o: 28210.00/28823.48/4250.92) lat (ms,95%): 15.83 err/s: 0.00 reconn/s: 0.00
[ 214s ] thds: 16 tps: 2004.53 qps: 59678.01 (r/w/o: 27488.97/28179.98/4009.07) lat (ms,95%): 16.41 err/s: 0.00 reconn/s: 0.00
[ 216s ] thds: 16 tps: 2102.95 qps: 62464.56 (r/w/o: 28759.34/29499.32/4205.90) lat (ms,95%): 15.27 err/s: 0.00 reconn/s: 0.00
[ 218s ] thds: 16 tps: 2073.04 qps: 59770.04 (r/w/o: 27503.48/28120.49/4146.07) lat (ms,95%): 15.83 err/s: 0.00 reconn/s: 0.00
[ 220s ] thds: 16 tps: 2044.49 qps: 58951.25 (r/w/o: 27144.38/27717.88/4088.98) lat (ms,95%): 16.71 err/s: 0.00 reconn/s: 0.00
[ 222s ] thds: 16 tps: 2111.55 qps: 61815.09 (r/w/o: 28514.73/29077.25/4223.11) lat (ms,95%): 15.27 err/s: 0.00 reconn/s: 0.00
[ 224s ] thds: 16 tps: 2035.90 qps: 59658.49 (r/w/o: 27416.62/28170.08/4071.79) lat (ms,95%): 16.41 err/s: 0.00 reconn/s: 0.00
[ 226s ] thds: 16 tps: 2048.98 qps: 59459.48 (r/w/o: 27394.76/27967.25/4097.46) lat (ms,95%): 16.12 err/s: 0.00 reconn/s: 0.00
[ 228s ] thds: 16 tps: 1817.07 qps: 53298.59 (r/w/o: 24539.96/25123.98/3634.64) lat (ms,95%): 18.61 err/s: 0.00 reconn/s: 0.00
[ 230s ] thds: 16 tps: 2027.55 qps: 58383.31 (r/w/o: 26868.10/27460.12/4055.09) lat (ms,95%): 16.71 err/s: 0.00 reconn/s: 0.00
[ 232s ] thds: 16 tps: 1799.00 qps: 51565.94 (r/w/o: 23691.97/24275.97/3598.00) lat (ms,95%): 19.65 err/s: 0.00 reconn/s: 0.00
[ 234s ] thds: 16 tps: 1966.43 qps: 57534.52 (r/w/o: 26539.09/27062.57/3932.86) lat (ms,95%): 17.63 err/s: 0.00 reconn/s: 0.00
[ 236s ] thds: 16 tps: 2083.50 qps: 60242.93 (r/w/o: 27701.47/28374.47/4167.00) lat (ms,95%): 15.83 err/s: 0.00 reconn/s: 0.00
[ 238s ] thds: 16 tps: 2056.99 qps: 60567.83 (r/w/o: 27908.92/28544.92/4113.99) lat (ms,95%): 15.83 err/s: 0.00 reconn/s: 0.00
[ 240s ] thds: 16 tps: 2032.42 qps: 58851.62 (r/w/o: 27119.40/27667.38/4064.84) lat (ms,95%): 16.41 err/s: 0.00 reconn/s: 0.00
[ 242s ] thds: 16 tps: 2080.62 qps: 59593.95 (r/w/o: 27462.09/27970.62/4161.24) lat (ms,95%): 15.55 err/s: 0.00 reconn/s: 0.00
[ 244s ] thds: 16 tps: 2024.02 qps: 59628.57 (r/w/o: 27452.76/28127.77/4048.04) lat (ms,95%): 15.83 err/s: 0.00 reconn/s: 0.00
[ 246s ] thds: 16 tps: 2047.99 qps: 59624.30 (r/w/o: 27496.91/28031.40/4095.99) lat (ms,95%): 16.12 err/s: 0.00 reconn/s: 0.00
[ 248s ] thds: 16 tps: 2038.00 qps: 60154.87 (r/w/o: 27707.94/28370.94/4075.99) lat (ms,95%): 16.12 err/s: 0.00 reconn/s: 0.00
[ 250s ] thds: 16 tps: 2089.95 qps: 60247.12 (r/w/o: 27736.86/28330.35/4179.90) lat (ms,95%): 15.27 err/s: 0.00 reconn/s: 0.00
[ 252s ] thds: 16 tps: 2064.50 qps: 59230.04 (r/w/o: 27307.52/27793.52/4129.00) lat (ms,95%): 15.83 err/s: 0.00 reconn/s: 0.00
[ 254s ] thds: 16 tps: 2018.03 qps: 60754.03 (r/w/o: 28044.97/28672.98/4036.07) lat (ms,95%): 16.12 err/s: 0.00 reconn/s: 0.00
[ 256s ] thds: 16 tps: 2003.45 qps: 58315.10 (r/w/o: 26792.86/27515.34/4006.90) lat (ms,95%): 17.01 err/s: 0.00 reconn/s: 0.00
[ 258s ] thds: 16 tps: 1931.44 qps: 56363.72 (r/w/o: 25922.18/26578.66/3862.88) lat (ms,95%): 17.32 err/s: 0.00 reconn/s: 0.00
[ 260s ] thds: 16 tps: 1942.06 qps: 55794.60 (r/w/o: 25717.24/26193.25/3884.11) lat (ms,95%): 18.28 err/s: 0.00 reconn/s: 0.00
[ 262s ] thds: 16 tps: 2006.02 qps: 58424.08 (r/w/o: 26878.77/27533.27/4012.04) lat (ms,95%): 16.71 err/s: 0.00 reconn/s: 0.00
[ 264s ] thds: 16 tps: 1876.03 qps: 54201.96 (r/w/o: 24998.44/25451.45/3752.07) lat (ms,95%): 17.95 err/s: 0.00 reconn/s: 0.00
[ 266s ] thds: 16 tps: 2082.96 qps: 61118.25 (r/w/o: 28140.43/28812.41/4165.42) lat (ms,95%): 16.12 err/s: 0.00 reconn/s: 0.00
[ 268s ] thds: 16 tps: 2082.99 qps: 60909.72 (r/w/o: 28042.87/28700.37/4166.48) lat (ms,95%): 15.55 err/s: 0.00 reconn/s: 0.00
[ 270s ] thds: 16 tps: 2073.30 qps: 60626.10 (r/w/o: 27919.78/28559.72/4146.60) lat (ms,95%): 15.83 err/s: 0.00 reconn/s: 0.00
[ 272s ] thds: 16 tps: 2077.99 qps: 59655.31 (r/w/o: 27441.41/28059.91/4153.99) lat (ms,95%): 15.55 err/s: 0.00 reconn/s: 0.00
[ 274s ] thds: 16 tps: 2032.19 qps: 59689.99 (r/w/o: 27474.03/28149.59/4066.37) lat (ms,95%): 16.12 err/s: 0.00 reconn/s: 0.00
[ 276s ] thds: 16 tps: 2020.04 qps: 59729.05 (r/w/o: 27502.98/28186.99/4039.07) lat (ms,95%): 16.71 err/s: 0.00 reconn/s: 0.00
[ 278s ] thds: 16 tps: 2041.02 qps: 60010.55 (r/w/o: 27615.75/28311.76/4083.04) lat (ms,95%): 16.41 err/s: 0.00 reconn/s: 0.00
[ 280s ] thds: 16 tps: 2127.98 qps: 60730.97 (r/w/o: 27919.75/28555.75/4255.46) lat (ms,95%): 15.27 err/s: 0.00 reconn/s: 0.00
[ 282s ] thds: 16 tps: 2077.02 qps: 60670.20 (r/w/o: 27944.82/28570.83/4154.55) lat (ms,95%): 15.55 err/s: 0.00 reconn/s: 0.00
[ 284s ] thds: 16 tps: 1753.98 qps: 52000.81 (r/w/o: 23946.18/24546.68/3507.95) lat (ms,95%): 17.63 err/s: 0.00 reconn/s: 0.00
[ 286s ] thds: 16 tps: 2071.47 qps: 60267.22 (r/w/o: 27708.64/28415.63/4142.95) lat (ms,95%): 15.83 err/s: 0.00 reconn/s: 0.00
[ 288s ] thds: 16 tps: 2045.60 qps: 59618.80 (r/w/o: 27444.79/28082.82/4091.19) lat (ms,95%): 15.83 err/s: 0.00 reconn/s: 0.00
[ 290s ] thds: 16 tps: 2056.42 qps: 58873.59 (r/w/o: 27108.89/27652.37/4112.33) lat (ms,95%): 15.83 err/s: 0.00 reconn/s: 0.00
[ 292s ] thds: 16 tps: 2044.46 qps: 59179.43 (r/w/o: 27233.01/27856.99/4089.43) lat (ms,95%): 16.12 err/s: 0.00 reconn/s: 0.00
[ 294s ] thds: 16 tps: 2003.07 qps: 58528.00 (r/w/o: 26956.42/27565.44/4006.14) lat (ms,95%): 16.41 err/s: 0.00 reconn/s: 0.00
[ 296s ] thds: 16 tps: 2039.98 qps: 59138.39 (r/w/o: 27239.72/27818.71/4079.96) lat (ms,95%): 16.41 err/s: 0.00 reconn/s: 0.00
[ 298s ] thds: 16 tps: 1998.50 qps: 58804.13 (r/w/o: 27046.06/27761.06/3997.01) lat (ms,95%): 16.41 err/s: 0.00 reconn/s: 0.00
[ 300s ] thds: 16 tps: 2041.99 qps: 59076.20 (r/w/o: 27186.36/27805.86/4083.98) lat (ms,95%): 16.71 err/s: 0.00 reconn/s: 0.00
SQL statistics:
    queries performed:
        read:                            5513754
        write:                           5638624
        other:                           824050
        total:                           11976428
    transactions:                        412009 (1373.28 per sec.)
    queries:                             11976428 (39919.11 per sec.)
    ignored errors:                      0      (0.00 per sec.)
    reconnects:                          0      (0.00 per sec.)

Throughput:
    events/s (eps):                      1373.2838
    time elapsed:                        300.0174s
    total number of events:              412009

Latency (ms):
         min:                                    0.31
         avg:                                   11.65
         max:                                  319.37
         95th percentile:                       47.47
         sum:                              4798677.52

Threads fairness:
    events (avg/stddev):           25750.5625/2247.08
    execution time (avg/stddev):   299.9173/0.01

sysbench 1.1.0 (using bundled LuaJIT 2.1.0-beta3)

Running the test with following options:
Number of threads: 32
Report intermediate results every 2 second(s)
Initializing random number generator from current time


Initializing worker threads...

** Using FOR UPDATE : 1
** FORCE_PRIMARY : 0
** FORCE_NULL : 0
=> Using SESSION ops: 
Threads started!

[ 2s ] thds: 32 tps: 2599.66 qps: 75267.28 (r/w/o: 34634.68/35385.30/5247.30) lat (ms,95%): 28.67 err/s: 0.00 reconn/s: 0.00
[ 4s ] thds: 32 tps: 2434.63 qps: 70677.71 (r/w/o: 32518.21/33290.25/4869.26) lat (ms,95%): 31.94 err/s: 0.00 reconn/s: 0.00
[ 6s ] thds: 32 tps: 2524.49 qps: 73103.33 (r/w/o: 33662.42/34391.92/5048.99) lat (ms,95%): 29.72 err/s: 0.00 reconn/s: 0.00
[ 8s ] thds: 32 tps: 2633.95 qps: 74964.11 (r/w/o: 34534.86/35161.35/5267.90) lat (ms,95%): 28.16 err/s: 0.00 reconn/s: 0.00
[ 10s ] thds: 32 tps: 2561.03 qps: 72950.94 (r/w/o: 33523.43/34305.94/5121.57) lat (ms,95%): 29.19 err/s: 0.00 reconn/s: 0.00
[ 12s ] thds: 32 tps: 2598.95 qps: 74118.61 (r/w/o: 34112.86/34807.35/5198.40) lat (ms,95%): 28.67 err/s: 0.00 reconn/s: 0.00
[ 14s ] thds: 32 tps: 2554.81 qps: 74346.49 (r/w/o: 34239.46/34997.41/5109.62) lat (ms,95%): 29.72 err/s: 0.00 reconn/s: 0.00
[ 16s ] thds: 32 tps: 2529.70 qps: 73035.72 (r/w/o: 33566.13/34410.19/5059.40) lat (ms,95%): 30.81 err/s: 0.00 reconn/s: 0.00
[ 18s ] thds: 32 tps: 2582.48 qps: 74748.98 (r/w/o: 34401.76/35182.25/5164.96) lat (ms,95%): 29.19 err/s: 0.00 reconn/s: 0.00
[ 20s ] thds: 32 tps: 2516.00 qps: 72086.53 (r/w/o: 33220.02/33834.52/5032.00) lat (ms,95%): 30.81 err/s: 0.00 reconn/s: 0.00
[ 22s ] thds: 32 tps: 2499.01 qps: 72447.76 (r/w/o: 33330.12/34119.62/4998.02) lat (ms,95%): 29.72 err/s: 0.00 reconn/s: 0.00
[ 24s ] thds: 32 tps: 2559.34 qps: 73892.40 (r/w/o: 34015.38/34758.34/5118.68) lat (ms,95%): 29.19 err/s: 0.00 reconn/s: 0.00
[ 26s ] thds: 32 tps: 2578.57 qps: 75079.08 (r/w/o: 34560.46/35363.48/5155.14) lat (ms,95%): 28.16 err/s: 0.00 reconn/s: 0.00
[ 28s ] thds: 32 tps: 2542.58 qps: 74042.82 (r/w/o: 34092.57/34863.09/5087.16) lat (ms,95%): 29.19 err/s: 0.00 reconn/s: 0.00
[ 30s ] thds: 32 tps: 2355.99 qps: 68274.70 (r/w/o: 31398.86/32163.86/4711.98) lat (ms,95%): 33.12 err/s: 0.00 reconn/s: 0.00
[ 32s ] thds: 32 tps: 2560.05 qps: 74779.51 (r/w/o: 34446.69/35212.71/5120.10) lat (ms,95%): 28.67 err/s: 0.00 reconn/s: 0.00
[ 34s ] thds: 32 tps: 2562.45 qps: 74636.47 (r/w/o: 34330.30/35181.28/5124.90) lat (ms,95%): 29.19 err/s: 0.00 reconn/s: 0.00
[ 36s ] thds: 32 tps: 2795.21 qps: 80763.21 (r/w/o: 37178.19/37994.60/5590.43) lat (ms,95%): 29.19 err/s: 0.00 reconn/s: 0.00
[ 38s ] thds: 32 tps: 2927.25 qps: 84365.85 (r/w/o: 38831.38/39680.45/5854.01) lat (ms,95%): 26.68 err/s: 0.00 reconn/s: 0.00
[ 40s ] thds: 32 tps: 2829.07 qps: 84039.16 (r/w/o: 38695.10/39685.42/5658.64) lat (ms,95%): 28.67 err/s: 0.00 reconn/s: 0.00
[ 42s ] thds: 32 tps: 2949.58 qps: 85399.84 (r/w/o: 39315.28/40185.39/5899.17) lat (ms,95%): 27.17 err/s: 0.00 reconn/s: 0.00
[ 44s ] thds: 32 tps: 2868.80 qps: 84419.05 (r/w/o: 38836.19/39845.77/5737.09) lat (ms,95%): 27.66 err/s: 0.00 reconn/s: 0.00
[ 46s ] thds: 32 tps: 2930.21 qps: 85374.26 (r/w/o: 39297.73/40215.61/5860.92) lat (ms,95%): 26.20 err/s: 0.00 reconn/s: 0.00
[ 48s ] thds: 32 tps: 2896.48 qps: 85140.82 (r/w/o: 39245.69/40102.18/5792.95) lat (ms,95%): 25.74 err/s: 0.00 reconn/s: 0.00
[ 50s ] thds: 32 tps: 2871.31 qps: 83650.33 (r/w/o: 38486.89/39420.83/5742.61) lat (ms,95%): 26.68 err/s: 0.00 reconn/s: 0.00
[ 52s ] thds: 32 tps: 2978.02 qps: 85715.05 (r/w/o: 39437.58/40321.44/5956.03) lat (ms,95%): 25.74 err/s: 0.00 reconn/s: 0.00
[ 54s ] thds: 32 tps: 2930.61 qps: 84809.13 (r/w/o: 39052.62/39895.79/5860.72) lat (ms,95%): 26.68 err/s: 0.00 reconn/s: 0.00
[ 56s ] thds: 32 tps: 2891.11 qps: 84134.17 (r/w/o: 38702.96/39648.49/5782.72) lat (ms,95%): 27.66 err/s: 0.00 reconn/s: 0.00
[ 58s ] thds: 32 tps: 2888.43 qps: 83611.53 (r/w/o: 38508.09/39326.57/5776.86) lat (ms,95%): 26.68 err/s: 0.00 reconn/s: 0.00
[ 60s ] thds: 32 tps: 2857.47 qps: 82664.77 (r/w/o: 38020.66/38931.15/5712.95) lat (ms,95%): 26.20 err/s: 0.00 reconn/s: 0.00
[ 62s ] thds: 32 tps: 2920.85 qps: 84813.55 (r/w/o: 39007.95/39961.90/5843.69) lat (ms,95%): 26.68 err/s: 0.00 reconn/s: 0.00
[ 64s ] thds: 32 tps: 2922.29 qps: 84733.40 (r/w/o: 38953.36/39935.46/5844.58) lat (ms,95%): 26.68 err/s: 0.00 reconn/s: 0.00
[ 66s ] thds: 32 tps: 2921.54 qps: 85102.52 (r/w/o: 39212.79/40046.66/5843.07) lat (ms,95%): 25.74 err/s: 0.00 reconn/s: 0.00
[ 68s ] thds: 32 tps: 2879.03 qps: 82751.29 (r/w/o: 38078.86/38914.37/5758.05) lat (ms,95%): 26.68 err/s: 0.00 reconn/s: 0.00
[ 70s ] thds: 32 tps: 2894.27 qps: 83423.41 (r/w/o: 38411.97/39223.40/5788.04) lat (ms,95%): 25.74 err/s: 0.00 reconn/s: 0.00
[ 72s ] thds: 32 tps: 2974.55 qps: 84944.33 (r/w/o: 39057.28/39937.44/5949.61) lat (ms,95%): 26.20 err/s: 0.00 reconn/s: 0.00
[ 74s ] thds: 32 tps: 2939.47 qps: 84678.19 (r/w/o: 39024.63/39775.12/5878.44) lat (ms,95%): 25.74 err/s: 0.00 reconn/s: 0.00
[ 76s ] thds: 32 tps: 2909.57 qps: 84965.92 (r/w/o: 39113.88/40032.90/5819.13) lat (ms,95%): 27.17 err/s: 0.00 reconn/s: 0.00
[ 78s ] thds: 32 tps: 2858.91 qps: 83411.83 (r/w/o: 38400.27/39293.74/5717.82) lat (ms,95%): 26.68 err/s: 0.00 reconn/s: 0.00
[ 80s ] thds: 32 tps: 2846.70 qps: 83245.28 (r/w/o: 38312.48/39239.39/5693.40) lat (ms,95%): 26.20 err/s: 0.00 reconn/s: 0.00
[ 82s ] thds: 32 tps: 2933.91 qps: 85143.32 (r/w/o: 39195.44/40080.06/5867.81) lat (ms,95%): 25.74 err/s: 0.00 reconn/s: 0.00
[ 84s ] thds: 32 tps: 2932.45 qps: 83693.68 (r/w/o: 38503.89/39324.38/5865.41) lat (ms,95%): 26.20 err/s: 0.00 reconn/s: 0.00
[ 86s ] thds: 32 tps: 2885.13 qps: 83537.35 (r/w/o: 38382.77/39384.32/5770.27) lat (ms,95%): 26.68 err/s: 0.00 reconn/s: 0.00
[ 88s ] thds: 32 tps: 2878.86 qps: 83972.70 (r/w/o: 38711.15/39503.83/5757.72) lat (ms,95%): 26.68 err/s: 0.00 reconn/s: 0.00
[ 90s ] thds: 32 tps: 2483.49 qps: 73054.68 (r/w/o: 33630.43/34457.26/4966.98) lat (ms,95%): 28.67 err/s: 0.00 reconn/s: 0.00
[ 92s ] thds: 32 tps: 2519.95 qps: 73808.10 (r/w/o: 33922.86/34845.34/5039.90) lat (ms,95%): 28.67 err/s: 0.00 reconn/s: 0.00
[ 94s ] thds: 32 tps: 2522.46 qps: 73532.48 (r/w/o: 33871.03/34617.52/5043.93) lat (ms,95%): 28.67 err/s: 0.00 reconn/s: 0.00
[ 96s ] thds: 32 tps: 2551.99 qps: 72800.10 (r/w/o: 33491.32/34203.81/5104.97) lat (ms,95%): 29.72 err/s: 0.00 reconn/s: 0.00
[ 98s ] thds: 32 tps: 2178.94 qps: 63013.28 (r/w/o: 29064.52/29590.88/4357.88) lat (ms,95%): 37.56 err/s: 0.00 reconn/s: 0.00
[ 100s ] thds: 32 tps: 2504.27 qps: 74183.29 (r/w/o: 34241.02/34933.73/5008.54) lat (ms,95%): 28.67 err/s: 0.00 reconn/s: 0.00
[ 102s ] thds: 32 tps: 2508.80 qps: 72732.15 (r/w/o: 33491.31/34223.25/5017.60) lat (ms,95%): 31.94 err/s: 0.00 reconn/s: 0.00
[ 104s ] thds: 32 tps: 2575.56 qps: 73703.60 (r/w/o: 33939.74/34612.75/5151.11) lat (ms,95%): 27.17 err/s: 0.00 reconn/s: 0.00
[ 106s ] thds: 32 tps: 2473.54 qps: 71613.59 (r/w/o: 32974.00/33692.51/4947.08) lat (ms,95%): 30.81 err/s: 0.00 reconn/s: 0.00
[ 108s ] thds: 32 tps: 2349.98 qps: 68445.05 (r/w/o: 31539.79/32205.29/4699.97) lat (ms,95%): 33.12 err/s: 0.00 reconn/s: 0.00
[ 110s ] thds: 32 tps: 2444.01 qps: 70766.41 (r/w/o: 32546.19/33332.69/4887.53) lat (ms,95%): 31.37 err/s: 0.00 reconn/s: 0.00
[ 112s ] thds: 32 tps: 2529.06 qps: 72390.58 (r/w/o: 33287.72/34044.74/5058.11) lat (ms,95%): 29.72 err/s: 0.00 reconn/s: 0.00
[ 114s ] thds: 32 tps: 2503.45 qps: 72810.99 (r/w/o: 33552.80/34250.79/5007.40) lat (ms,95%): 30.26 err/s: 0.00 reconn/s: 0.00
[ 116s ] thds: 32 tps: 2541.87 qps: 75184.29 (r/w/o: 34652.79/35447.75/5083.75) lat (ms,95%): 27.66 err/s: 0.00 reconn/s: 0.00
[ 118s ] thds: 32 tps: 2474.97 qps: 72095.56 (r/w/o: 33173.57/33972.06/4949.94) lat (ms,95%): 30.26 err/s: 0.00 reconn/s: 0.00
[ 120s ] thds: 32 tps: 2436.12 qps: 71763.40 (r/w/o: 33047.57/33843.61/4872.23) lat (ms,95%): 29.72 err/s: 0.00 reconn/s: 0.00
[ 122s ] thds: 32 tps: 2559.89 qps: 71857.42 (r/w/o: 33035.59/33702.06/5119.78) lat (ms,95%): 30.81 err/s: 0.00 reconn/s: 0.00
[ 124s ] thds: 32 tps: 2499.92 qps: 73920.51 (r/w/o: 34030.85/34889.82/4999.83) lat (ms,95%): 28.67 err/s: 0.00 reconn/s: 0.00
[ 126s ] thds: 32 tps: 2518.25 qps: 72964.83 (r/w/o: 33583.37/34344.95/5036.51) lat (ms,95%): 29.19 err/s: 0.00 reconn/s: 0.00
[ 128s ] thds: 32 tps: 2452.93 qps: 70380.38 (r/w/o: 32368.52/33106.00/4905.85) lat (ms,95%): 31.94 err/s: 0.00 reconn/s: 0.00
[ 130s ] thds: 32 tps: 2184.65 qps: 62843.41 (r/w/o: 28995.34/29478.77/4369.30) lat (ms,95%): 35.59 err/s: 0.00 reconn/s: 0.00
[ 132s ] thds: 32 tps: 2311.94 qps: 67747.95 (r/w/o: 31229.97/31894.10/4623.88) lat (ms,95%): 33.12 err/s: 0.00 reconn/s: 0.00
[ 134s ] thds: 32 tps: 2490.50 qps: 72612.54 (r/w/o: 33393.52/34238.02/4981.00) lat (ms,95%): 30.26 err/s: 0.00 reconn/s: 0.00
[ 136s ] thds: 32 tps: 2473.13 qps: 72423.61 (r/w/o: 33298.50/34178.86/4946.26) lat (ms,95%): 29.19 err/s: 0.00 reconn/s: 0.00
[ 138s ] thds: 32 tps: 2446.21 qps: 71569.16 (r/w/o: 32947.83/33728.90/4892.42) lat (ms,95%): 30.26 err/s: 0.00 reconn/s: 0.00
[ 140s ] thds: 32 tps: 2446.09 qps: 72130.61 (r/w/o: 33231.70/34008.23/4890.68) lat (ms,95%): 30.26 err/s: 0.00 reconn/s: 0.00
[ 142s ] thds: 32 tps: 2497.54 qps: 73253.63 (r/w/o: 33796.02/34461.53/4996.08) lat (ms,95%): 29.72 err/s: 0.00 reconn/s: 0.00
[ 144s ] thds: 32 tps: 2452.41 qps: 71848.81 (r/w/o: 33071.76/33873.23/4903.82) lat (ms,95%): 30.26 err/s: 0.00 reconn/s: 0.00
[ 146s ] thds: 32 tps: 2497.04 qps: 73013.81 (r/w/o: 33637.61/34380.62/4995.59) lat (ms,95%): 29.19 err/s: 0.00 reconn/s: 0.00
[ 148s ] thds: 32 tps: 2470.54 qps: 71809.71 (r/w/o: 33096.56/33772.07/4941.08) lat (ms,95%): 29.72 err/s: 0.00 reconn/s: 0.00
[ 150s ] thds: 32 tps: 2420.98 qps: 70209.46 (r/w/o: 32254.25/33113.24/4841.96) lat (ms,95%): 31.37 err/s: 0.00 reconn/s: 0.00
[ 152s ] thds: 32 tps: 2508.90 qps: 71298.10 (r/w/o: 32710.67/33570.13/5017.30) lat (ms,95%): 30.26 err/s: 0.00 reconn/s: 0.00
[ 154s ] thds: 32 tps: 2516.97 qps: 73712.52 (r/w/o: 33953.05/34725.54/5033.93) lat (ms,95%): 28.67 err/s: 0.00 reconn/s: 0.00
[ 156s ] thds: 32 tps: 2511.69 qps: 73993.47 (r/w/o: 34039.51/34930.08/5023.87) lat (ms,95%): 29.19 err/s: 0.00 reconn/s: 0.00
[ 158s ] thds: 32 tps: 2328.57 qps: 68205.12 (r/w/o: 31389.48/32158.50/4657.14) lat (ms,95%): 32.53 err/s: 0.00 reconn/s: 0.00
[ 160s ] thds: 32 tps: 2245.42 qps: 63941.32 (r/w/o: 29368.00/30082.98/4490.35) lat (ms,95%): 32.53 err/s: 0.00 reconn/s: 0.00
[ 162s ] thds: 32 tps: 2455.95 qps: 71852.58 (r/w/o: 33078.35/33861.83/4912.40) lat (ms,95%): 30.26 err/s: 0.00 reconn/s: 0.00
[ 164s ] thds: 32 tps: 2443.50 qps: 72145.59 (r/w/o: 33237.54/34021.04/4887.01) lat (ms,95%): 30.26 err/s: 0.00 reconn/s: 0.00
[ 166s ] thds: 32 tps: 2479.07 qps: 71958.62 (r/w/o: 33099.97/33900.50/4958.15) lat (ms,95%): 29.72 err/s: 0.00 reconn/s: 0.00
[ 168s ] thds: 32 tps: 2445.50 qps: 71048.57 (r/w/o: 32701.36/33456.21/4891.01) lat (ms,95%): 31.94 err/s: 0.00 reconn/s: 0.00
[ 170s ] thds: 32 tps: 2432.92 qps: 69948.45 (r/w/o: 32194.00/32888.62/4865.83) lat (ms,95%): 30.81 err/s: 0.00 reconn/s: 0.00
[ 172s ] thds: 32 tps: 2422.61 qps: 71673.68 (r/w/o: 32983.97/33844.50/4845.22) lat (ms,95%): 30.26 err/s: 0.00 reconn/s: 0.00
[ 174s ] thds: 32 tps: 2413.77 qps: 72155.03 (r/w/o: 33298.28/34029.71/4827.03) lat (ms,95%): 30.26 err/s: 0.00 reconn/s: 0.00
[ 176s ] thds: 32 tps: 2508.21 qps: 72042.55 (r/w/o: 33114.28/33911.35/5016.92) lat (ms,95%): 29.72 err/s: 0.00 reconn/s: 0.00
[ 178s ] thds: 32 tps: 2468.99 qps: 71097.15 (r/w/o: 32758.34/33400.84/4937.98) lat (ms,95%): 30.26 err/s: 0.00 reconn/s: 0.00
[ 180s ] thds: 32 tps: 2440.98 qps: 70878.51 (r/w/o: 32616.78/33380.27/4881.47) lat (ms,95%): 29.72 err/s: 0.00 reconn/s: 0.00
[ 182s ] thds: 32 tps: 2297.95 qps: 66112.03 (r/w/o: 30399.32/31116.31/4596.40) lat (ms,95%): 34.95 err/s: 0.00 reconn/s: 0.00
[ 184s ] thds: 32 tps: 2407.50 qps: 70712.91 (r/w/o: 32582.96/33314.96/4814.99) lat (ms,95%): 31.37 err/s: 0.00 reconn/s: 0.00
[ 186s ] thds: 32 tps: 2449.54 qps: 71974.79 (r/w/o: 33116.59/33959.11/4899.09) lat (ms,95%): 30.26 err/s: 0.00 reconn/s: 0.00
[ 188s ] thds: 32 tps: 2467.44 qps: 71749.65 (r/w/o: 33101.15/33713.63/4934.87) lat (ms,95%): 29.19 err/s: 0.00 reconn/s: 0.00
[ 190s ] thds: 32 tps: 2461.13 qps: 69949.66 (r/w/o: 32116.68/32910.72/4922.26) lat (ms,95%): 29.72 err/s: 0.00 reconn/s: 0.00
[ 192s ] thds: 32 tps: 2105.41 qps: 62020.33 (r/w/o: 28562.77/29246.74/4210.82) lat (ms,95%): 36.24 err/s: 0.00 reconn/s: 0.00
[ 194s ] thds: 32 tps: 2502.60 qps: 72046.82 (r/w/o: 33174.80/33866.83/5005.20) lat (ms,95%): 28.67 err/s: 0.00 reconn/s: 0.00
[ 196s ] thds: 32 tps: 2476.58 qps: 72890.27 (r/w/o: 33616.86/34320.24/4953.17) lat (ms,95%): 30.26 err/s: 0.00 reconn/s: 0.00
[ 198s ] thds: 32 tps: 2433.78 qps: 71610.24 (r/w/o: 32986.80/33755.88/4867.56) lat (ms,95%): 30.26 err/s: 0.00 reconn/s: 0.00
[ 200s ] thds: 32 tps: 2388.59 qps: 70589.54 (r/w/o: 32530.17/33282.20/4777.17) lat (ms,95%): 31.94 err/s: 0.00 reconn/s: 0.00
[ 202s ] thds: 32 tps: 2463.88 qps: 71813.10 (r/w/o: 33050.43/33834.90/4927.77) lat (ms,95%): 30.26 err/s: 0.00 reconn/s: 0.00
[ 204s ] thds: 32 tps: 2277.56 qps: 65331.76 (r/w/o: 30099.81/30676.83/4555.12) lat (ms,95%): 34.95 err/s: 0.00 reconn/s: 0.00
[ 206s ] thds: 32 tps: 2497.56 qps: 71813.69 (r/w/o: 33060.78/33757.80/4995.12) lat (ms,95%): 29.72 err/s: 0.00 reconn/s: 0.00
[ 208s ] thds: 32 tps: 2511.43 qps: 73018.43 (r/w/o: 33602.05/34395.52/5020.86) lat (ms,95%): 28.16 err/s: 0.00 reconn/s: 0.00
[ 210s ] thds: 32 tps: 2404.61 qps: 69817.27 (r/w/o: 32178.01/32828.04/4811.23) lat (ms,95%): 30.26 err/s: 0.00 reconn/s: 0.00
[ 212s ] thds: 32 tps: 2480.85 qps: 70795.83 (r/w/o: 32565.08/33269.54/4961.21) lat (ms,95%): 30.81 err/s: 0.00 reconn/s: 0.00
[ 214s ] thds: 32 tps: 2453.55 qps: 71631.44 (r/w/o: 33003.66/33720.18/4907.60) lat (ms,95%): 30.26 err/s: 0.00 reconn/s: 0.00
[ 216s ] thds: 32 tps: 2486.98 qps: 73115.55 (r/w/o: 33690.29/34451.29/4973.97) lat (ms,95%): 29.19 err/s: 0.00 reconn/s: 0.00
[ 218s ] thds: 32 tps: 2474.41 qps: 71628.27 (r/w/o: 32973.74/33705.71/4948.81) lat (ms,95%): 30.26 err/s: 0.00 reconn/s: 0.00
[ 220s ] thds: 32 tps: 2414.43 qps: 70298.55 (r/w/o: 32345.10/33125.08/4828.37) lat (ms,95%): 29.72 err/s: 0.00 reconn/s: 0.00
[ 222s ] thds: 32 tps: 2472.68 qps: 71894.84 (r/w/o: 33072.46/33876.52/4945.87) lat (ms,95%): 30.81 err/s: 0.00 reconn/s: 0.00
[ 224s ] thds: 32 tps: 2163.50 qps: 63779.96 (r/w/o: 29368.48/30084.48/4327.00) lat (ms,95%): 36.24 err/s: 0.00 reconn/s: 0.00
[ 226s ] thds: 32 tps: 2456.97 qps: 71641.57 (r/w/o: 32966.57/33761.56/4913.44) lat (ms,95%): 30.26 err/s: 0.00 reconn/s: 0.00
[ 228s ] thds: 32 tps: 2342.00 qps: 66910.12 (r/w/o: 30768.55/31457.06/4684.51) lat (ms,95%): 33.12 err/s: 0.00 reconn/s: 0.00
[ 230s ] thds: 32 tps: 2376.07 qps: 69510.44 (r/w/o: 32005.89/32752.42/4752.13) lat (ms,95%): 32.53 err/s: 0.00 reconn/s: 0.00
[ 232s ] thds: 32 tps: 2462.45 qps: 72408.56 (r/w/o: 33354.84/34128.82/4924.90) lat (ms,95%): 28.67 err/s: 0.00 reconn/s: 0.00
[ 234s ] thds: 32 tps: 2431.53 qps: 70506.96 (r/w/o: 32495.44/33148.45/4863.07) lat (ms,95%): 30.81 err/s: 0.00 reconn/s: 0.00
[ 236s ] thds: 32 tps: 2488.93 qps: 71401.00 (r/w/o: 32855.58/33567.56/4977.86) lat (ms,95%): 29.72 err/s: 0.00 reconn/s: 0.00
[ 238s ] thds: 32 tps: 2469.55 qps: 69921.29 (r/w/o: 32139.09/32843.11/4939.09) lat (ms,95%): 31.37 err/s: 0.00 reconn/s: 0.00
[ 240s ] thds: 32 tps: 2352.54 qps: 68974.69 (r/w/o: 31755.55/32514.06/4705.08) lat (ms,95%): 31.94 err/s: 0.00 reconn/s: 0.00
[ 242s ] thds: 32 tps: 2442.93 qps: 71152.38 (r/w/o: 32772.52/33494.00/4885.85) lat (ms,95%): 29.72 err/s: 0.00 reconn/s: 0.00
[ 244s ] thds: 32 tps: 2458.01 qps: 70207.40 (r/w/o: 32252.18/33039.19/4916.03) lat (ms,95%): 31.37 err/s: 0.00 reconn/s: 0.00
[ 246s ] thds: 32 tps: 2480.46 qps: 71366.22 (r/w/o: 32873.91/33531.40/4960.91) lat (ms,95%): 29.72 err/s: 0.00 reconn/s: 0.00
[ 248s ] thds: 32 tps: 2444.14 qps: 70717.67 (r/w/o: 32620.92/33208.46/4888.29) lat (ms,95%): 30.26 err/s: 0.00 reconn/s: 0.00
[ 250s ] thds: 32 tps: 2379.38 qps: 68608.16 (r/w/o: 31544.46/32304.93/4758.77) lat (ms,95%): 31.94 err/s: 0.00 reconn/s: 0.00
[ 252s ] thds: 32 tps: 2451.13 qps: 70420.67 (r/w/o: 32383.69/33134.73/4902.26) lat (ms,95%): 30.81 err/s: 0.00 reconn/s: 0.00
[ 254s ] thds: 32 tps: 1984.45 qps: 58150.10 (r/w/o: 26789.86/27391.34/3968.90) lat (ms,95%): 39.65 err/s: 0.00 reconn/s: 0.00
[ 256s ] thds: 32 tps: 2423.00 qps: 70725.52 (r/w/o: 32540.01/33339.51/4846.00) lat (ms,95%): 33.12 err/s: 0.00 reconn/s: 0.00
[ 258s ] thds: 32 tps: 2432.95 qps: 70649.54 (r/w/o: 32466.33/33317.31/4865.90) lat (ms,95%): 31.37 err/s: 0.00 reconn/s: 0.00
[ 260s ] thds: 32 tps: 2393.01 qps: 70015.44 (r/w/o: 32281.70/32947.71/4786.03) lat (ms,95%): 31.94 err/s: 0.00 reconn/s: 0.00
[ 262s ] thds: 32 tps: 2444.95 qps: 70572.07 (r/w/o: 32413.85/33268.33/4889.90) lat (ms,95%): 30.81 err/s: 0.00 reconn/s: 0.00
[ 264s ] thds: 32 tps: 2421.63 qps: 69671.68 (r/w/o: 32058.69/32769.73/4843.26) lat (ms,95%): 31.94 err/s: 0.00 reconn/s: 0.00
[ 266s ] thds: 32 tps: 2459.31 qps: 71823.40 (r/w/o: 33061.42/33843.36/4918.62) lat (ms,95%): 29.72 err/s: 0.00 reconn/s: 0.00
[ 268s ] thds: 32 tps: 2482.08 qps: 71653.30 (r/w/o: 33007.56/33682.58/4963.16) lat (ms,95%): 29.72 err/s: 0.00 reconn/s: 0.00
[ 270s ] thds: 32 tps: 2365.64 qps: 68555.94 (r/w/o: 31511.31/32312.36/4732.27) lat (ms,95%): 31.37 err/s: 0.00 reconn/s: 0.00
[ 272s ] thds: 32 tps: 2446.86 qps: 70781.58 (r/w/o: 32541.20/33347.15/4893.23) lat (ms,95%): 30.81 err/s: 0.00 reconn/s: 0.00
[ 274s ] thds: 32 tps: 2431.05 qps: 71326.07 (r/w/o: 32854.72/33608.74/4862.61) lat (ms,95%): 29.72 err/s: 0.00 reconn/s: 0.00
[ 276s ] thds: 32 tps: 2318.09 qps: 68189.02 (r/w/o: 31337.66/32215.19/4636.17) lat (ms,95%): 33.72 err/s: 0.00 reconn/s: 0.00
[ 278s ] thds: 32 tps: 2283.43 qps: 66975.99 (r/w/o: 30891.57/31517.55/4566.86) lat (ms,95%): 33.12 err/s: 0.00 reconn/s: 0.00
[ 280s ] thds: 32 tps: 2339.98 qps: 67898.31 (r/w/o: 31238.68/31979.68/4679.95) lat (ms,95%): 32.53 err/s: 0.00 reconn/s: 0.00
[ 282s ] thds: 32 tps: 2413.89 qps: 70779.72 (r/w/o: 32616.49/33335.95/4827.28) lat (ms,95%): 29.72 err/s: 0.00 reconn/s: 0.00
[ 284s ] thds: 32 tps: 2415.58 qps: 69526.91 (r/w/o: 31982.61/32712.63/4831.67) lat (ms,95%): 29.72 err/s: 0.00 reconn/s: 0.00
[ 286s ] thds: 32 tps: 2074.11 qps: 59515.18 (r/w/o: 27419.47/27947.50/4148.22) lat (ms,95%): 39.65 err/s: 0.00 reconn/s: 0.00
[ 288s ] thds: 32 tps: 2342.94 qps: 68172.69 (r/w/o: 31313.67/32173.15/4685.88) lat (ms,95%): 32.53 err/s: 0.00 reconn/s: 0.00
[ 290s ] thds: 32 tps: 2343.35 qps: 67573.19 (r/w/o: 31086.02/31800.47/4686.70) lat (ms,95%): 32.53 err/s: 0.00 reconn/s: 0.00
[ 292s ] thds: 32 tps: 2396.29 qps: 69318.60 (r/w/o: 31863.62/32662.89/4792.09) lat (ms,95%): 32.53 err/s: 0.00 reconn/s: 0.00
[ 294s ] thds: 32 tps: 2374.76 qps: 67711.30 (r/w/o: 31120.02/31841.25/4750.03) lat (ms,95%): 31.94 err/s: 0.00 reconn/s: 0.00
[ 296s ] thds: 32 tps: 2482.02 qps: 71413.60 (r/w/o: 32892.28/33557.28/4964.04) lat (ms,95%): 28.67 err/s: 0.00 reconn/s: 0.00
[ 298s ] thds: 32 tps: 2341.05 qps: 69221.37 (r/w/o: 31872.13/32667.15/4682.09) lat (ms,95%): 33.12 err/s: 0.00 reconn/s: 0.00
[ 300s ] thds: 32 tps: 2285.53 qps: 67204.79 (r/w/o: 30961.87/31671.87/4571.05) lat (ms,95%): 34.33 err/s: 0.00 reconn/s: 0.00
SQL statistics:
    queries performed:
        read:                            10111418
        write:                           10342118
        other:                           1513222
        total:                           21966758
    transactions:                        756579 (2521.65 per sec.)
    queries:                             21966758 (73214.37 per sec.)
    ignored errors:                      0      (0.00 per sec.)
    reconnects:                          0      (0.00 per sec.)

Throughput:
    events/s (eps):                      2521.6489
    time elapsed:                        300.0334s
    total number of events:              756579

Latency (ms):
         min:                                    0.33
         avg:                                   12.69
         max:                                  255.82
         95th percentile:                       29.72
         sum:                              9598913.86

Threads fairness:
    events (avg/stddev):           23643.0938/793.94
    execution time (avg/stddev):   299.9661/0.00

sysbench 1.1.0 (using bundled LuaJIT 2.1.0-beta3)

Running the test with following options:
Number of threads: 64
Report intermediate results every 2 second(s)
Initializing random number generator from current time


Initializing worker threads...

** Using FOR UPDATE : 1
** FORCE_PRIMARY : 0
** FORCE_NULL : 0
=> Using SESSION ops: 
Threads started!

[ 2s ] thds: 64 tps: 2559.36 qps: 74197.09 (r/w/o: 34185.62/34797.37/5214.11) lat (ms,95%): 75.82 err/s: 0.00 reconn/s: 0.00
[ 4s ] thds: 64 tps: 2469.54 qps: 71947.64 (r/w/o: 33083.52/33926.04/4938.08) lat (ms,95%): 84.47 err/s: 0.00 reconn/s: 0.00
[ 6s ] thds: 64 tps: 2552.51 qps: 73586.16 (r/w/o: 33872.07/34607.58/5106.51) lat (ms,95%): 74.46 err/s: 0.00 reconn/s: 0.00
[ 8s ] thds: 64 tps: 2538.98 qps: 73695.95 (r/w/o: 33936.25/34681.74/5077.96) lat (ms,95%): 78.60 err/s: 0.00 reconn/s: 0.00
[ 10s ] thds: 64 tps: 2554.46 qps: 72886.42 (r/w/o: 33531.50/34246.49/5108.42) lat (ms,95%): 74.46 err/s: 0.00 reconn/s: 0.00
[ 12s ] thds: 64 tps: 2491.50 qps: 73319.54 (r/w/o: 33738.52/34597.52/4983.50) lat (ms,95%): 81.48 err/s: 0.00 reconn/s: 0.00
[ 14s ] thds: 64 tps: 2429.66 qps: 70387.66 (r/w/o: 32424.65/33103.69/4859.32) lat (ms,95%): 78.60 err/s: 0.00 reconn/s: 0.00
[ 16s ] thds: 64 tps: 2441.87 qps: 71062.67 (r/w/o: 32720.24/33458.70/4883.74) lat (ms,95%): 82.96 err/s: 0.00 reconn/s: 0.00
[ 18s ] thds: 64 tps: 2473.50 qps: 71615.04 (r/w/o: 32964.52/33703.52/4947.00) lat (ms,95%): 101.13 err/s: 0.00 reconn/s: 0.00
[ 20s ] thds: 64 tps: 2514.49 qps: 73767.82 (r/w/o: 34010.92/34727.92/5028.99) lat (ms,95%): 77.19 err/s: 0.00 reconn/s: 0.00
[ 22s ] thds: 64 tps: 2718.27 qps: 79703.30 (r/w/o: 36757.41/37509.85/5436.04) lat (ms,95%): 66.84 err/s: 0.00 reconn/s: 0.00
[ 24s ] thds: 64 tps: 2653.11 qps: 77734.21 (r/w/o: 35815.98/36611.51/5306.72) lat (ms,95%): 64.47 err/s: 0.00 reconn/s: 0.00
[ 26s ] thds: 64 tps: 2655.04 qps: 77634.68 (r/w/o: 35690.04/36634.56/5310.08) lat (ms,95%): 65.65 err/s: 0.00 reconn/s: 0.00
[ 28s ] thds: 64 tps: 2694.59 qps: 79234.75 (r/w/o: 36494.27/37352.30/5388.19) lat (ms,95%): 69.29 err/s: 0.00 reconn/s: 0.00
[ 30s ] thds: 64 tps: 2748.00 qps: 80278.86 (r/w/o: 36997.44/37784.94/5496.49) lat (ms,95%): 71.83 err/s: 0.00 reconn/s: 0.00
[ 32s ] thds: 64 tps: 2740.49 qps: 79285.62 (r/w/o: 36497.82/37306.32/5481.47) lat (ms,95%): 68.05 err/s: 0.00 reconn/s: 0.00
[ 34s ] thds: 64 tps: 2673.01 qps: 77001.69 (r/w/o: 35399.09/36257.59/5345.01) lat (ms,95%): 71.83 err/s: 0.00 reconn/s: 0.00
[ 36s ] thds: 64 tps: 2728.31 qps: 78795.98 (r/w/o: 36269.46/37069.40/5457.12) lat (ms,95%): 71.83 err/s: 0.00 reconn/s: 0.00
[ 38s ] thds: 64 tps: 2794.10 qps: 79819.22 (r/w/o: 36746.75/37484.28/5588.19) lat (ms,95%): 66.84 err/s: 0.00 reconn/s: 0.00
[ 40s ] thds: 64 tps: 2751.09 qps: 79469.68 (r/w/o: 36563.73/37403.26/5502.69) lat (ms,95%): 69.29 err/s: 0.00 reconn/s: 0.00
[ 42s ] thds: 64 tps: 2784.45 qps: 80591.07 (r/w/o: 37084.34/37938.32/5568.40) lat (ms,95%): 68.05 err/s: 0.00 reconn/s: 0.00
[ 44s ] thds: 64 tps: 2699.57 qps: 77817.99 (r/w/o: 35859.42/36559.44/5399.14) lat (ms,95%): 74.46 err/s: 0.00 reconn/s: 0.00
[ 46s ] thds: 64 tps: 2631.13 qps: 78112.94 (r/w/o: 36018.90/36831.28/5262.75) lat (ms,95%): 69.29 err/s: 0.00 reconn/s: 0.00
[ 48s ] thds: 64 tps: 2742.32 qps: 79483.37 (r/w/o: 36505.80/37494.42/5483.15) lat (ms,95%): 78.60 err/s: 0.00 reconn/s: 0.00
[ 50s ] thds: 64 tps: 2758.35 qps: 80031.09 (r/w/o: 36847.47/37665.42/5518.20) lat (ms,95%): 70.55 err/s: 0.00 reconn/s: 0.00
[ 52s ] thds: 64 tps: 2758.06 qps: 80319.29 (r/w/o: 37023.33/37779.84/5516.12) lat (ms,95%): 64.47 err/s: 0.00 reconn/s: 0.00
[ 54s ] thds: 64 tps: 2608.80 qps: 76435.17 (r/w/o: 35251.33/35966.73/5217.11) lat (ms,95%): 70.55 err/s: 0.00 reconn/s: 0.00
[ 56s ] thds: 64 tps: 2666.59 qps: 78583.83 (r/w/o: 36168.40/37082.26/5333.17) lat (ms,95%): 68.05 err/s: 0.00 reconn/s: 0.00
[ 58s ] thds: 64 tps: 2760.37 qps: 78879.95 (r/w/o: 36335.75/37023.47/5520.74) lat (ms,95%): 78.60 err/s: 0.00 reconn/s: 0.00
[ 60s ] thds: 64 tps: 2679.06 qps: 77950.20 (r/w/o: 35889.78/36702.30/5358.12) lat (ms,95%): 71.83 err/s: 0.00 reconn/s: 0.00
[ 62s ] thds: 64 tps: 2724.92 qps: 78366.33 (r/w/o: 36047.50/36868.48/5450.35) lat (ms,95%): 66.84 err/s: 0.00 reconn/s: 0.00
[ 64s ] thds: 64 tps: 2613.05 qps: 76395.15 (r/w/o: 35134.69/36035.36/5225.09) lat (ms,95%): 71.83 err/s: 0.00 reconn/s: 0.00
[ 66s ] thds: 64 tps: 2714.04 qps: 79171.98 (r/w/o: 36426.52/37316.36/5429.09) lat (ms,95%): 61.08 err/s: 0.00 reconn/s: 0.00
[ 68s ] thds: 64 tps: 2688.55 qps: 78129.41 (r/w/o: 35931.14/36821.16/5377.10) lat (ms,95%): 73.13 err/s: 0.00 reconn/s: 0.00
[ 70s ] thds: 64 tps: 2661.40 qps: 78844.52 (r/w/o: 36343.14/37179.58/5321.80) lat (ms,95%): 71.83 err/s: 0.00 reconn/s: 0.00
[ 72s ] thds: 64 tps: 2774.09 qps: 79438.08 (r/w/o: 36566.69/37322.21/5549.18) lat (ms,95%): 68.05 err/s: 0.00 reconn/s: 0.00
[ 74s ] thds: 64 tps: 2613.78 qps: 77295.03 (r/w/o: 35590.44/36477.02/5227.57) lat (ms,95%): 66.84 err/s: 0.00 reconn/s: 0.00
[ 76s ] thds: 64 tps: 2603.10 qps: 74513.87 (r/w/o: 34307.94/35000.23/5205.69) lat (ms,95%): 70.55 err/s: 0.00 reconn/s: 0.00
[ 78s ] thds: 64 tps: 2687.91 qps: 78571.42 (r/w/o: 36154.81/37040.78/5375.82) lat (ms,95%): 70.55 err/s: 0.00 reconn/s: 0.00
[ 80s ] thds: 64 tps: 2702.21 qps: 79094.43 (r/w/o: 36351.06/37338.95/5404.41) lat (ms,95%): 64.47 err/s: 0.00 reconn/s: 0.00
[ 82s ] thds: 64 tps: 2720.74 qps: 79375.61 (r/w/o: 36447.26/37487.36/5440.99) lat (ms,95%): 86.00 err/s: 0.00 reconn/s: 0.00
[ 84s ] thds: 64 tps: 2535.16 qps: 74144.13 (r/w/o: 34173.64/34899.18/5071.32) lat (ms,95%): 82.96 err/s: 0.00 reconn/s: 0.00
[ 86s ] thds: 64 tps: 2502.56 qps: 72512.25 (r/w/o: 33336.31/34170.83/5005.12) lat (ms,95%): 80.03 err/s: 0.00 reconn/s: 0.00
[ 88s ] thds: 64 tps: 2508.26 qps: 72210.57 (r/w/o: 33234.81/33959.24/5016.52) lat (ms,95%): 77.19 err/s: 0.00 reconn/s: 0.00
[ 90s ] thds: 64 tps: 2544.99 qps: 72070.51 (r/w/o: 33159.83/33820.70/5089.98) lat (ms,95%): 75.82 err/s: 0.00 reconn/s: 0.00
[ 92s ] thds: 64 tps: 2552.22 qps: 74104.43 (r/w/o: 34096.63/34903.36/5104.44) lat (ms,95%): 75.82 err/s: 0.00 reconn/s: 0.00
[ 94s ] thds: 64 tps: 2470.00 qps: 70660.86 (r/w/o: 32495.93/33225.43/4939.49) lat (ms,95%): 90.78 err/s: 0.00 reconn/s: 0.00
[ 96s ] thds: 64 tps: 2331.25 qps: 66971.95 (r/w/o: 30873.75/31435.19/4663.01) lat (ms,95%): 81.48 err/s: 0.00 reconn/s: 0.00
[ 98s ] thds: 64 tps: 2486.24 qps: 73333.20 (r/w/o: 33767.32/34593.90/4971.99) lat (ms,95%): 74.46 err/s: 0.00 reconn/s: 0.00
[ 100s ] thds: 64 tps: 2490.54 qps: 71455.15 (r/w/o: 32882.53/33591.04/4981.58) lat (ms,95%): 87.56 err/s: 0.00 reconn/s: 0.00
[ 102s ] thds: 64 tps: 2482.42 qps: 72422.56 (r/w/o: 33282.88/34174.85/4964.83) lat (ms,95%): 77.19 err/s: 0.00 reconn/s: 0.00
[ 104s ] thds: 64 tps: 2500.98 qps: 72418.96 (r/w/o: 33403.75/34013.75/5001.46) lat (ms,95%): 86.00 err/s: 0.00 reconn/s: 0.00
[ 106s ] thds: 64 tps: 2485.58 qps: 71900.29 (r/w/o: 33071.05/33857.58/4971.66) lat (ms,95%): 81.48 err/s: 0.00 reconn/s: 0.00
[ 108s ] thds: 64 tps: 2374.02 qps: 70253.95 (r/w/o: 32354.21/33152.21/4747.53) lat (ms,95%): 82.96 err/s: 0.00 reconn/s: 0.00
[ 110s ] thds: 64 tps: 2479.93 qps: 71421.13 (r/w/o: 32852.64/33608.62/4959.87) lat (ms,95%): 70.55 err/s: 0.00 reconn/s: 0.00
[ 112s ] thds: 64 tps: 2569.50 qps: 73680.57 (r/w/o: 33938.03/34603.03/5139.51) lat (ms,95%): 74.46 err/s: 0.00 reconn/s: 0.00
[ 114s ] thds: 64 tps: 2499.05 qps: 71687.38 (r/w/o: 33056.64/33632.65/4998.10) lat (ms,95%): 78.60 err/s: 0.00 reconn/s: 0.00
[ 116s ] thds: 64 tps: 2560.51 qps: 73390.86 (r/w/o: 33751.17/34518.67/5121.03) lat (ms,95%): 70.55 err/s: 0.00 reconn/s: 0.00
[ 118s ] thds: 64 tps: 2482.84 qps: 71420.43 (r/w/o: 32755.41/33699.35/4965.68) lat (ms,95%): 78.60 err/s: 0.00 reconn/s: 0.00
[ 120s ] thds: 64 tps: 2485.18 qps: 72607.76 (r/w/o: 33437.92/34199.48/4970.36) lat (ms,95%): 80.03 err/s: 0.00 reconn/s: 0.00
[ 122s ] thds: 64 tps: 2529.52 qps: 73427.63 (r/w/o: 33733.79/34635.30/5058.54) lat (ms,95%): 75.82 err/s: 0.00 reconn/s: 0.00
[ 124s ] thds: 64 tps: 2457.50 qps: 70926.00 (r/w/o: 32656.00/33354.50/4915.50) lat (ms,95%): 74.46 err/s: 0.00 reconn/s: 0.00
[ 126s ] thds: 64 tps: 2515.41 qps: 72998.46 (r/w/o: 33612.83/34354.80/5030.82) lat (ms,95%): 71.83 err/s: 0.00 reconn/s: 0.00
[ 128s ] thds: 64 tps: 2192.81 qps: 64910.33 (r/w/o: 29819.89/30704.82/4385.62) lat (ms,95%): 94.10 err/s: 0.00 reconn/s: 0.00
[ 130s ] thds: 64 tps: 1936.78 qps: 57237.37 (r/w/o: 26305.35/27058.46/3873.57) lat (ms,95%): 121.08 err/s: 0.00 reconn/s: 0.00
[ 132s ] thds: 64 tps: 2171.90 qps: 62783.59 (r/w/o: 28968.66/29471.64/4343.30) lat (ms,95%): 116.80 err/s: 0.00 reconn/s: 0.00
[ 134s ] thds: 64 tps: 2174.00 qps: 64710.09 (r/w/o: 29787.54/30574.54/4348.01) lat (ms,95%): 86.00 err/s: 0.00 reconn/s: 0.00
[ 136s ] thds: 64 tps: 2472.49 qps: 72802.11 (r/w/o: 33487.82/34368.82/4945.47) lat (ms,95%): 75.82 err/s: 0.00 reconn/s: 0.00
[ 138s ] thds: 64 tps: 2443.00 qps: 71230.24 (r/w/o: 32815.02/33529.23/4885.99) lat (ms,95%): 80.03 err/s: 0.00 reconn/s: 0.00
[ 140s ] thds: 64 tps: 2482.53 qps: 71309.67 (r/w/o: 32799.15/33545.96/4964.57) lat (ms,95%): 81.48 err/s: 0.00 reconn/s: 0.00
[ 142s ] thds: 64 tps: 2464.94 qps: 72265.25 (r/w/o: 33287.69/34047.17/4930.38) lat (ms,95%): 78.60 err/s: 0.00 reconn/s: 0.00
[ 144s ] thds: 64 tps: 2429.01 qps: 70635.80 (r/w/o: 32485.14/33292.64/4858.02) lat (ms,95%): 87.56 err/s: 0.00 reconn/s: 0.00
[ 146s ] thds: 64 tps: 2432.35 qps: 72937.45 (r/w/o: 33597.49/34475.26/4864.70) lat (ms,95%): 74.46 err/s: 0.00 reconn/s: 0.00
[ 148s ] thds: 64 tps: 2501.23 qps: 72103.69 (r/w/o: 33248.27/33853.95/5001.47) lat (ms,95%): 78.60 err/s: 0.00 reconn/s: 0.00
[ 150s ] thds: 64 tps: 2471.06 qps: 72039.59 (r/w/o: 33214.55/33882.93/4942.11) lat (ms,95%): 71.83 err/s: 0.00 reconn/s: 0.00
[ 152s ] thds: 64 tps: 2506.92 qps: 72195.51 (r/w/o: 33235.03/33946.15/5014.33) lat (ms,95%): 70.55 err/s: 0.00 reconn/s: 0.00
[ 154s ] thds: 64 tps: 2406.29 qps: 69099.92 (r/w/o: 31806.20/32480.64/4813.08) lat (ms,95%): 92.42 err/s: 0.00 reconn/s: 0.00
[ 156s ] thds: 64 tps: 2441.70 qps: 70722.17 (r/w/o: 32522.61/33316.17/4883.39) lat (ms,95%): 84.47 err/s: 0.00 reconn/s: 0.00
[ 158s ] thds: 64 tps: 2453.56 qps: 71143.22 (r/w/o: 32755.29/33480.81/4907.12) lat (ms,95%): 84.47 err/s: 0.00 reconn/s: 0.00
[ 160s ] thds: 64 tps: 2322.99 qps: 66056.18 (r/w/o: 30383.85/31026.35/4645.98) lat (ms,95%): 101.13 err/s: 0.00 reconn/s: 0.00
[ 162s ] thds: 64 tps: 2448.18 qps: 72543.16 (r/w/o: 33438.69/34208.10/4896.37) lat (ms,95%): 80.03 err/s: 0.00 reconn/s: 0.00
[ 164s ] thds: 64 tps: 2188.78 qps: 64466.68 (r/w/o: 29651.26/30437.86/4377.56) lat (ms,95%): 92.42 err/s: 0.00 reconn/s: 0.00
[ 166s ] thds: 64 tps: 2441.48 qps: 70356.44 (r/w/o: 32352.24/33121.24/4882.96) lat (ms,95%): 99.33 err/s: 0.00 reconn/s: 0.00
[ 168s ] thds: 64 tps: 2423.44 qps: 71151.85 (r/w/o: 32739.24/33565.72/4846.89) lat (ms,95%): 82.96 err/s: 0.00 reconn/s: 0.00
[ 170s ] thds: 64 tps: 2505.86 qps: 72644.52 (r/w/o: 33488.16/34144.63/5011.73) lat (ms,95%): 86.00 err/s: 0.00 reconn/s: 0.00
[ 172s ] thds: 64 tps: 2470.22 qps: 71037.84 (r/w/o: 32642.92/33454.49/4940.44) lat (ms,95%): 84.47 err/s: 0.00 reconn/s: 0.00
[ 174s ] thds: 64 tps: 2426.97 qps: 70489.13 (r/w/o: 32433.60/33202.09/4853.44) lat (ms,95%): 78.60 err/s: 0.00 reconn/s: 0.00
[ 176s ] thds: 64 tps: 2425.47 qps: 70203.64 (r/w/o: 32256.61/33096.60/4850.44) lat (ms,95%): 80.03 err/s: 0.00 reconn/s: 0.00
[ 178s ] thds: 64 tps: 2448.04 qps: 71354.04 (r/w/o: 32839.48/33617.99/4896.57) lat (ms,95%): 81.48 err/s: 0.00 reconn/s: 0.00
[ 180s ] thds: 64 tps: 2477.12 qps: 71845.90 (r/w/o: 33077.89/33813.28/4954.73) lat (ms,95%): 74.46 err/s: 0.00 reconn/s: 0.00
[ 182s ] thds: 64 tps: 2448.92 qps: 70548.58 (r/w/o: 32422.39/33228.86/4897.33) lat (ms,95%): 87.56 err/s: 0.00 reconn/s: 0.00
[ 184s ] thds: 64 tps: 2365.99 qps: 68479.78 (r/w/o: 31516.57/32230.72/4732.49) lat (ms,95%): 77.19 err/s: 0.00 reconn/s: 0.00
[ 186s ] thds: 64 tps: 2370.51 qps: 68782.67 (r/w/o: 31637.58/32404.08/4741.01) lat (ms,95%): 87.56 err/s: 0.00 reconn/s: 0.00
[ 188s ] thds: 64 tps: 2494.83 qps: 71170.70 (r/w/o: 32789.29/33392.25/4989.16) lat (ms,95%): 81.48 err/s: 0.00 reconn/s: 0.00
[ 190s ] thds: 64 tps: 2454.64 qps: 72145.60 (r/w/o: 33194.39/34041.43/4909.78) lat (ms,95%): 71.83 err/s: 0.00 reconn/s: 0.00
[ 192s ] thds: 64 tps: 2492.46 qps: 72802.35 (r/w/o: 33537.47/34280.96/4983.92) lat (ms,95%): 75.82 err/s: 0.00 reconn/s: 0.00
[ 194s ] thds: 64 tps: 2438.93 qps: 71037.99 (r/w/o: 32716.40/33442.73/4878.87) lat (ms,95%): 77.19 err/s: 0.00 reconn/s: 0.00
[ 196s ] thds: 64 tps: 2232.04 qps: 66250.07 (r/w/o: 30498.40/31287.59/4464.08) lat (ms,95%): 90.78 err/s: 0.00 reconn/s: 0.00
[ 198s ] thds: 64 tps: 2450.98 qps: 71276.80 (r/w/o: 32810.68/33564.17/4901.95) lat (ms,95%): 92.42 err/s: 0.00 reconn/s: 0.00
[ 200s ] thds: 64 tps: 2449.00 qps: 72130.04 (r/w/o: 33172.52/34059.52/4898.00) lat (ms,95%): 82.96 err/s: 0.00 reconn/s: 0.00
[ 202s ] thds: 64 tps: 2514.67 qps: 72186.42 (r/w/o: 33219.59/33938.00/5028.83) lat (ms,95%): 80.03 err/s: 0.00 reconn/s: 0.00
[ 204s ] thds: 64 tps: 2433.12 qps: 71376.87 (r/w/o: 32963.56/33547.09/4866.23) lat (ms,95%): 80.03 err/s: 0.00 reconn/s: 0.00
[ 206s ] thds: 64 tps: 2448.22 qps: 71284.31 (r/w/o: 32763.40/33624.48/4896.43) lat (ms,95%): 82.96 err/s: 0.00 reconn/s: 0.00
[ 208s ] thds: 64 tps: 2405.56 qps: 71208.21 (r/w/o: 32776.29/33620.81/4811.12) lat (ms,95%): 86.00 err/s: 0.00 reconn/s: 0.00
[ 210s ] thds: 64 tps: 2323.96 qps: 68243.92 (r/w/o: 31481.50/32113.99/4648.43) lat (ms,95%): 87.56 err/s: 0.00 reconn/s: 0.00
[ 212s ] thds: 64 tps: 2448.33 qps: 70743.63 (r/w/o: 32534.76/33312.71/4896.16) lat (ms,95%): 87.56 err/s: 0.00 reconn/s: 0.00
[ 214s ] thds: 64 tps: 2481.64 qps: 70109.35 (r/w/o: 32260.27/32885.31/4963.77) lat (ms,95%): 77.19 err/s: 0.00 reconn/s: 0.00
[ 216s ] thds: 64 tps: 2433.52 qps: 71413.72 (r/w/o: 32964.33/33582.34/4867.05) lat (ms,95%): 78.60 err/s: 0.00 reconn/s: 0.00
[ 218s ] thds: 64 tps: 2422.38 qps: 71487.76 (r/w/o: 32983.09/33660.91/4843.76) lat (ms,95%): 75.82 err/s: 0.00 reconn/s: 0.00
[ 220s ] thds: 64 tps: 2459.15 qps: 71774.94 (r/w/o: 33096.73/33758.91/4919.30) lat (ms,95%): 74.46 err/s: 0.00 reconn/s: 0.00
[ 222s ] thds: 64 tps: 2490.32 qps: 71512.40 (r/w/o: 32896.15/33636.60/4979.64) lat (ms,95%): 92.42 err/s: 0.00 reconn/s: 0.00
[ 224s ] thds: 64 tps: 2426.43 qps: 69478.08 (r/w/o: 31933.62/32690.60/4853.87) lat (ms,95%): 81.48 err/s: 0.00 reconn/s: 0.00
[ 226s ] thds: 64 tps: 2437.70 qps: 71524.94 (r/w/o: 32948.74/33700.80/4875.41) lat (ms,95%): 78.60 err/s: 0.00 reconn/s: 0.00
[ 228s ] thds: 64 tps: 2219.51 qps: 64175.30 (r/w/o: 29544.64/30191.64/4439.02) lat (ms,95%): 97.55 err/s: 0.00 reconn/s: 0.00
[ 230s ] thds: 64 tps: 2426.01 qps: 69895.14 (r/w/o: 32157.57/32886.07/4851.51) lat (ms,95%): 86.00 err/s: 0.00 reconn/s: 0.00
[ 232s ] thds: 64 tps: 2477.55 qps: 72161.10 (r/w/o: 33240.23/33965.25/4955.61) lat (ms,95%): 80.03 err/s: 0.00 reconn/s: 0.00
[ 234s ] thds: 64 tps: 2285.40 qps: 64895.18 (r/w/o: 29838.70/30485.67/4570.80) lat (ms,95%): 97.55 err/s: 0.00 reconn/s: 0.00
[ 236s ] thds: 64 tps: 2386.59 qps: 69226.23 (r/w/o: 31836.76/32616.29/4773.19) lat (ms,95%): 78.60 err/s: 0.00 reconn/s: 0.00
[ 238s ] thds: 64 tps: 2502.39 qps: 72061.89 (r/w/o: 33140.07/33917.04/5004.78) lat (ms,95%): 73.13 err/s: 0.00 reconn/s: 0.00
[ 240s ] thds: 64 tps: 2422.97 qps: 70593.25 (r/w/o: 32464.66/33282.65/4845.95) lat (ms,95%): 82.96 err/s: 0.00 reconn/s: 0.00
[ 242s ] thds: 64 tps: 2490.48 qps: 71702.87 (r/w/o: 33016.71/33705.20/4980.96) lat (ms,95%): 82.96 err/s: 0.00 reconn/s: 0.00
[ 244s ] thds: 64 tps: 2390.10 qps: 69757.00 (r/w/o: 32069.88/32906.92/4780.21) lat (ms,95%): 94.10 err/s: 0.00 reconn/s: 0.00
[ 246s ] thds: 64 tps: 2435.97 qps: 70335.06 (r/w/o: 32347.07/33117.06/4870.94) lat (ms,95%): 81.48 err/s: 0.00 reconn/s: 0.00
[ 248s ] thds: 64 tps: 2460.00 qps: 70316.44 (r/w/o: 32389.47/33006.47/4920.50) lat (ms,95%): 97.55 err/s: 0.00 reconn/s: 0.00
[ 250s ] thds: 64 tps: 2467.54 qps: 70854.52 (r/w/o: 32653.47/33265.48/4935.57) lat (ms,95%): 77.19 err/s: 0.00 reconn/s: 0.00
[ 252s ] thds: 64 tps: 2460.01 qps: 71955.79 (r/w/o: 33115.63/33920.14/4920.02) lat (ms,95%): 75.82 err/s: 0.00 reconn/s: 0.00
[ 254s ] thds: 64 tps: 2419.92 qps: 69920.72 (r/w/o: 32216.95/32864.43/4839.34) lat (ms,95%): 87.56 err/s: 0.00 reconn/s: 0.00
[ 256s ] thds: 64 tps: 2468.42 qps: 71110.63 (r/w/o: 32708.91/33464.39/4937.34) lat (ms,95%): 78.60 err/s: 0.00 reconn/s: 0.00
[ 258s ] thds: 64 tps: 2344.17 qps: 68180.97 (r/w/o: 31311.28/32181.35/4688.34) lat (ms,95%): 87.56 err/s: 0.00 reconn/s: 0.00
[ 260s ] thds: 64 tps: 2028.97 qps: 59183.01 (r/w/o: 27211.04/27914.53/4057.43) lat (ms,95%): 112.67 err/s: 0.00 reconn/s: 0.00
[ 262s ] thds: 64 tps: 2507.99 qps: 71808.10 (r/w/o: 33018.82/33772.81/5016.47) lat (ms,95%): 78.60 err/s: 0.00 reconn/s: 0.00
[ 264s ] thds: 64 tps: 2409.02 qps: 70588.13 (r/w/o: 32492.36/33283.21/4812.55) lat (ms,95%): 78.60 err/s: 0.00 reconn/s: 0.00
[ 266s ] thds: 64 tps: 2440.50 qps: 69478.95 (r/w/o: 31900.15/32692.30/4886.51) lat (ms,95%): 86.00 err/s: 0.00 reconn/s: 0.00
[ 268s ] thds: 64 tps: 2468.46 qps: 71702.21 (r/w/o: 33015.91/33749.40/4936.91) lat (ms,95%): 75.82 err/s: 0.00 reconn/s: 0.00
[ 270s ] thds: 64 tps: 2432.52 qps: 69418.47 (r/w/o: 31900.72/32651.72/4866.03) lat (ms,95%): 84.47 err/s: 0.00 reconn/s: 0.00
[ 272s ] thds: 64 tps: 2471.04 qps: 71452.08 (r/w/o: 32902.00/33609.01/4941.07) lat (ms,95%): 89.16 err/s: 0.00 reconn/s: 0.00
[ 274s ] thds: 64 tps: 2434.94 qps: 69916.16 (r/w/o: 32184.15/32863.13/4868.87) lat (ms,95%): 86.00 err/s: 0.00 reconn/s: 0.00
[ 276s ] thds: 64 tps: 2370.59 qps: 69817.67 (r/w/o: 32108.73/32968.26/4740.68) lat (ms,95%): 82.96 err/s: 0.00 reconn/s: 0.00
[ 278s ] thds: 64 tps: 2420.44 qps: 69563.66 (r/w/o: 31964.15/32757.13/4842.37) lat (ms,95%): 94.10 err/s: 0.00 reconn/s: 0.00
[ 280s ] thds: 64 tps: 2419.44 qps: 71407.23 (r/w/o: 32895.68/33673.66/4837.88) lat (ms,95%): 81.48 err/s: 0.00 reconn/s: 0.00
[ 282s ] thds: 64 tps: 2481.11 qps: 71481.78 (r/w/o: 32944.51/33574.04/4963.23) lat (ms,95%): 92.42 err/s: 0.00 reconn/s: 0.00
[ 284s ] thds: 64 tps: 2211.90 qps: 64858.64 (r/w/o: 29876.68/30558.65/4423.30) lat (ms,95%): 92.42 err/s: 0.00 reconn/s: 0.00
[ 286s ] thds: 64 tps: 2431.97 qps: 70112.19 (r/w/o: 32279.13/32968.62/4864.44) lat (ms,95%): 87.56 err/s: 0.00 reconn/s: 0.00
[ 288s ] thds: 64 tps: 2432.51 qps: 70198.77 (r/w/o: 32290.12/33043.63/4865.02) lat (ms,95%): 80.03 err/s: 0.00 reconn/s: 0.00
[ 290s ] thds: 64 tps: 2147.13 qps: 61781.63 (r/w/o: 28444.67/29042.71/4294.25) lat (ms,95%): 84.47 err/s: 0.00 reconn/s: 0.00
[ 292s ] thds: 64 tps: 2434.99 qps: 71523.28 (r/w/o: 32936.40/33716.90/4869.99) lat (ms,95%): 77.19 err/s: 0.00 reconn/s: 0.00
[ 294s ] thds: 64 tps: 2404.92 qps: 69979.77 (r/w/o: 32161.47/33008.95/4809.35) lat (ms,95%): 90.78 err/s: 0.00 reconn/s: 0.00
[ 296s ] thds: 64 tps: 2391.96 qps: 69175.93 (r/w/o: 31833.16/32558.35/4784.42) lat (ms,95%): 92.42 err/s: 0.00 reconn/s: 0.00
[ 298s ] thds: 64 tps: 2405.61 qps: 70434.98 (r/w/o: 32452.96/33170.79/4811.22) lat (ms,95%): 80.03 err/s: 0.00 reconn/s: 0.00
[ 300s ] thds: 64 tps: 2410.49 qps: 71254.85 (r/w/o: 32850.43/33585.93/4818.49) lat (ms,95%): 78.60 err/s: 0.00 reconn/s: 0.00
SQL statistics:
    queries performed:
        read:                            9968768
        write:                           10196946
        other:                           1491914
        total:                           21657628
    transactions:                        745893 (2485.74 per sec.)
    queries:                             21657628 (72175.67 per sec.)
    ignored errors:                      0      (0.00 per sec.)
    reconnects:                          0      (0.00 per sec.)

Throughput:
    events/s (eps):                      2485.7445
    time elapsed:                        300.0683s
    total number of events:              745893

Latency (ms):
         min:                                    0.46
         avg:                                   25.74
         max:                                  521.42
         95th percentile:                       78.60
         sum:                             19199010.20

Threads fairness:
    events (avg/stddev):           11654.5781/164.84
    execution time (avg/stddev):   299.9845/0.02

sysbench 1.1.0 (using bundled LuaJIT 2.1.0-beta3)

Running the test with following options:
Number of threads: 128
Report intermediate results every 2 second(s)
Initializing random number generator from current time


Initializing worker threads...

** Using FOR UPDATE : 1
** FORCE_PRIMARY : 0
** FORCE_NULL : 0
=> Using SESSION ops: 
Threads started!

[ 2s ] thds: 128 tps: 2486.87 qps: 73646.78 (r/w/o: 33829.36/34651.99/5165.43) lat (ms,95%): 186.54 err/s: 0.00 reconn/s: 0.00
[ 4s ] thds: 128 tps: 2344.66 qps: 67077.68 (r/w/o: 30773.15/31615.71/4688.83) lat (ms,95%): 215.44 err/s: 0.00 reconn/s: 0.00
[ 6s ] thds: 128 tps: 2265.95 qps: 65477.97 (r/w/o: 30066.64/30879.94/4531.39) lat (ms,95%): 223.34 err/s: 0.00 reconn/s: 0.00
[ 8s ] thds: 128 tps: 2454.51 qps: 71505.81 (r/w/o: 32946.32/33649.97/4909.52) lat (ms,95%): 223.34 err/s: 0.00 reconn/s: 0.00
[ 10s ] thds: 128 tps: 2409.98 qps: 69712.92 (r/w/o: 32051.23/32841.23/4820.46) lat (ms,95%): 219.36 err/s: 0.00 reconn/s: 0.00
[ 12s ] thds: 128 tps: 2429.00 qps: 71533.35 (r/w/o: 32971.93/33703.43/4857.99) lat (ms,95%): 227.40 err/s: 0.00 reconn/s: 0.00
[ 14s ] thds: 128 tps: 2435.90 qps: 70280.13 (r/w/o: 32374.18/33036.65/4869.30) lat (ms,95%): 207.82 err/s: 0.00 reconn/s: 0.00
[ 16s ] thds: 128 tps: 2466.15 qps: 71818.92 (r/w/o: 33112.54/33772.08/4934.30) lat (ms,95%): 179.94 err/s: 0.00 reconn/s: 0.00
[ 18s ] thds: 128 tps: 2381.51 qps: 70145.32 (r/w/o: 32316.65/33065.15/4763.52) lat (ms,95%): 262.64 err/s: 0.00 reconn/s: 0.00
[ 20s ] thds: 128 tps: 2372.94 qps: 69147.70 (r/w/o: 31818.17/32583.65/4745.88) lat (ms,95%): 240.02 err/s: 0.00 reconn/s: 0.00
[ 22s ] thds: 128 tps: 2357.54 qps: 68214.02 (r/w/o: 31377.97/32121.48/4714.57) lat (ms,95%): 189.93 err/s: 0.00 reconn/s: 0.00
[ 24s ] thds: 128 tps: 2562.97 qps: 73155.71 (r/w/o: 33647.14/34382.13/5126.44) lat (ms,95%): 193.38 err/s: 0.00 reconn/s: 0.00
[ 26s ] thds: 128 tps: 2564.22 qps: 75011.33 (r/w/o: 34506.07/35377.31/5127.95) lat (ms,95%): 196.89 err/s: 0.00 reconn/s: 0.00
[ 28s ] thds: 128 tps: 2598.68 qps: 75728.91 (r/w/o: 34863.67/35668.38/5196.87) lat (ms,95%): 183.21 err/s: 0.00 reconn/s: 0.00
[ 30s ] thds: 128 tps: 2528.06 qps: 73329.34 (r/w/o: 33718.35/34554.37/5056.63) lat (ms,95%): 200.47 err/s: 0.00 reconn/s: 0.00
[ 32s ] thds: 128 tps: 2624.38 qps: 75606.14 (r/w/o: 34817.45/35539.92/5248.77) lat (ms,95%): 186.54 err/s: 0.00 reconn/s: 0.00
[ 34s ] thds: 128 tps: 2599.49 qps: 76003.64 (r/w/o: 34990.83/35813.83/5198.98) lat (ms,95%): 179.94 err/s: 0.00 reconn/s: 0.00
[ 36s ] thds: 128 tps: 2581.51 qps: 75426.89 (r/w/o: 34760.68/35503.18/5163.03) lat (ms,95%): 193.38 err/s: 0.00 reconn/s: 0.00
[ 38s ] thds: 128 tps: 2629.01 qps: 75152.91 (r/w/o: 34474.04/35421.36/5257.51) lat (ms,95%): 186.54 err/s: 0.00 reconn/s: 0.00
[ 40s ] thds: 128 tps: 2494.53 qps: 73682.32 (r/w/o: 33857.88/34834.89/4989.56) lat (ms,95%): 189.93 err/s: 0.00 reconn/s: 0.00
[ 42s ] thds: 128 tps: 2632.63 qps: 75761.76 (r/w/o: 34857.90/35638.09/5265.77) lat (ms,95%): 262.64 err/s: 0.00 reconn/s: 0.00
[ 44s ] thds: 128 tps: 2587.25 qps: 75581.68 (r/w/o: 34780.54/35626.64/5174.50) lat (ms,95%): 183.21 err/s: 0.00 reconn/s: 0.00
[ 46s ] thds: 128 tps: 2531.18 qps: 75186.52 (r/w/o: 34628.63/35497.04/5060.85) lat (ms,95%): 244.38 err/s: 0.00 reconn/s: 0.00
[ 48s ] thds: 128 tps: 2639.46 qps: 75829.87 (r/w/o: 34875.98/35673.47/5280.42) lat (ms,95%): 183.21 err/s: 0.00 reconn/s: 0.00
[ 50s ] thds: 128 tps: 2518.93 qps: 73424.88 (r/w/o: 33765.52/34621.50/5037.85) lat (ms,95%): 167.44 err/s: 0.00 reconn/s: 0.00
[ 52s ] thds: 128 tps: 2634.95 qps: 75991.24 (r/w/o: 34950.25/35771.08/5269.91) lat (ms,95%): 176.73 err/s: 0.00 reconn/s: 0.00
[ 54s ] thds: 128 tps: 2567.16 qps: 75317.36 (r/w/o: 34672.91/35510.63/5133.82) lat (ms,95%): 215.44 err/s: 0.00 reconn/s: 0.00
[ 56s ] thds: 128 tps: 2621.30 qps: 75460.66 (r/w/o: 34723.31/35494.75/5242.59) lat (ms,95%): 161.51 err/s: 0.00 reconn/s: 0.00
[ 58s ] thds: 128 tps: 2603.51 qps: 75844.81 (r/w/o: 34917.64/35720.15/5207.02) lat (ms,95%): 227.40 err/s: 0.00 reconn/s: 0.00
[ 60s ] thds: 128 tps: 2578.95 qps: 73254.68 (r/w/o: 33695.90/34400.88/5157.91) lat (ms,95%): 167.44 err/s: 0.00 reconn/s: 0.00
[ 62s ] thds: 128 tps: 2607.92 qps: 75376.48 (r/w/o: 34655.90/35504.23/5216.35) lat (ms,95%): 183.21 err/s: 0.00 reconn/s: 0.00
[ 64s ] thds: 128 tps: 2622.68 qps: 75478.68 (r/w/o: 34700.88/35532.94/5244.86) lat (ms,95%): 161.51 err/s: 0.00 reconn/s: 0.00
[ 66s ] thds: 128 tps: 2563.95 qps: 74393.71 (r/w/o: 34230.59/35035.21/5127.91) lat (ms,95%): 196.89 err/s: 0.00 reconn/s: 0.00
[ 68s ] thds: 128 tps: 2599.39 qps: 75103.86 (r/w/o: 34495.06/35409.52/5199.28) lat (ms,95%): 204.11 err/s: 0.00 reconn/s: 0.00
[ 70s ] thds: 128 tps: 2518.18 qps: 73794.72 (r/w/o: 34013.41/34744.96/5036.36) lat (ms,95%): 164.45 err/s: 0.00 reconn/s: 0.00
[ 72s ] thds: 128 tps: 2591.92 qps: 76050.26 (r/w/o: 34984.97/35881.94/5183.35) lat (ms,95%): 173.58 err/s: 0.00 reconn/s: 0.00
[ 74s ] thds: 128 tps: 2604.02 qps: 75287.00 (r/w/o: 34659.06/35419.91/5208.03) lat (ms,95%): 164.45 err/s: 0.00 reconn/s: 0.00
[ 76s ] thds: 128 tps: 2589.10 qps: 75572.47 (r/w/o: 34826.55/35567.72/5178.20) lat (ms,95%): 207.82 err/s: 0.00 reconn/s: 0.00
[ 78s ] thds: 128 tps: 2586.74 qps: 74897.89 (r/w/o: 34450.50/35274.41/5172.97) lat (ms,95%): 223.34 err/s: 0.00 reconn/s: 0.00
[ 80s ] thds: 128 tps: 2561.84 qps: 72684.18 (r/w/o: 33465.39/34094.60/5124.19) lat (ms,95%): 193.38 err/s: 0.00 reconn/s: 0.00
[ 82s ] thds: 128 tps: 2565.90 qps: 75119.00 (r/w/o: 34632.40/35354.30/5132.30) lat (ms,95%): 193.38 err/s: 0.00 reconn/s: 0.00
[ 84s ] thds: 128 tps: 2580.07 qps: 74928.53 (r/w/o: 34510.44/35258.96/5159.14) lat (ms,95%): 173.58 err/s: 0.00 reconn/s: 0.00
[ 86s ] thds: 128 tps: 2563.40 qps: 74332.23 (r/w/o: 34223.05/34981.37/5127.81) lat (ms,95%): 207.82 err/s: 0.00 reconn/s: 0.00
[ 88s ] thds: 128 tps: 2429.01 qps: 71171.54 (r/w/o: 32743.42/33570.59/4857.53) lat (ms,95%): 215.44 err/s: 0.00 reconn/s: 0.00
[ 90s ] thds: 128 tps: 2368.98 qps: 69322.96 (r/w/o: 31954.25/32629.74/4738.96) lat (ms,95%): 200.47 err/s: 0.00 reconn/s: 0.00
[ 92s ] thds: 128 tps: 2436.52 qps: 70847.47 (r/w/o: 32649.22/33325.72/4872.53) lat (ms,95%): 207.82 err/s: 0.00 reconn/s: 0.00
[ 94s ] thds: 128 tps: 2238.85 qps: 65100.60 (r/w/o: 29978.97/30644.43/4477.20) lat (ms,95%): 227.40 err/s: 0.00 reconn/s: 0.00
[ 96s ] thds: 128 tps: 2417.23 qps: 69766.15 (r/w/o: 32077.56/32853.63/4834.96) lat (ms,95%): 186.54 err/s: 0.00 reconn/s: 0.00
[ 98s ] thds: 128 tps: 2331.60 qps: 68599.04 (r/w/o: 31661.40/32274.43/4663.21) lat (ms,95%): 223.34 err/s: 0.00 reconn/s: 0.00
[ 100s ] thds: 128 tps: 2313.33 qps: 67694.90 (r/w/o: 31138.65/31929.59/4626.65) lat (ms,95%): 257.95 err/s: 0.00 reconn/s: 0.00
[ 102s ] thds: 128 tps: 2139.02 qps: 62221.44 (r/w/o: 28547.70/29396.21/4277.53) lat (ms,95%): 253.35 err/s: 0.00 reconn/s: 0.00
[ 104s ] thds: 128 tps: 2394.22 qps: 70385.54 (r/w/o: 32482.10/33114.50/4788.94) lat (ms,95%): 176.73 err/s: 0.00 reconn/s: 0.00
[ 106s ] thds: 128 tps: 2358.97 qps: 69274.16 (r/w/o: 31879.36/32677.36/4717.44) lat (ms,95%): 193.38 err/s: 0.00 reconn/s: 0.00
[ 108s ] thds: 128 tps: 2378.77 qps: 69524.11 (r/w/o: 31997.91/32768.16/4758.05) lat (ms,95%): 207.82 err/s: 0.00 reconn/s: 0.00
[ 110s ] thds: 128 tps: 2301.56 qps: 66725.14 (r/w/o: 30659.75/31462.27/4603.11) lat (ms,95%): 193.38 err/s: 0.00 reconn/s: 0.00
[ 112s ] thds: 128 tps: 2423.56 qps: 69115.89 (r/w/o: 31798.20/32470.58/4847.12) lat (ms,95%): 262.64 err/s: 0.00 reconn/s: 0.00
[ 114s ] thds: 128 tps: 2439.38 qps: 70401.40 (r/w/o: 32407.52/33115.13/4878.76) lat (ms,95%): 211.60 err/s: 0.00 reconn/s: 0.00
[ 116s ] thds: 128 tps: 2373.03 qps: 69880.03 (r/w/o: 32115.97/33017.99/4746.07) lat (ms,95%): 193.38 err/s: 0.00 reconn/s: 0.00
[ 118s ] thds: 128 tps: 2288.04 qps: 66600.31 (r/w/o: 30607.10/31417.12/4576.09) lat (ms,95%): 193.38 err/s: 0.00 reconn/s: 0.00
[ 120s ] thds: 128 tps: 2333.92 qps: 67828.32 (r/w/o: 31273.49/31887.47/4667.35) lat (ms,95%): 231.53 err/s: 0.00 reconn/s: 0.00
[ 122s ] thds: 128 tps: 2449.55 qps: 70977.34 (r/w/o: 32693.62/33385.13/4898.59) lat (ms,95%): 215.44 err/s: 0.00 reconn/s: 0.00
[ 124s ] thds: 128 tps: 2405.95 qps: 70587.43 (r/w/o: 32503.28/33271.76/4812.39) lat (ms,95%): 219.36 err/s: 0.00 reconn/s: 0.00
[ 126s ] thds: 128 tps: 2393.63 qps: 69434.82 (r/w/o: 31995.76/32651.79/4787.26) lat (ms,95%): 277.21 err/s: 0.00 reconn/s: 0.00
[ 128s ] thds: 128 tps: 2405.17 qps: 68872.55 (r/w/o: 31661.66/32401.06/4809.84) lat (ms,95%): 196.89 err/s: 0.00 reconn/s: 0.00
[ 130s ] thds: 128 tps: 2333.20 qps: 68634.42 (r/w/o: 31606.23/32360.79/4667.40) lat (ms,95%): 227.40 err/s: 0.00 reconn/s: 0.00
[ 132s ] thds: 128 tps: 2424.50 qps: 69563.40 (r/w/o: 32018.96/32695.45/4848.99) lat (ms,95%): 193.38 err/s: 0.00 reconn/s: 0.00
[ 134s ] thds: 128 tps: 2074.07 qps: 61590.72 (r/w/o: 28379.02/29063.55/4148.15) lat (ms,95%): 303.33 err/s: 0.00 reconn/s: 0.00
[ 136s ] thds: 128 tps: 2395.28 qps: 69332.01 (r/w/o: 31853.02/32688.44/4790.55) lat (ms,95%): 207.82 err/s: 0.00 reconn/s: 0.00
[ 138s ] thds: 128 tps: 2423.15 qps: 70163.28 (r/w/o: 32324.97/32992.51/4845.80) lat (ms,95%): 142.39 err/s: 0.00 reconn/s: 0.00
[ 140s ] thds: 128 tps: 2290.01 qps: 67225.28 (r/w/o: 30943.13/31701.63/4580.52) lat (ms,95%): 308.84 err/s: 0.00 reconn/s: 0.00
[ 142s ] thds: 128 tps: 2231.98 qps: 65257.98 (r/w/o: 29983.26/30810.76/4463.96) lat (ms,95%): 253.35 err/s: 0.00 reconn/s: 0.00
[ 144s ] thds: 128 tps: 2283.72 qps: 66270.97 (r/w/o: 30556.11/31147.41/4567.45) lat (ms,95%): 223.34 err/s: 0.00 reconn/s: 0.00
[ 146s ] thds: 128 tps: 2397.94 qps: 69725.20 (r/w/o: 32090.35/32840.48/4794.37) lat (ms,95%): 179.94 err/s: 0.00 reconn/s: 0.00
[ 148s ] thds: 128 tps: 2384.40 qps: 69524.06 (r/w/o: 32006.82/32747.44/4769.79) lat (ms,95%): 219.36 err/s: 0.00 reconn/s: 0.00
[ 150s ] thds: 128 tps: 2338.88 qps: 68324.50 (r/w/o: 31462.39/32183.85/4678.26) lat (ms,95%): 223.34 err/s: 0.00 reconn/s: 0.00
[ 152s ] thds: 128 tps: 2454.17 qps: 71379.44 (r/w/o: 32915.78/33555.32/4908.34) lat (ms,95%): 196.89 err/s: 0.00 reconn/s: 0.00
[ 154s ] thds: 128 tps: 2391.97 qps: 69288.74 (r/w/o: 31847.65/32657.64/4783.45) lat (ms,95%): 235.74 err/s: 0.00 reconn/s: 0.00
[ 156s ] thds: 128 tps: 2387.98 qps: 69917.56 (r/w/o: 32211.71/32929.40/4776.45) lat (ms,95%): 200.47 err/s: 0.00 reconn/s: 0.00
[ 158s ] thds: 128 tps: 2382.48 qps: 70196.28 (r/w/o: 32341.76/33091.57/4762.95) lat (ms,95%): 227.40 err/s: 0.00 reconn/s: 0.00
[ 160s ] thds: 128 tps: 2339.45 qps: 68106.01 (r/w/o: 31361.81/32063.30/4680.90) lat (ms,95%): 282.25 err/s: 0.00 reconn/s: 0.00
[ 162s ] thds: 128 tps: 2400.03 qps: 70532.45 (r/w/o: 32513.94/33218.95/4799.56) lat (ms,95%): 204.11 err/s: 0.00 reconn/s: 0.00
[ 164s ] thds: 128 tps: 2377.52 qps: 67942.93 (r/w/o: 31218.20/31969.20/4755.53) lat (ms,95%): 193.38 err/s: 0.00 reconn/s: 0.00
[ 166s ] thds: 128 tps: 2387.51 qps: 69370.88 (r/w/o: 31986.68/32609.18/4775.03) lat (ms,95%): 235.74 err/s: 0.00 reconn/s: 0.00
[ 168s ] thds: 128 tps: 2268.56 qps: 66638.34 (r/w/o: 30712.35/31388.86/4537.12) lat (ms,95%): 227.40 err/s: 0.00 reconn/s: 0.00
[ 170s ] thds: 128 tps: 2375.27 qps: 67764.88 (r/w/o: 31228.45/31786.90/4749.54) lat (ms,95%): 211.60 err/s: 0.00 reconn/s: 0.00
[ 172s ] thds: 128 tps: 2360.12 qps: 68714.35 (r/w/o: 31634.54/32359.58/4720.23) lat (ms,95%): 193.38 err/s: 0.00 reconn/s: 0.00
[ 174s ] thds: 128 tps: 2351.47 qps: 68567.01 (r/w/o: 31615.67/32247.90/4703.44) lat (ms,95%): 186.54 err/s: 0.00 reconn/s: 0.00
[ 176s ] thds: 128 tps: 2155.00 qps: 61524.91 (r/w/o: 28292.07/28922.86/4309.99) lat (ms,95%): 235.74 err/s: 0.00 reconn/s: 0.00
[ 178s ] thds: 128 tps: 2323.99 qps: 67955.60 (r/w/o: 31307.32/31999.81/4648.47) lat (ms,95%): 282.25 err/s: 0.00 reconn/s: 0.00
[ 180s ] thds: 128 tps: 2271.20 qps: 65876.18 (r/w/o: 30327.06/31006.73/4542.39) lat (ms,95%): 244.38 err/s: 0.00 reconn/s: 0.00
[ 182s ] thds: 128 tps: 2363.70 qps: 69346.68 (r/w/o: 32007.04/32612.23/4727.40) lat (ms,95%): 287.38 err/s: 0.00 reconn/s: 0.00
[ 184s ] thds: 128 tps: 2355.61 qps: 67109.76 (r/w/o: 30827.50/31571.04/4711.23) lat (ms,95%): 253.35 err/s: 0.00 reconn/s: 0.00
[ 186s ] thds: 128 tps: 2007.15 qps: 58137.75 (r/w/o: 26758.96/27364.50/4014.29) lat (ms,95%): 248.83 err/s: 0.00 reconn/s: 0.00
[ 188s ] thds: 128 tps: 1618.48 qps: 46491.07 (r/w/o: 21367.80/21886.30/3236.97) lat (ms,95%): 282.25 err/s: 0.00 reconn/s: 0.00
[ 190s ] thds: 128 tps: 1719.49 qps: 49590.33 (r/w/o: 22849.42/23302.42/3438.49) lat (ms,95%): 262.64 err/s: 0.00 reconn/s: 0.00
[ 192s ] thds: 128 tps: 2352.48 qps: 68475.38 (r/w/o: 31506.71/32264.21/4704.46) lat (ms,95%): 235.74 err/s: 0.00 reconn/s: 0.00
[ 194s ] thds: 128 tps: 2192.99 qps: 63791.85 (r/w/o: 29363.43/30041.43/4386.99) lat (ms,95%): 179.94 err/s: 0.00 reconn/s: 0.00
[ 196s ] thds: 128 tps: 2330.81 qps: 69024.77 (r/w/o: 31776.86/32586.29/4661.61) lat (ms,95%): 272.27 err/s: 0.00 reconn/s: 0.00
[ 198s ] thds: 128 tps: 2382.20 qps: 67783.99 (r/w/o: 31175.59/31844.00/4764.40) lat (ms,95%): 235.74 err/s: 0.00 reconn/s: 0.00
[ 200s ] thds: 128 tps: 2325.47 qps: 67210.21 (r/w/o: 30918.31/31640.95/4650.95) lat (ms,95%): 219.36 err/s: 0.00 reconn/s: 0.00
[ 202s ] thds: 128 tps: 2358.04 qps: 68699.30 (r/w/o: 31591.60/32391.61/4716.09) lat (ms,95%): 189.93 err/s: 0.00 reconn/s: 0.00
[ 204s ] thds: 128 tps: 2373.99 qps: 68852.20 (r/w/o: 31706.36/32397.86/4747.98) lat (ms,95%): 193.38 err/s: 0.00 reconn/s: 0.00
[ 206s ] thds: 128 tps: 2319.50 qps: 67199.14 (r/w/o: 30913.57/31646.57/4639.01) lat (ms,95%): 337.94 err/s: 0.00 reconn/s: 0.00
[ 208s ] thds: 128 tps: 2094.56 qps: 61410.66 (r/w/o: 28338.07/28883.46/4189.12) lat (ms,95%): 337.94 err/s: 0.00 reconn/s: 0.00
[ 210s ] thds: 128 tps: 2292.44 qps: 66561.34 (r/w/o: 30616.40/31360.55/4584.38) lat (ms,95%): 215.44 err/s: 0.00 reconn/s: 0.00
[ 212s ] thds: 128 tps: 2349.37 qps: 68909.68 (r/w/o: 31703.24/32507.20/4699.24) lat (ms,95%): 227.40 err/s: 0.00 reconn/s: 0.00
[ 214s ] thds: 128 tps: 2375.62 qps: 68313.83 (r/w/o: 31443.03/32120.06/4750.73) lat (ms,95%): 211.60 err/s: 0.00 reconn/s: 0.00
[ 216s ] thds: 128 tps: 2355.50 qps: 68749.49 (r/w/o: 31693.00/32345.00/4711.50) lat (ms,95%): 189.93 err/s: 0.00 reconn/s: 0.00
[ 218s ] thds: 128 tps: 2310.55 qps: 66302.45 (r/w/o: 30529.17/31152.18/4621.10) lat (ms,95%): 204.11 err/s: 0.00 reconn/s: 0.00
[ 220s ] thds: 128 tps: 2243.02 qps: 65524.61 (r/w/o: 30197.78/30840.79/4486.04) lat (ms,95%): 204.11 err/s: 0.00 reconn/s: 0.00
[ 222s ] thds: 128 tps: 2359.24 qps: 68903.37 (r/w/o: 31712.81/32473.07/4717.48) lat (ms,95%): 223.34 err/s: 0.00 reconn/s: 0.00
[ 224s ] thds: 128 tps: 2371.70 qps: 68193.73 (r/w/o: 31390.31/32060.01/4743.41) lat (ms,95%): 204.11 err/s: 0.00 reconn/s: 0.00
[ 226s ] thds: 128 tps: 2329.98 qps: 69581.46 (r/w/o: 32104.25/32817.25/4659.96) lat (ms,95%): 227.40 err/s: 0.00 reconn/s: 0.00
[ 228s ] thds: 128 tps: 2325.44 qps: 67643.28 (r/w/o: 31144.71/31846.69/4651.88) lat (ms,95%): 207.82 err/s: 0.00 reconn/s: 0.00
[ 230s ] thds: 128 tps: 2288.12 qps: 66241.02 (r/w/o: 30463.12/31202.16/4575.74) lat (ms,95%): 196.89 err/s: 0.00 reconn/s: 0.00
[ 232s ] thds: 128 tps: 2371.03 qps: 68908.91 (r/w/o: 31731.39/32434.95/4742.57) lat (ms,95%): 193.38 err/s: 0.00 reconn/s: 0.00
[ 234s ] thds: 128 tps: 2333.38 qps: 67840.24 (r/w/o: 31190.50/31982.97/4666.77) lat (ms,95%): 200.47 err/s: 0.00 reconn/s: 0.00
[ 236s ] thds: 128 tps: 2366.05 qps: 68166.40 (r/w/o: 31405.14/32029.16/4732.10) lat (ms,95%): 253.35 err/s: 0.00 reconn/s: 0.00
[ 238s ] thds: 128 tps: 2108.38 qps: 62069.07 (r/w/o: 28631.42/29221.38/4216.27) lat (ms,95%): 253.35 err/s: 0.00 reconn/s: 0.00
[ 240s ] thds: 128 tps: 2264.02 qps: 66362.61 (r/w/o: 30583.78/31250.29/4528.54) lat (ms,95%): 223.34 err/s: 0.00 reconn/s: 0.00
[ 242s ] thds: 128 tps: 2266.66 qps: 65941.28 (r/w/o: 30366.70/31041.25/4533.33) lat (ms,95%): 248.83 err/s: 0.00 reconn/s: 0.00
[ 244s ] thds: 128 tps: 2317.39 qps: 66967.39 (r/w/o: 30813.57/31519.03/4634.78) lat (ms,95%): 204.11 err/s: 0.00 reconn/s: 0.00
[ 246s ] thds: 128 tps: 2397.93 qps: 68148.46 (r/w/o: 31351.06/32001.54/4795.86) lat (ms,95%): 211.60 err/s: 0.00 reconn/s: 0.00
[ 248s ] thds: 128 tps: 2295.56 qps: 67477.77 (r/w/o: 31083.31/31803.33/4591.12) lat (ms,95%): 253.35 err/s: 0.00 reconn/s: 0.00
[ 250s ] thds: 128 tps: 2265.00 qps: 66754.01 (r/w/o: 30686.00/31538.00/4530.00) lat (ms,95%): 196.89 err/s: 0.00 reconn/s: 0.00
[ 252s ] thds: 128 tps: 2338.99 qps: 68390.68 (r/w/o: 31463.35/32250.85/4676.48) lat (ms,95%): 240.02 err/s: 0.00 reconn/s: 0.00
[ 254s ] thds: 128 tps: 2311.14 qps: 68360.35 (r/w/o: 31510.09/32226.98/4623.28) lat (ms,95%): 211.60 err/s: 0.00 reconn/s: 0.00
[ 256s ] thds: 128 tps: 2389.77 qps: 68606.37 (r/w/o: 31610.13/32216.20/4780.05) lat (ms,95%): 211.60 err/s: 0.00 reconn/s: 0.00
[ 258s ] thds: 128 tps: 2315.58 qps: 67714.28 (r/w/o: 31219.55/31863.57/4631.16) lat (ms,95%): 193.38 err/s: 0.00 reconn/s: 0.00
[ 260s ] thds: 128 tps: 2263.03 qps: 65703.37 (r/w/o: 30269.90/30907.41/4526.06) lat (ms,95%): 207.82 err/s: 0.00 reconn/s: 0.00
[ 262s ] thds: 128 tps: 2357.48 qps: 68613.49 (r/w/o: 31592.27/32306.26/4714.97) lat (ms,95%): 211.60 err/s: 0.00 reconn/s: 0.00
[ 264s ] thds: 128 tps: 2328.45 qps: 67977.53 (r/w/o: 31360.13/31960.49/4656.91) lat (ms,95%): 240.02 err/s: 0.00 reconn/s: 0.00
[ 266s ] thds: 128 tps: 2356.60 qps: 69031.65 (r/w/o: 31813.64/32504.81/4713.21) lat (ms,95%): 196.89 err/s: 0.00 reconn/s: 0.00
[ 268s ] thds: 128 tps: 2223.51 qps: 63879.68 (r/w/o: 29401.58/30031.09/4447.01) lat (ms,95%): 223.34 err/s: 0.00 reconn/s: 0.00
[ 270s ] thds: 128 tps: 2029.46 qps: 59460.34 (r/w/o: 27397.46/28004.95/4057.92) lat (ms,95%): 257.95 err/s: 0.00 reconn/s: 0.00
[ 272s ] thds: 128 tps: 2331.25 qps: 68765.27 (r/w/o: 31638.17/32464.09/4663.01) lat (ms,95%): 240.02 err/s: 0.00 reconn/s: 0.00
[ 274s ] thds: 128 tps: 2345.76 qps: 68245.42 (r/w/o: 31395.41/32158.00/4692.01) lat (ms,95%): 186.54 err/s: 0.00 reconn/s: 0.00
[ 276s ] thds: 128 tps: 2324.06 qps: 68112.69 (r/w/o: 31344.28/32120.30/4648.12) lat (ms,95%): 207.82 err/s: 0.00 reconn/s: 0.00
[ 278s ] thds: 128 tps: 2355.94 qps: 66567.45 (r/w/o: 30573.79/31281.77/4711.89) lat (ms,95%): 215.44 err/s: 0.00 reconn/s: 0.00
[ 280s ] thds: 128 tps: 2304.74 qps: 66694.03 (r/w/o: 30748.06/31336.49/4609.48) lat (ms,95%): 240.02 err/s: 0.00 reconn/s: 0.00
[ 282s ] thds: 128 tps: 2371.28 qps: 67455.83 (r/w/o: 31003.60/31709.68/4742.55) lat (ms,95%): 200.47 err/s: 0.00 reconn/s: 0.00
[ 284s ] thds: 128 tps: 2314.02 qps: 67906.93 (r/w/o: 31212.75/32066.65/4627.53) lat (ms,95%): 257.95 err/s: 0.00 reconn/s: 0.00
[ 286s ] thds: 128 tps: 2307.86 qps: 67853.23 (r/w/o: 31252.29/31984.70/4616.23) lat (ms,95%): 282.25 err/s: 0.00 reconn/s: 0.00
[ 288s ] thds: 128 tps: 2307.08 qps: 67278.96 (r/w/o: 30993.14/31672.16/4613.67) lat (ms,95%): 227.40 err/s: 0.00 reconn/s: 0.00
[ 290s ] thds: 128 tps: 2262.42 qps: 66020.66 (r/w/o: 30384.42/31112.90/4523.34) lat (ms,95%): 183.21 err/s: 0.00 reconn/s: 0.00
[ 292s ] thds: 128 tps: 2189.60 qps: 63996.81 (r/w/o: 29463.79/30151.82/4381.19) lat (ms,95%): 244.38 err/s: 0.00 reconn/s: 0.00
[ 294s ] thds: 128 tps: 2350.16 qps: 67953.73 (r/w/o: 31283.50/31970.40/4699.82) lat (ms,95%): 186.54 err/s: 0.00 reconn/s: 0.00
[ 296s ] thds: 128 tps: 2347.83 qps: 68492.58 (r/w/o: 31561.42/32235.01/4696.16) lat (ms,95%): 200.47 err/s: 0.00 reconn/s: 0.00
[ 298s ] thds: 128 tps: 2284.97 qps: 67258.24 (r/w/o: 30924.65/31764.64/4568.95) lat (ms,95%): 204.11 err/s: 0.00 reconn/s: 0.00
[ 300s ] thds: 128 tps: 2192.83 qps: 65061.40 (r/w/o: 29984.15/30691.59/4385.66) lat (ms,95%): 257.95 err/s: 0.00 reconn/s: 0.00
SQL statistics:
    queries performed:
        read:                            9540554
        write:                           9759435
        other:                           1425994
        total:                           20725983
    transactions:                        712869 (2375.35 per sec.)
    queries:                             20725983 (69061.14 per sec.)
    ignored errors:                      0      (0.00 per sec.)
    reconnects:                          0      (0.00 per sec.)

Throughput:
    events/s (eps):                      2375.3540
    time elapsed:                        300.1106s
    total number of events:              712869

Latency (ms):
         min:                                    0.43
         avg:                                   53.87
         max:                                  745.46
         95th percentile:                      211.60
         sum:                             38403279.84

Threads fairness:
    events (avg/stddev):           5569.2891/100.74
    execution time (avg/stddev):   300.0256/0.03

