sysbench 1.1.0 (using bundled LuaJIT 2.1.0-beta3)

Running the test with following options:
Number of threads: 4
Report intermediate results every 2 second(s)
Initializing random number generator from current time


Initializing worker threads...

** Using FOR UPDATE : 1
** FORCE_PRIMARY : 0
** FORCE_NULL : 0
=> Using SESSION ops: 
Threads started!

[ 2s ] thds: 4 tps: 1542.39 qps: 44637.86 (r/w/o: 20527.89/21019.20/3090.78) lat (ms,95%): 5.77 err/s: 0.00 reconn/s: 0.00
[ 4s ] thds: 4 tps: 1626.19 qps: 47161.49 (r/w/o: 21753.03/22156.08/3252.38) lat (ms,95%): 5.28 err/s: 0.00 reconn/s: 0.00
[ 6s ] thds: 4 tps: 1342.10 qps: 38888.53 (r/w/o: 17921.90/18282.43/2684.21) lat (ms,95%): 5.99 err/s: 0.00 reconn/s: 0.00
[ 8s ] thds: 4 tps: 1396.49 qps: 40122.62 (r/w/o: 18445.82/18883.82/2792.97) lat (ms,95%): 5.99 err/s: 0.00 reconn/s: 0.00
[ 10s ] thds: 4 tps: 364.01 qps: 10206.69 (r/w/o: 4690.09/4788.59/728.01) lat (ms,95%): 29.72 err/s: 0.00 reconn/s: 0.00
[ 12s ] thds: 4 tps: 221.47 qps: 6481.48 (r/w/o: 2973.53/3065.02/442.93) lat (ms,95%): 29.72 err/s: 0.00 reconn/s: 0.00
[ 14s ] thds: 4 tps: 450.07 qps: 12573.92 (r/w/o: 5782.88/5890.90/900.14) lat (ms,95%): 28.67 err/s: 0.00 reconn/s: 0.00
[ 16s ] thds: 4 tps: 674.01 qps: 19647.76 (r/w/o: 9058.62/9241.12/1348.02) lat (ms,95%): 26.20 err/s: 0.00 reconn/s: 0.00
[ 18s ] thds: 4 tps: 252.47 qps: 7041.77 (r/w/o: 3241.66/3295.16/504.95) lat (ms,95%): 27.17 err/s: 0.00 reconn/s: 0.00
[ 20s ] thds: 4 tps: 1026.08 qps: 29786.81 (r/w/o: 13728.07/14006.59/2052.16) lat (ms,95%): 12.98 err/s: 0.00 reconn/s: 0.00
[ 22s ] thds: 4 tps: 1647.95 qps: 48275.45 (r/w/o: 22250.79/22728.77/3295.89) lat (ms,95%): 5.28 err/s: 0.00 reconn/s: 0.00
[ 24s ] thds: 4 tps: 1542.99 qps: 44251.78 (r/w/o: 20395.90/20769.90/3085.98) lat (ms,95%): 5.77 err/s: 0.00 reconn/s: 0.00
[ 26s ] thds: 4 tps: 1473.52 qps: 43505.57 (r/w/o: 20040.26/20518.27/2947.04) lat (ms,95%): 5.99 err/s: 0.00 reconn/s: 0.00
[ 28s ] thds: 4 tps: 1573.50 qps: 45890.90 (r/w/o: 21113.95/21629.95/3146.99) lat (ms,95%): 5.67 err/s: 0.00 reconn/s: 0.00
[ 30s ] thds: 4 tps: 1620.54 qps: 45745.14 (r/w/o: 21039.02/21465.03/3241.08) lat (ms,95%): 5.57 err/s: 0.00 reconn/s: 0.00
[ 32s ] thds: 4 tps: 810.00 qps: 24352.45 (r/w/o: 11254.48/11477.98/1620.00) lat (ms,95%): 22.28 err/s: 0.00 reconn/s: 0.00
[ 34s ] thds: 4 tps: 442.96 qps: 12857.83 (r/w/o: 5902.46/6069.45/885.92) lat (ms,95%): 15.00 err/s: 0.00 reconn/s: 0.00
[ 36s ] thds: 4 tps: 1546.65 qps: 45021.24 (r/w/o: 20659.45/21268.50/3093.29) lat (ms,95%): 5.99 err/s: 0.00 reconn/s: 0.00
[ 38s ] thds: 4 tps: 1521.46 qps: 44145.26 (r/w/o: 20330.93/20771.42/3042.91) lat (ms,95%): 5.67 err/s: 0.00 reconn/s: 0.00
[ 40s ] thds: 4 tps: 1546.50 qps: 43510.07 (r/w/o: 19949.03/20468.03/3093.00) lat (ms,95%): 5.88 err/s: 0.00 reconn/s: 0.00
[ 42s ] thds: 4 tps: 1598.51 qps: 46119.17 (r/w/o: 21226.08/21696.08/3197.01) lat (ms,95%): 5.47 err/s: 0.00 reconn/s: 0.00
[ 44s ] thds: 4 tps: 1581.54 qps: 46248.61 (r/w/o: 21333.01/21752.52/3163.08) lat (ms,95%): 5.47 err/s: 0.00 reconn/s: 0.00
[ 46s ] thds: 4 tps: 1627.00 qps: 46291.94 (r/w/o: 21295.47/21742.47/3254.00) lat (ms,95%): 5.28 err/s: 0.00 reconn/s: 0.00
[ 48s ] thds: 4 tps: 1581.95 qps: 46434.98 (r/w/o: 21405.30/21865.78/3163.90) lat (ms,95%): 5.37 err/s: 0.00 reconn/s: 0.00
[ 50s ] thds: 4 tps: 1578.06 qps: 45312.79 (r/w/o: 20849.32/21307.34/3156.12) lat (ms,95%): 5.67 err/s: 0.00 reconn/s: 0.00
[ 52s ] thds: 4 tps: 399.46 qps: 11769.39 (r/w/o: 5415.99/5554.48/798.92) lat (ms,95%): 35.59 err/s: 0.00 reconn/s: 0.00
[ 54s ] thds: 4 tps: 820.55 qps: 23083.40 (r/w/o: 10622.64/10819.65/1641.10) lat (ms,95%): 13.46 err/s: 0.00 reconn/s: 0.00
[ 56s ] thds: 4 tps: 1590.56 qps: 46055.12 (r/w/o: 21199.75/21674.26/3181.11) lat (ms,95%): 5.57 err/s: 0.00 reconn/s: 0.00
[ 58s ] thds: 4 tps: 1567.89 qps: 45265.96 (r/w/o: 20835.10/21295.07/3135.79) lat (ms,95%): 5.47 err/s: 0.00 reconn/s: 0.00
[ 60s ] thds: 4 tps: 1554.10 qps: 44257.27 (r/w/o: 20358.77/20790.30/3108.19) lat (ms,95%): 5.77 err/s: 0.00 reconn/s: 0.00
[ 62s ] thds: 4 tps: 1575.45 qps: 45725.02 (r/w/o: 20993.82/21580.30/3150.90) lat (ms,95%): 5.67 err/s: 0.00 reconn/s: 0.00
[ 64s ] thds: 4 tps: 1541.02 qps: 46137.52 (r/w/o: 21262.74/21792.75/3082.03) lat (ms,95%): 5.57 err/s: 0.00 reconn/s: 0.00
[ 66s ] thds: 4 tps: 1610.53 qps: 45807.72 (r/w/o: 21068.83/21517.84/3221.05) lat (ms,95%): 5.37 err/s: 0.00 reconn/s: 0.00
[ 68s ] thds: 4 tps: 1591.98 qps: 46274.01 (r/w/o: 21307.77/21782.27/3183.97) lat (ms,95%): 5.47 err/s: 0.00 reconn/s: 0.00
[ 70s ] thds: 4 tps: 1234.60 qps: 35800.80 (r/w/o: 16485.61/16845.99/2469.19) lat (ms,95%): 6.79 err/s: 0.00 reconn/s: 0.00
[ 72s ] thds: 4 tps: 362.13 qps: 10697.81 (r/w/o: 4961.77/5011.79/724.26) lat (ms,95%): 25.74 err/s: 0.00 reconn/s: 0.00
[ 74s ] thds: 4 tps: 1160.46 qps: 34243.44 (r/w/o: 15791.51/16131.00/2320.93) lat (ms,95%): 11.65 err/s: 0.00 reconn/s: 0.00
[ 76s ] thds: 4 tps: 1588.48 qps: 47019.89 (r/w/o: 21621.22/22221.71/3176.96) lat (ms,95%): 5.57 err/s: 0.00 reconn/s: 0.00
[ 78s ] thds: 4 tps: 1589.51 qps: 46495.83 (r/w/o: 21427.65/21889.16/3179.02) lat (ms,95%): 5.57 err/s: 0.00 reconn/s: 0.00
[ 80s ] thds: 4 tps: 1569.97 qps: 45854.03 (r/w/o: 21078.55/21635.54/3139.93) lat (ms,95%): 5.77 err/s: 0.00 reconn/s: 0.00
[ 82s ] thds: 4 tps: 1575.52 qps: 46079.60 (r/w/o: 21237.78/21690.78/3151.04) lat (ms,95%): 5.67 err/s: 0.00 reconn/s: 0.00
[ 84s ] thds: 4 tps: 1528.05 qps: 44286.37 (r/w/o: 20364.13/20866.15/3056.09) lat (ms,95%): 5.67 err/s: 0.00 reconn/s: 0.00
[ 86s ] thds: 4 tps: 1606.38 qps: 45728.10 (r/w/o: 21026.94/21488.40/3212.76) lat (ms,95%): 5.57 err/s: 0.00 reconn/s: 0.00
[ 88s ] thds: 4 tps: 708.47 qps: 19932.71 (r/w/o: 9166.64/9349.13/1416.94) lat (ms,95%): 23.95 err/s: 0.00 reconn/s: 0.00
[ 90s ] thds: 4 tps: 433.06 qps: 12594.62 (r/w/o: 5816.25/5912.26/866.11) lat (ms,95%): 16.41 err/s: 0.00 reconn/s: 0.00
[ 92s ] thds: 4 tps: 1518.42 qps: 44217.09 (r/w/o: 20370.89/20809.37/3036.83) lat (ms,95%): 5.99 err/s: 0.00 reconn/s: 0.00
[ 94s ] thds: 4 tps: 1648.03 qps: 47385.31 (r/w/o: 21845.88/22243.38/3296.06) lat (ms,95%): 5.18 err/s: 0.00 reconn/s: 0.00
[ 96s ] thds: 4 tps: 1601.93 qps: 46388.85 (r/w/o: 21403.51/21781.49/3203.85) lat (ms,95%): 5.28 err/s: 0.00 reconn/s: 0.00
[ 98s ] thds: 4 tps: 1575.10 qps: 45963.05 (r/w/o: 21081.40/21731.44/3150.21) lat (ms,95%): 5.77 err/s: 0.00 reconn/s: 0.00
[ 100s ] thds: 4 tps: 1578.98 qps: 45070.89 (r/w/o: 20703.72/21209.21/3157.96) lat (ms,95%): 5.77 err/s: 0.00 reconn/s: 0.00
[ 102s ] thds: 4 tps: 1582.01 qps: 45929.39 (r/w/o: 21144.68/21620.68/3164.03) lat (ms,95%): 5.47 err/s: 0.00 reconn/s: 0.00
[ 104s ] thds: 4 tps: 1619.49 qps: 46350.66 (r/w/o: 21357.34/21754.34/3238.98) lat (ms,95%): 5.28 err/s: 0.00 reconn/s: 0.00
[ 106s ] thds: 4 tps: 1581.40 qps: 45995.23 (r/w/o: 21158.23/21674.19/3162.81) lat (ms,95%): 5.67 err/s: 0.00 reconn/s: 0.00
[ 108s ] thds: 4 tps: 622.56 qps: 18614.75 (r/w/o: 8635.31/8734.32/1245.12) lat (ms,95%): 21.50 err/s: 0.00 reconn/s: 0.00
[ 110s ] thds: 4 tps: 499.33 qps: 14168.27 (r/w/o: 6524.82/6644.78/998.67) lat (ms,95%): 14.73 err/s: 0.00 reconn/s: 0.00
[ 112s ] thds: 4 tps: 1303.40 qps: 38279.16 (r/w/o: 17627.37/18045.50/2606.29) lat (ms,95%): 6.21 err/s: 0.00 reconn/s: 0.00
[ 114s ] thds: 4 tps: 283.01 qps: 8368.26 (r/w/o: 3844.12/3957.62/566.52) lat (ms,95%): 29.19 err/s: 0.00 reconn/s: 0.00
[ 116s ] thds: 4 tps: 238.48 qps: 6620.46 (r/w/o: 3047.25/3096.25/476.96) lat (ms,95%): 28.67 err/s: 0.00 reconn/s: 0.00
[ 118s ] thds: 4 tps: 825.53 qps: 23936.79 (r/w/o: 11060.86/11224.87/1651.05) lat (ms,95%): 15.55 err/s: 0.00 reconn/s: 0.00
[ 120s ] thds: 4 tps: 1547.51 qps: 45668.70 (r/w/o: 21043.59/21530.09/3095.01) lat (ms,95%): 5.67 err/s: 0.00 reconn/s: 0.00
[ 122s ] thds: 4 tps: 1553.49 qps: 45454.34 (r/w/o: 20945.93/21401.42/3106.99) lat (ms,95%): 5.77 err/s: 0.00 reconn/s: 0.00
[ 124s ] thds: 4 tps: 1627.49 qps: 47461.25 (r/w/o: 21874.88/22331.38/3254.98) lat (ms,95%): 5.18 err/s: 0.00 reconn/s: 0.00
[ 126s ] thds: 4 tps: 1612.03 qps: 45867.76 (r/w/o: 21094.85/21548.86/3224.05) lat (ms,95%): 5.47 err/s: 0.00 reconn/s: 0.00
[ 128s ] thds: 4 tps: 1557.97 qps: 45033.63 (r/w/o: 20758.10/21159.59/3115.94) lat (ms,95%): 5.67 err/s: 0.00 reconn/s: 0.00
[ 130s ] thds: 4 tps: 1511.06 qps: 44690.26 (r/w/o: 20560.81/21107.33/3022.12) lat (ms,95%): 5.99 err/s: 0.00 reconn/s: 0.00
[ 132s ] thds: 4 tps: 833.94 qps: 23810.69 (r/w/o: 10924.17/11218.65/1667.87) lat (ms,95%): 20.74 err/s: 0.00 reconn/s: 0.00
[ 134s ] thds: 4 tps: 440.00 qps: 12842.11 (r/w/o: 5886.05/6076.05/880.01) lat (ms,95%): 15.27 err/s: 0.00 reconn/s: 0.00
[ 136s ] thds: 4 tps: 1510.58 qps: 43827.31 (r/w/o: 20146.56/20659.59/3021.16) lat (ms,95%): 6.21 err/s: 0.00 reconn/s: 0.00
[ 138s ] thds: 4 tps: 1633.50 qps: 47130.13 (r/w/o: 21670.06/22193.06/3267.01) lat (ms,95%): 5.37 err/s: 0.00 reconn/s: 0.00
[ 140s ] thds: 4 tps: 1591.39 qps: 46497.84 (r/w/o: 21447.54/21867.52/3182.78) lat (ms,95%): 5.37 err/s: 0.00 reconn/s: 0.00
[ 142s ] thds: 4 tps: 1619.62 qps: 47150.01 (r/w/o: 21728.62/22182.15/3239.24) lat (ms,95%): 5.37 err/s: 0.00 reconn/s: 0.00
[ 144s ] thds: 4 tps: 1621.39 qps: 46775.69 (r/w/o: 21571.48/21961.45/3242.77) lat (ms,95%): 5.28 err/s: 0.00 reconn/s: 0.00
[ 146s ] thds: 4 tps: 1589.10 qps: 46782.99 (r/w/o: 21560.38/22044.41/3178.20) lat (ms,95%): 5.47 err/s: 0.00 reconn/s: 0.00
[ 148s ] thds: 4 tps: 1628.99 qps: 46614.59 (r/w/o: 21448.31/21908.31/3257.97) lat (ms,95%): 5.47 err/s: 0.00 reconn/s: 0.00
[ 150s ] thds: 4 tps: 1391.21 qps: 40253.75 (r/w/o: 18504.71/18966.61/2782.43) lat (ms,95%): 5.99 err/s: 0.00 reconn/s: 0.00
[ 152s ] thds: 4 tps: 328.58 qps: 9688.83 (r/w/o: 4463.57/4568.10/657.16) lat (ms,95%): 36.89 err/s: 0.00 reconn/s: 0.00
[ 154s ] thds: 4 tps: 1052.48 qps: 30259.03 (r/w/o: 13947.28/14206.78/2104.97) lat (ms,95%): 12.98 err/s: 0.00 reconn/s: 0.00
[ 156s ] thds: 4 tps: 1635.51 qps: 46766.65 (r/w/o: 21471.57/22024.57/3270.51) lat (ms,95%): 5.57 err/s: 0.00 reconn/s: 0.00
[ 158s ] thds: 4 tps: 1636.94 qps: 47563.31 (r/w/o: 21939.72/22349.21/3274.38) lat (ms,95%): 5.09 err/s: 0.00 reconn/s: 0.00
[ 160s ] thds: 4 tps: 1601.53 qps: 46306.35 (r/w/o: 21304.89/21798.40/3203.06) lat (ms,95%): 5.37 err/s: 0.00 reconn/s: 0.00
[ 162s ] thds: 4 tps: 1615.01 qps: 46637.82 (r/w/o: 21452.15/21955.65/3230.02) lat (ms,95%): 5.57 err/s: 0.00 reconn/s: 0.00
[ 164s ] thds: 4 tps: 1601.02 qps: 46518.47 (r/w/o: 21409.22/21907.22/3202.03) lat (ms,95%): 5.47 err/s: 0.00 reconn/s: 0.00
[ 166s ] thds: 4 tps: 1621.50 qps: 46608.86 (r/w/o: 21454.93/21910.93/3242.99) lat (ms,95%): 5.37 err/s: 0.00 reconn/s: 0.00
[ 168s ] thds: 4 tps: 1594.99 qps: 46784.84 (r/w/o: 21527.43/22067.43/3189.99) lat (ms,95%): 5.57 err/s: 0.00 reconn/s: 0.00
[ 170s ] thds: 4 tps: 1077.20 qps: 31290.36 (r/w/o: 14427.02/14708.94/2154.41) lat (ms,95%): 7.17 err/s: 0.00 reconn/s: 0.00
[ 172s ] thds: 4 tps: 412.08 qps: 11631.64 (r/w/o: 5308.48/5499.01/824.15) lat (ms,95%): 20.37 err/s: 0.00 reconn/s: 0.00
[ 174s ] thds: 4 tps: 1255.11 qps: 35406.21 (r/w/o: 16306.48/16589.51/2510.23) lat (ms,95%): 7.43 err/s: 0.00 reconn/s: 0.00
[ 176s ] thds: 4 tps: 1618.01 qps: 46761.79 (r/w/o: 21531.13/21994.64/3236.02) lat (ms,95%): 5.47 err/s: 0.00 reconn/s: 0.00
[ 178s ] thds: 4 tps: 1609.97 qps: 46909.76 (r/w/o: 21569.16/22120.65/3219.95) lat (ms,95%): 5.47 err/s: 0.00 reconn/s: 0.00
[ 180s ] thds: 4 tps: 1582.00 qps: 46092.47 (r/w/o: 21272.49/21656.49/3163.50) lat (ms,95%): 5.28 err/s: 0.00 reconn/s: 0.00
[ 182s ] thds: 4 tps: 1591.51 qps: 46186.37 (r/w/o: 21240.17/21762.68/3183.53) lat (ms,95%): 5.57 err/s: 0.00 reconn/s: 0.00
[ 184s ] thds: 4 tps: 1569.38 qps: 46505.05 (r/w/o: 21404.41/21961.87/3138.77) lat (ms,95%): 5.88 err/s: 0.00 reconn/s: 0.00
[ 186s ] thds: 4 tps: 1616.59 qps: 46659.54 (r/w/o: 21511.67/21914.69/3233.18) lat (ms,95%): 5.37 err/s: 0.00 reconn/s: 0.00
[ 188s ] thds: 4 tps: 1551.04 qps: 45776.78 (r/w/o: 21088.09/21586.61/3102.09) lat (ms,95%): 5.67 err/s: 0.00 reconn/s: 0.00
[ 190s ] thds: 4 tps: 352.47 qps: 10306.64 (r/w/o: 4741.10/4860.59/704.94) lat (ms,95%): 37.56 err/s: 0.00 reconn/s: 0.00
[ 192s ] thds: 4 tps: 728.55 qps: 21275.10 (r/w/o: 9736.73/10081.26/1457.11) lat (ms,95%): 13.22 err/s: 0.00 reconn/s: 0.00
[ 194s ] thds: 4 tps: 1366.47 qps: 39115.13 (r/w/o: 17976.60/18405.59/2732.94) lat (ms,95%): 6.21 err/s: 0.00 reconn/s: 0.00
[ 196s ] thds: 4 tps: 368.47 qps: 10925.24 (r/w/o: 5049.65/5138.64/736.95) lat (ms,95%): 30.26 err/s: 0.00 reconn/s: 0.00
[ 198s ] thds: 4 tps: 244.00 qps: 6912.52 (r/w/o: 3191.01/3233.51/488.00) lat (ms,95%): 28.67 err/s: 0.00 reconn/s: 0.00
[ 200s ] thds: 4 tps: 561.05 qps: 16175.90 (r/w/o: 7445.64/7608.16/1122.10) lat (ms,95%): 27.17 err/s: 0.00 reconn/s: 0.00
[ 202s ] thds: 4 tps: 1634.90 qps: 46931.50 (r/w/o: 21603.12/22059.09/3269.29) lat (ms,95%): 5.37 err/s: 0.00 reconn/s: 0.00
[ 204s ] thds: 4 tps: 1649.00 qps: 47326.99 (r/w/o: 21763.00/22265.50/3298.50) lat (ms,95%): 5.37 err/s: 0.00 reconn/s: 0.00
[ 206s ] thds: 4 tps: 1616.99 qps: 46849.30 (r/w/o: 21585.91/22029.41/3233.99) lat (ms,95%): 5.47 err/s: 0.00 reconn/s: 0.00
[ 208s ] thds: 4 tps: 1605.57 qps: 47753.48 (r/w/o: 22010.41/22531.93/3211.13) lat (ms,95%): 5.37 err/s: 0.00 reconn/s: 0.00
[ 210s ] thds: 4 tps: 1530.92 qps: 45494.98 (r/w/o: 20912.84/21520.31/3061.83) lat (ms,95%): 5.88 err/s: 0.00 reconn/s: 0.00
[ 212s ] thds: 4 tps: 1547.53 qps: 44467.94 (r/w/o: 20466.43/20906.44/3095.07) lat (ms,95%): 5.67 err/s: 0.00 reconn/s: 0.00
[ 214s ] thds: 4 tps: 303.49 qps: 8802.69 (r/w/o: 4073.86/4121.85/606.98) lat (ms,95%): 38.94 err/s: 0.00 reconn/s: 0.00
[ 216s ] thds: 4 tps: 878.51 qps: 24493.32 (r/w/o: 11270.65/11465.65/1757.02) lat (ms,95%): 13.46 err/s: 0.00 reconn/s: 0.00
[ 218s ] thds: 4 tps: 1609.54 qps: 47664.82 (r/w/o: 21968.61/22477.12/3219.09) lat (ms,95%): 5.47 err/s: 0.00 reconn/s: 0.00
[ 220s ] thds: 4 tps: 1631.61 qps: 46957.13 (r/w/o: 21630.44/22063.47/3263.22) lat (ms,95%): 5.09 err/s: 0.00 reconn/s: 0.00
[ 222s ] thds: 4 tps: 1617.86 qps: 46765.01 (r/w/o: 21473.67/22055.62/3235.72) lat (ms,95%): 5.67 err/s: 0.00 reconn/s: 0.00
[ 224s ] thds: 4 tps: 1603.12 qps: 46386.44 (r/w/o: 21331.58/21848.62/3206.24) lat (ms,95%): 5.57 err/s: 0.00 reconn/s: 0.00
[ 226s ] thds: 4 tps: 1576.49 qps: 46511.30 (r/w/o: 21392.41/21965.90/3152.99) lat (ms,95%): 5.57 err/s: 0.00 reconn/s: 0.00
[ 228s ] thds: 4 tps: 1633.96 qps: 46819.97 (r/w/o: 21548.53/22003.52/3267.93) lat (ms,95%): 5.28 err/s: 0.00 reconn/s: 0.00
[ 230s ] thds: 4 tps: 1598.49 qps: 46118.21 (r/w/o: 21297.36/21623.86/3196.98) lat (ms,95%): 5.28 err/s: 0.00 reconn/s: 0.00
[ 232s ] thds: 4 tps: 1069.95 qps: 31461.10 (r/w/o: 14485.36/14835.84/2139.91) lat (ms,95%): 7.43 err/s: 0.00 reconn/s: 0.00
[ 234s ] thds: 4 tps: 379.01 qps: 11253.71 (r/w/o: 5167.10/5328.60/758.01) lat (ms,95%): 21.50 err/s: 0.00 reconn/s: 0.00
[ 236s ] thds: 4 tps: 1366.96 qps: 38955.78 (r/w/o: 17930.94/18290.93/2733.91) lat (ms,95%): 6.91 err/s: 0.00 reconn/s: 0.00
[ 238s ] thds: 4 tps: 1574.62 qps: 46320.11 (r/w/o: 21315.66/21855.21/3149.25) lat (ms,95%): 5.67 err/s: 0.00 reconn/s: 0.00
[ 240s ] thds: 4 tps: 1577.49 qps: 46315.82 (r/w/o: 21288.92/21871.92/3154.99) lat (ms,95%): 5.67 err/s: 0.00 reconn/s: 0.00
[ 242s ] thds: 4 tps: 1638.49 qps: 46651.76 (r/w/o: 21442.89/21931.89/3276.98) lat (ms,95%): 5.47 err/s: 0.00 reconn/s: 0.00
[ 244s ] thds: 4 tps: 1584.49 qps: 46400.18 (r/w/o: 21395.35/21835.85/3168.98) lat (ms,95%): 5.47 err/s: 0.00 reconn/s: 0.00
[ 246s ] thds: 4 tps: 1573.05 qps: 46538.06 (r/w/o: 21474.72/21917.23/3146.11) lat (ms,95%): 5.37 err/s: 0.00 reconn/s: 0.00
[ 248s ] thds: 4 tps: 1595.46 qps: 46875.90 (r/w/o: 21602.99/22081.98/3190.93) lat (ms,95%): 5.47 err/s: 0.00 reconn/s: 0.00
[ 250s ] thds: 4 tps: 1478.63 qps: 42175.02 (r/w/o: 19380.18/19837.57/2957.27) lat (ms,95%): 5.99 err/s: 0.00 reconn/s: 0.00
[ 252s ] thds: 4 tps: 307.05 qps: 8991.49 (r/w/o: 4135.69/4241.71/614.10) lat (ms,95%): 37.56 err/s: 0.00 reconn/s: 0.00
[ 254s ] thds: 4 tps: 933.07 qps: 27354.53 (r/w/o: 12539.43/12948.96/1866.14) lat (ms,95%): 13.22 err/s: 0.00 reconn/s: 0.00
[ 256s ] thds: 4 tps: 1606.43 qps: 47000.36 (r/w/o: 21673.51/22113.99/3212.85) lat (ms,95%): 5.47 err/s: 0.00 reconn/s: 0.00
[ 258s ] thds: 4 tps: 1594.63 qps: 47022.29 (r/w/o: 21684.25/22148.78/3189.26) lat (ms,95%): 5.47 err/s: 0.00 reconn/s: 0.00
[ 260s ] thds: 4 tps: 1621.00 qps: 46625.05 (r/w/o: 21457.02/21926.02/3242.00) lat (ms,95%): 5.47 err/s: 0.00 reconn/s: 0.00
[ 262s ] thds: 4 tps: 1587.48 qps: 46274.01 (r/w/o: 21300.27/21798.77/3174.97) lat (ms,95%): 5.67 err/s: 0.00 reconn/s: 0.00
[ 264s ] thds: 4 tps: 1604.50 qps: 46304.46 (r/w/o: 21293.98/21801.48/3209.00) lat (ms,95%): 5.57 err/s: 0.00 reconn/s: 0.00
[ 266s ] thds: 4 tps: 1587.51 qps: 46466.36 (r/w/o: 21405.17/21886.17/3175.02) lat (ms,95%): 5.47 err/s: 0.00 reconn/s: 0.00
[ 268s ] thds: 4 tps: 1521.01 qps: 45272.23 (r/w/o: 20762.10/21468.11/3042.02) lat (ms,95%): 6.09 err/s: 0.00 reconn/s: 0.00
[ 270s ] thds: 4 tps: 475.97 qps: 13530.57 (r/w/o: 6204.07/6374.56/951.93) lat (ms,95%): 36.89 err/s: 0.00 reconn/s: 0.00
[ 272s ] thds: 4 tps: 588.03 qps: 17630.90 (r/w/o: 8126.41/8328.42/1176.06) lat (ms,95%): 13.95 err/s: 0.00 reconn/s: 0.00
[ 274s ] thds: 4 tps: 1254.41 qps: 36096.50 (r/w/o: 16654.85/16932.83/2508.83) lat (ms,95%): 6.21 err/s: 0.00 reconn/s: 0.00
[ 276s ] thds: 4 tps: 486.50 qps: 14225.54 (r/w/o: 6546.02/6706.52/973.00) lat (ms,95%): 29.19 err/s: 0.00 reconn/s: 0.00
[ 278s ] thds: 4 tps: 231.95 qps: 6638.08 (r/w/o: 3049.35/3124.83/463.90) lat (ms,95%): 29.19 err/s: 0.00 reconn/s: 0.00
[ 280s ] thds: 4 tps: 566.17 qps: 16515.58 (r/w/o: 7616.84/7766.39/1132.35) lat (ms,95%): 26.68 err/s: 0.00 reconn/s: 0.00
[ 282s ] thds: 4 tps: 1639.93 qps: 47199.88 (r/w/o: 21761.52/22158.50/3279.85) lat (ms,95%): 5.18 err/s: 0.00 reconn/s: 0.00
[ 284s ] thds: 4 tps: 1627.51 qps: 47235.32 (r/w/o: 21730.65/22249.65/3255.02) lat (ms,95%): 5.57 err/s: 0.00 reconn/s: 0.00
[ 286s ] thds: 4 tps: 1616.98 qps: 47083.29 (r/w/o: 21656.17/22193.66/3233.45) lat (ms,95%): 5.57 err/s: 0.00 reconn/s: 0.00
[ 288s ] thds: 4 tps: 1585.56 qps: 46457.90 (r/w/o: 21389.88/21896.40/3171.63) lat (ms,95%): 5.57 err/s: 0.00 reconn/s: 0.00
[ 290s ] thds: 4 tps: 1591.98 qps: 45901.38 (r/w/o: 21097.71/21619.71/3183.96) lat (ms,95%): 5.57 err/s: 0.00 reconn/s: 0.00
[ 292s ] thds: 4 tps: 1610.99 qps: 46447.34 (r/w/o: 21402.43/21822.93/3221.99) lat (ms,95%): 5.57 err/s: 0.00 reconn/s: 0.00
[ 294s ] thds: 4 tps: 873.33 qps: 24986.09 (r/w/o: 11507.74/11731.70/1746.66) lat (ms,95%): 20.00 err/s: 0.00 reconn/s: 0.00
[ 296s ] thds: 4 tps: 451.55 qps: 13051.07 (r/w/o: 5997.72/6150.24/903.11) lat (ms,95%): 15.55 err/s: 0.00 reconn/s: 0.00
[ 298s ] thds: 4 tps: 1489.50 qps: 43561.58 (r/w/o: 20057.04/20525.54/2979.01) lat (ms,95%): 6.21 err/s: 0.00 reconn/s: 0.00
[ 300s ] thds: 4 tps: 1598.11 qps: 46041.61 (r/w/o: 21209.43/21635.96/3196.22) lat (ms,95%): 5.57 err/s: 0.00 reconn/s: 0.00
SQL statistics:
    queries performed:
        read:                            5130077
        write:                           5245788
        other:                           768268
        total:                           11144133
    transactions:                        384130 (1280.43 per sec.)
    queries:                             11144133 (37146.88 per sec.)
    ignored errors:                      0      (0.00 per sec.)
    reconnects:                          0      (0.00 per sec.)

Throughput:
    events/s (eps):                      1280.4253
    time elapsed:                        300.0019s
    total number of events:              384130

Latency (ms):
         min:                                    0.25
         avg:                                    3.12
         max:                                  106.07
         95th percentile:                        6.91
         sum:                              1199601.85

Threads fairness:
    events (avg/stddev):           96032.5000/402.26
    execution time (avg/stddev):   299.9005/0.00

sysbench 1.1.0 (using bundled LuaJIT 2.1.0-beta3)

Running the test with following options:
Number of threads: 8
Report intermediate results every 2 second(s)
Initializing random number generator from current time


Initializing worker threads...

** Using FOR UPDATE : 1
** FORCE_PRIMARY : 0
** FORCE_NULL : 0
=> Using SESSION ops: 
Threads started!

[ 2s ] thds: 8 tps: 1346.19 qps: 39311.92 (r/w/o: 18104.82/18502.73/2704.38) lat (ms,95%): 26.20 err/s: 0.00 reconn/s: 0.00
[ 4s ] thds: 8 tps: 1616.49 qps: 47008.13 (r/w/o: 21639.83/22135.33/3232.97) lat (ms,95%): 13.95 err/s: 0.00 reconn/s: 0.00
[ 6s ] thds: 8 tps: 2155.06 qps: 61874.81 (r/w/o: 28426.83/29137.85/4310.13) lat (ms,95%): 8.13 err/s: 0.00 reconn/s: 0.00
[ 8s ] thds: 8 tps: 2470.86 qps: 71895.55 (r/w/o: 33111.18/33842.64/4941.73) lat (ms,95%): 7.30 err/s: 0.00 reconn/s: 0.00
[ 10s ] thds: 8 tps: 2465.08 qps: 70571.36 (r/w/o: 32417.09/33224.11/4930.17) lat (ms,95%): 7.56 err/s: 0.00 reconn/s: 0.00
[ 12s ] thds: 8 tps: 1087.97 qps: 31344.68 (r/w/o: 14439.12/14729.61/2175.94) lat (ms,95%): 39.65 err/s: 0.00 reconn/s: 0.00
[ 14s ] thds: 8 tps: 527.33 qps: 15188.32 (r/w/o: 7002.65/7130.99/1054.67) lat (ms,95%): 43.39 err/s: 0.00 reconn/s: 0.00
[ 16s ] thds: 8 tps: 1649.60 qps: 47302.83 (r/w/o: 21732.72/22270.91/3299.21) lat (ms,95%): 15.00 err/s: 0.00 reconn/s: 0.00
[ 18s ] thds: 8 tps: 1823.05 qps: 53397.60 (r/w/o: 24616.74/25134.75/3646.11) lat (ms,95%): 10.09 err/s: 0.00 reconn/s: 0.00
[ 20s ] thds: 8 tps: 1865.00 qps: 54110.96 (r/w/o: 24917.48/25463.48/3730.00) lat (ms,95%): 9.22 err/s: 0.00 reconn/s: 0.00
[ 22s ] thds: 8 tps: 2080.95 qps: 59355.63 (r/w/o: 27339.87/27853.86/4161.90) lat (ms,95%): 8.13 err/s: 0.00 reconn/s: 0.00
[ 24s ] thds: 8 tps: 1275.05 qps: 37280.38 (r/w/o: 17183.99/17546.29/2550.10) lat (ms,95%): 28.16 err/s: 0.00 reconn/s: 0.00
[ 26s ] thds: 8 tps: 2028.91 qps: 59192.07 (r/w/o: 27259.03/27875.22/4057.82) lat (ms,95%): 8.43 err/s: 0.00 reconn/s: 0.00
[ 28s ] thds: 8 tps: 1759.06 qps: 51053.68 (r/w/o: 23513.27/24022.29/3518.12) lat (ms,95%): 11.87 err/s: 0.00 reconn/s: 0.00
[ 30s ] thds: 8 tps: 1883.13 qps: 56066.21 (r/w/o: 25840.78/26459.17/3766.26) lat (ms,95%): 9.39 err/s: 0.00 reconn/s: 0.00
[ 32s ] thds: 8 tps: 420.73 qps: 12369.36 (r/w/o: 5683.31/5844.59/841.45) lat (ms,95%): 43.39 err/s: 0.00 reconn/s: 0.00
[ 34s ] thds: 8 tps: 645.01 qps: 18908.86 (r/w/o: 8679.67/8939.17/1290.02) lat (ms,95%): 30.26 err/s: 0.00 reconn/s: 0.00
[ 36s ] thds: 8 tps: 2221.61 qps: 64993.09 (r/w/o: 29891.42/30658.46/4443.21) lat (ms,95%): 7.70 err/s: 0.00 reconn/s: 0.00
[ 38s ] thds: 8 tps: 2289.42 qps: 67299.05 (r/w/o: 31026.87/31693.35/4578.83) lat (ms,95%): 7.70 err/s: 0.00 reconn/s: 0.00
[ 40s ] thds: 8 tps: 2430.49 qps: 71159.19 (r/w/o: 32810.86/33487.35/4860.98) lat (ms,95%): 7.30 err/s: 0.00 reconn/s: 0.00
[ 42s ] thds: 8 tps: 2405.51 qps: 70906.30 (r/w/o: 32636.14/33459.14/4811.02) lat (ms,95%): 7.56 err/s: 0.00 reconn/s: 0.00
[ 44s ] thds: 8 tps: 2378.02 qps: 68023.61 (r/w/o: 31310.78/31956.79/4756.04) lat (ms,95%): 7.70 err/s: 0.00 reconn/s: 0.00
[ 46s ] thds: 8 tps: 2281.95 qps: 67937.14 (r/w/o: 31320.87/32052.36/4563.91) lat (ms,95%): 7.70 err/s: 0.00 reconn/s: 0.00
[ 48s ] thds: 8 tps: 601.54 qps: 17835.61 (r/w/o: 8192.51/8440.03/1203.07) lat (ms,95%): 41.10 err/s: 0.00 reconn/s: 0.00
[ 50s ] thds: 8 tps: 848.91 qps: 23910.46 (r/w/o: 10978.84/11233.81/1697.82) lat (ms,95%): 22.28 err/s: 0.00 reconn/s: 0.00
[ 52s ] thds: 8 tps: 1672.13 qps: 48774.66 (r/w/o: 22417.18/23013.23/3344.25) lat (ms,95%): 10.65 err/s: 0.00 reconn/s: 0.00
[ 54s ] thds: 8 tps: 1356.91 qps: 39417.82 (r/w/o: 18167.76/18536.24/2713.82) lat (ms,95%): 25.28 err/s: 0.00 reconn/s: 0.00
[ 56s ] thds: 8 tps: 365.03 qps: 10777.24 (r/w/o: 4971.84/5075.35/730.05) lat (ms,95%): 38.94 err/s: 0.00 reconn/s: 0.00
[ 58s ] thds: 8 tps: 353.00 qps: 10414.51 (r/w/o: 4795.00/4913.50/706.00) lat (ms,95%): 41.85 err/s: 0.00 reconn/s: 0.00
[ 60s ] thds: 8 tps: 1722.46 qps: 50810.78 (r/w/o: 23393.44/23972.42/3444.92) lat (ms,95%): 12.30 err/s: 0.00 reconn/s: 0.00
[ 62s ] thds: 8 tps: 1724.53 qps: 49284.10 (r/w/o: 22677.72/23157.31/3449.07) lat (ms,95%): 12.98 err/s: 0.00 reconn/s: 0.00
[ 64s ] thds: 8 tps: 2307.49 qps: 67806.62 (r/w/o: 31206.98/31984.65/4614.99) lat (ms,95%): 7.70 err/s: 0.00 reconn/s: 0.00
[ 66s ] thds: 8 tps: 2437.45 qps: 70757.60 (r/w/o: 32552.86/33329.84/4874.90) lat (ms,95%): 7.56 err/s: 0.00 reconn/s: 0.00
[ 68s ] thds: 8 tps: 2476.49 qps: 70554.22 (r/w/o: 32458.37/33142.87/4952.98) lat (ms,95%): 7.43 err/s: 0.00 reconn/s: 0.00
[ 70s ] thds: 8 tps: 911.95 qps: 26455.43 (r/w/o: 12197.27/12434.26/1823.89) lat (ms,95%): 39.65 err/s: 0.00 reconn/s: 0.00
[ 72s ] thds: 8 tps: 614.98 qps: 18272.44 (r/w/o: 8407.24/8635.24/1229.96) lat (ms,95%): 30.81 err/s: 0.00 reconn/s: 0.00
[ 74s ] thds: 8 tps: 1851.73 qps: 52786.94 (r/w/o: 24333.97/24749.52/3703.45) lat (ms,95%): 10.09 err/s: 0.00 reconn/s: 0.00
[ 76s ] thds: 8 tps: 2131.45 qps: 62217.54 (r/w/o: 28602.33/29352.31/4262.90) lat (ms,95%): 7.98 err/s: 0.00 reconn/s: 0.00
[ 78s ] thds: 8 tps: 2404.55 qps: 70773.96 (r/w/o: 32585.17/33379.69/4809.10) lat (ms,95%): 7.70 err/s: 0.00 reconn/s: 0.00
[ 80s ] thds: 8 tps: 2417.93 qps: 70661.92 (r/w/o: 32547.04/33279.02/4835.86) lat (ms,95%): 7.56 err/s: 0.00 reconn/s: 0.00
[ 82s ] thds: 8 tps: 2397.02 qps: 69291.51 (r/w/o: 31843.73/32653.74/4794.04) lat (ms,95%): 7.70 err/s: 0.00 reconn/s: 0.00
[ 84s ] thds: 8 tps: 2330.98 qps: 67879.85 (r/w/o: 31226.20/31991.70/4661.96) lat (ms,95%): 7.84 err/s: 0.00 reconn/s: 0.00
[ 86s ] thds: 8 tps: 2002.48 qps: 58548.46 (r/w/o: 27004.25/27539.24/4004.96) lat (ms,95%): 8.13 err/s: 0.00 reconn/s: 0.00
[ 88s ] thds: 8 tps: 489.99 qps: 13608.61 (r/w/o: 6228.82/6399.82/979.97) lat (ms,95%): 41.10 err/s: 0.00 reconn/s: 0.00
[ 90s ] thds: 8 tps: 1451.58 qps: 43156.84 (r/w/o: 19926.08/20327.60/2903.16) lat (ms,95%): 13.70 err/s: 0.00 reconn/s: 0.00
[ 92s ] thds: 8 tps: 2161.93 qps: 63346.52 (r/w/o: 29216.09/29806.57/4323.86) lat (ms,95%): 7.84 err/s: 0.00 reconn/s: 0.00
[ 94s ] thds: 8 tps: 2434.56 qps: 69143.18 (r/w/o: 31780.77/32493.29/4869.12) lat (ms,95%): 7.56 err/s: 0.00 reconn/s: 0.00
[ 96s ] thds: 8 tps: 2374.56 qps: 68719.36 (r/w/o: 31579.36/32390.88/4749.13) lat (ms,95%): 7.70 err/s: 0.00 reconn/s: 0.00
[ 98s ] thds: 8 tps: 2482.45 qps: 71398.97 (r/w/o: 32878.80/33555.28/4964.89) lat (ms,95%): 7.70 err/s: 0.00 reconn/s: 0.00
[ 100s ] thds: 8 tps: 2496.95 qps: 72725.01 (r/w/o: 33438.82/34292.30/4993.90) lat (ms,95%): 7.70 err/s: 0.00 reconn/s: 0.00
[ 102s ] thds: 8 tps: 2500.03 qps: 72453.74 (r/w/o: 33309.34/34144.35/5000.05) lat (ms,95%): 7.70 err/s: 0.00 reconn/s: 0.00
[ 104s ] thds: 8 tps: 2493.03 qps: 71719.41 (r/w/o: 32950.42/33782.93/4986.06) lat (ms,95%): 7.70 err/s: 0.00 reconn/s: 0.00
[ 106s ] thds: 8 tps: 2507.82 qps: 73095.38 (r/w/o: 33670.14/34409.59/5015.65) lat (ms,95%): 7.70 err/s: 0.00 reconn/s: 0.00
[ 108s ] thds: 8 tps: 2474.14 qps: 73193.68 (r/w/o: 33737.43/34507.97/4948.28) lat (ms,95%): 7.56 err/s: 0.00 reconn/s: 0.00
[ 110s ] thds: 8 tps: 2475.48 qps: 72661.51 (r/w/o: 33454.28/34256.27/4950.97) lat (ms,95%): 7.70 err/s: 0.00 reconn/s: 0.00
[ 112s ] thds: 8 tps: 2509.06 qps: 73272.28 (r/w/o: 33814.82/34439.34/5018.12) lat (ms,95%): 7.43 err/s: 0.00 reconn/s: 0.00
[ 114s ] thds: 8 tps: 2463.95 qps: 72575.98 (r/w/o: 33456.30/34191.78/4927.90) lat (ms,95%): 7.56 err/s: 0.00 reconn/s: 0.00
[ 116s ] thds: 8 tps: 2490.48 qps: 73334.93 (r/w/o: 33823.24/34530.73/4980.96) lat (ms,95%): 7.43 err/s: 0.00 reconn/s: 0.00
[ 118s ] thds: 8 tps: 2561.10 qps: 73111.83 (r/w/o: 33676.81/34312.83/5122.20) lat (ms,95%): 7.17 err/s: 0.00 reconn/s: 0.00
[ 120s ] thds: 8 tps: 2460.91 qps: 72764.45 (r/w/o: 33537.32/34305.30/4921.83) lat (ms,95%): 7.70 err/s: 0.00 reconn/s: 0.00
[ 122s ] thds: 8 tps: 2513.55 qps: 72669.99 (r/w/o: 33466.69/34176.70/5026.60) lat (ms,95%): 7.56 err/s: 0.00 reconn/s: 0.00
[ 124s ] thds: 8 tps: 2462.46 qps: 71360.34 (r/w/o: 32797.46/33637.95/4924.92) lat (ms,95%): 7.84 err/s: 0.00 reconn/s: 0.00
[ 126s ] thds: 8 tps: 2469.05 qps: 72075.33 (r/w/o: 33229.62/33907.13/4938.59) lat (ms,95%): 7.70 err/s: 0.00 reconn/s: 0.00
[ 128s ] thds: 8 tps: 2535.50 qps: 72283.95 (r/w/o: 33218.48/33994.48/5071.00) lat (ms,95%): 7.70 err/s: 0.00 reconn/s: 0.00
[ 130s ] thds: 8 tps: 2491.96 qps: 72132.37 (r/w/o: 33171.98/33976.47/4983.92) lat (ms,95%): 7.70 err/s: 0.00 reconn/s: 0.00
[ 132s ] thds: 8 tps: 2464.94 qps: 72402.14 (r/w/o: 33324.15/34148.12/4929.87) lat (ms,95%): 7.70 err/s: 0.00 reconn/s: 0.00
[ 134s ] thds: 8 tps: 2144.62 qps: 62019.91 (r/w/o: 28485.07/29245.61/4289.24) lat (ms,95%): 8.43 err/s: 0.00 reconn/s: 0.00
[ 136s ] thds: 8 tps: 1392.50 qps: 40097.98 (r/w/o: 18421.49/18891.49/2785.00) lat (ms,95%): 11.04 err/s: 0.00 reconn/s: 0.00
[ 138s ] thds: 8 tps: 1345.00 qps: 38632.50 (r/w/o: 17773.50/18169.50/2689.50) lat (ms,95%): 11.65 err/s: 0.00 reconn/s: 0.00
[ 140s ] thds: 8 tps: 1341.01 qps: 38839.28 (r/w/o: 17830.13/18326.63/2682.52) lat (ms,95%): 11.65 err/s: 0.00 reconn/s: 0.00
[ 142s ] thds: 8 tps: 1320.00 qps: 38531.10 (r/w/o: 17742.55/18148.55/2640.01) lat (ms,95%): 11.45 err/s: 0.00 reconn/s: 0.00
[ 144s ] thds: 8 tps: 1342.99 qps: 40333.79 (r/w/o: 18594.91/19052.90/2685.99) lat (ms,95%): 11.45 err/s: 0.00 reconn/s: 0.00
[ 146s ] thds: 8 tps: 1155.86 qps: 34239.94 (r/w/o: 15781.63/16146.59/2311.73) lat (ms,95%): 16.12 err/s: 0.00 reconn/s: 0.00
[ 148s ] thds: 8 tps: 1323.18 qps: 38461.37 (r/w/o: 17712.47/18102.53/2646.37) lat (ms,95%): 11.65 err/s: 0.00 reconn/s: 0.00
[ 150s ] thds: 8 tps: 1340.49 qps: 38335.21 (r/w/o: 17618.37/18035.86/2680.98) lat (ms,95%): 11.45 err/s: 0.00 reconn/s: 0.00
[ 152s ] thds: 8 tps: 1331.30 qps: 38824.22 (r/w/o: 17890.84/18270.78/2662.60) lat (ms,95%): 11.65 err/s: 0.00 reconn/s: 0.00
[ 154s ] thds: 8 tps: 1332.17 qps: 39940.13 (r/w/o: 18359.86/18915.93/2664.34) lat (ms,95%): 11.65 err/s: 0.00 reconn/s: 0.00
[ 156s ] thds: 8 tps: 1375.90 qps: 39498.00 (r/w/o: 18164.62/18582.09/2751.29) lat (ms,95%): 11.45 err/s: 0.00 reconn/s: 0.00
[ 158s ] thds: 8 tps: 1258.13 qps: 36718.38 (r/w/o: 16913.29/17288.32/2516.77) lat (ms,95%): 13.22 err/s: 0.00 reconn/s: 0.00
[ 160s ] thds: 8 tps: 1358.97 qps: 39375.25 (r/w/o: 18156.65/18500.65/2717.95) lat (ms,95%): 11.65 err/s: 0.00 reconn/s: 0.00
[ 162s ] thds: 8 tps: 1374.38 qps: 40214.53 (r/w/o: 18499.40/18966.36/2748.76) lat (ms,95%): 11.24 err/s: 0.00 reconn/s: 0.00
[ 164s ] thds: 8 tps: 1381.13 qps: 39876.79 (r/w/o: 18355.24/18759.78/2761.76) lat (ms,95%): 11.04 err/s: 0.00 reconn/s: 0.00
[ 166s ] thds: 8 tps: 1358.49 qps: 39176.31 (r/w/o: 17995.91/18462.91/2717.49) lat (ms,95%): 11.87 err/s: 0.00 reconn/s: 0.00
[ 168s ] thds: 8 tps: 1372.98 qps: 39671.90 (r/w/o: 18252.73/18673.22/2745.96) lat (ms,95%): 11.65 err/s: 0.00 reconn/s: 0.00
[ 170s ] thds: 8 tps: 1361.89 qps: 40052.84 (r/w/o: 18425.05/18904.01/2723.79) lat (ms,95%): 11.24 err/s: 0.00 reconn/s: 0.00
[ 172s ] thds: 8 tps: 1262.62 qps: 37579.21 (r/w/o: 17311.71/17742.25/2525.25) lat (ms,95%): 12.30 err/s: 0.00 reconn/s: 0.00
[ 174s ] thds: 8 tps: 1339.90 qps: 39131.20 (r/w/o: 18018.21/18433.18/2679.81) lat (ms,95%): 11.65 err/s: 0.00 reconn/s: 0.00
[ 176s ] thds: 8 tps: 1377.08 qps: 38994.28 (r/w/o: 17910.55/18329.57/2754.16) lat (ms,95%): 11.45 err/s: 0.00 reconn/s: 0.00
[ 178s ] thds: 8 tps: 1378.00 qps: 40299.49 (r/w/o: 18533.49/19009.99/2756.00) lat (ms,95%): 11.24 err/s: 0.00 reconn/s: 0.00
[ 180s ] thds: 8 tps: 1335.54 qps: 38787.18 (r/w/o: 17799.04/18317.06/2671.08) lat (ms,95%): 11.65 err/s: 0.00 reconn/s: 0.00
[ 182s ] thds: 8 tps: 1394.42 qps: 40039.22 (r/w/o: 18457.95/18792.43/2788.84) lat (ms,95%): 11.45 err/s: 0.00 reconn/s: 0.00
[ 184s ] thds: 8 tps: 1380.45 qps: 39824.61 (r/w/o: 18379.86/18683.85/2760.90) lat (ms,95%): 11.24 err/s: 0.00 reconn/s: 0.00
[ 186s ] thds: 8 tps: 1359.11 qps: 40100.69 (r/w/o: 18497.47/18885.00/2718.22) lat (ms,95%): 11.24 err/s: 0.00 reconn/s: 0.00
[ 188s ] thds: 8 tps: 1288.51 qps: 37717.31 (r/w/o: 17368.14/17772.15/2577.02) lat (ms,95%): 12.08 err/s: 0.00 reconn/s: 0.00
[ 190s ] thds: 8 tps: 1346.86 qps: 39811.29 (r/w/o: 18355.56/18762.01/2693.72) lat (ms,95%): 11.45 err/s: 0.00 reconn/s: 0.00
[ 192s ] thds: 8 tps: 1344.52 qps: 39205.66 (r/w/o: 18034.80/18481.81/2689.05) lat (ms,95%): 11.45 err/s: 0.00 reconn/s: 0.00
[ 194s ] thds: 8 tps: 1336.61 qps: 39033.83 (r/w/o: 17947.53/18414.07/2672.23) lat (ms,95%): 11.45 err/s: 0.00 reconn/s: 0.00
[ 196s ] thds: 8 tps: 1289.97 qps: 38634.63 (r/w/o: 17773.10/18280.59/2580.94) lat (ms,95%): 11.65 err/s: 0.00 reconn/s: 0.00
[ 198s ] thds: 8 tps: 1231.97 qps: 35551.63 (r/w/o: 16329.10/16758.59/2463.94) lat (ms,95%): 13.46 err/s: 0.00 reconn/s: 0.00
[ 200s ] thds: 8 tps: 1346.03 qps: 38569.94 (r/w/o: 17787.43/18090.44/2692.07) lat (ms,95%): 11.65 err/s: 0.00 reconn/s: 0.00
[ 202s ] thds: 8 tps: 1323.49 qps: 38319.58 (r/w/o: 17573.31/18099.30/2646.97) lat (ms,95%): 11.65 err/s: 0.00 reconn/s: 0.00
[ 204s ] thds: 8 tps: 1309.01 qps: 38322.16 (r/w/o: 17660.58/18043.58/2618.01) lat (ms,95%): 11.87 err/s: 0.00 reconn/s: 0.00
[ 206s ] thds: 8 tps: 1367.03 qps: 40039.96 (r/w/o: 18404.44/18901.45/2734.07) lat (ms,95%): 11.45 err/s: 0.00 reconn/s: 0.00
[ 208s ] thds: 8 tps: 1380.00 qps: 39983.86 (r/w/o: 18414.93/18808.93/2759.99) lat (ms,95%): 11.24 err/s: 0.00 reconn/s: 0.00
[ 210s ] thds: 8 tps: 1314.99 qps: 39354.29 (r/w/o: 18181.40/18542.90/2629.99) lat (ms,95%): 11.87 err/s: 0.00 reconn/s: 0.00
[ 212s ] thds: 8 tps: 1323.96 qps: 38782.35 (r/w/o: 17844.97/18289.46/2647.92) lat (ms,95%): 11.87 err/s: 0.00 reconn/s: 0.00
[ 214s ] thds: 8 tps: 1332.38 qps: 38306.18 (r/w/o: 17614.47/18026.94/2664.77) lat (ms,95%): 11.65 err/s: 0.00 reconn/s: 0.00
[ 216s ] thds: 8 tps: 1328.61 qps: 38957.81 (r/w/o: 17948.02/18352.56/2657.23) lat (ms,95%): 11.45 err/s: 0.00 reconn/s: 0.00
[ 218s ] thds: 8 tps: 1344.16 qps: 39235.78 (r/w/o: 18057.60/18490.35/2687.83) lat (ms,95%): 11.65 err/s: 0.00 reconn/s: 0.00
[ 220s ] thds: 8 tps: 1294.79 qps: 39413.07 (r/w/o: 18174.08/18648.92/2590.07) lat (ms,95%): 12.08 err/s: 0.00 reconn/s: 0.00
[ 222s ] thds: 8 tps: 1361.87 qps: 39639.68 (r/w/o: 18263.24/18652.70/2723.74) lat (ms,95%): 11.24 err/s: 0.00 reconn/s: 0.00
[ 224s ] thds: 8 tps: 1222.15 qps: 36250.87 (r/w/o: 16706.51/17100.06/2444.29) lat (ms,95%): 13.46 err/s: 0.00 reconn/s: 0.00
[ 226s ] thds: 8 tps: 1376.46 qps: 39144.49 (r/w/o: 18004.54/18387.03/2752.93) lat (ms,95%): 11.24 err/s: 0.00 reconn/s: 0.00
[ 228s ] thds: 8 tps: 1329.97 qps: 38542.17 (r/w/o: 17765.12/18117.11/2659.94) lat (ms,95%): 11.65 err/s: 0.00 reconn/s: 0.00
[ 230s ] thds: 8 tps: 1317.03 qps: 37674.48 (r/w/o: 17349.95/17690.46/2634.07) lat (ms,95%): 11.87 err/s: 0.00 reconn/s: 0.00
[ 232s ] thds: 8 tps: 1383.48 qps: 40432.93 (r/w/o: 18592.24/19073.73/2766.96) lat (ms,95%): 11.24 err/s: 0.00 reconn/s: 0.00
[ 234s ] thds: 8 tps: 1320.53 qps: 38637.90 (r/w/o: 17754.42/18242.43/2641.06) lat (ms,95%): 12.08 err/s: 0.00 reconn/s: 0.00
[ 236s ] thds: 8 tps: 1364.86 qps: 39818.04 (r/w/o: 18329.18/18759.13/2729.73) lat (ms,95%): 11.45 err/s: 0.00 reconn/s: 0.00
[ 238s ] thds: 8 tps: 1326.12 qps: 39135.14 (r/w/o: 18002.67/18480.22/2652.25) lat (ms,95%): 12.30 err/s: 0.00 reconn/s: 0.00
[ 240s ] thds: 8 tps: 1375.00 qps: 39724.63 (r/w/o: 18219.06/18755.56/2750.01) lat (ms,95%): 11.24 err/s: 0.00 reconn/s: 0.00
[ 242s ] thds: 8 tps: 1356.51 qps: 38539.32 (r/w/o: 17733.65/18092.65/2713.02) lat (ms,95%): 11.65 err/s: 0.00 reconn/s: 0.00
[ 244s ] thds: 8 tps: 1278.47 qps: 37634.65 (r/w/o: 17292.61/17785.10/2556.94) lat (ms,95%): 12.30 err/s: 0.00 reconn/s: 0.00
[ 246s ] thds: 8 tps: 1359.02 qps: 39316.54 (r/w/o: 18100.25/18498.25/2718.04) lat (ms,95%): 11.24 err/s: 0.00 reconn/s: 0.00
[ 248s ] thds: 8 tps: 1368.51 qps: 38378.19 (r/w/o: 17587.09/18054.09/2737.01) lat (ms,95%): 11.65 err/s: 0.00 reconn/s: 0.00
[ 250s ] thds: 8 tps: 1139.40 qps: 33478.67 (r/w/o: 15428.70/15771.17/2278.81) lat (ms,95%): 12.98 err/s: 0.00 reconn/s: 0.00
[ 252s ] thds: 8 tps: 1364.01 qps: 38793.29 (r/w/o: 17813.13/18252.13/2728.02) lat (ms,95%): 11.45 err/s: 0.00 reconn/s: 0.00
[ 254s ] thds: 8 tps: 1285.10 qps: 37445.38 (r/w/o: 17250.83/17624.36/2570.20) lat (ms,95%): 11.65 err/s: 0.00 reconn/s: 0.00
[ 256s ] thds: 8 tps: 1338.50 qps: 38990.07 (r/w/o: 17985.53/18327.53/2677.00) lat (ms,95%): 11.45 err/s: 0.00 reconn/s: 0.00
[ 258s ] thds: 8 tps: 1328.91 qps: 37802.51 (r/w/o: 17389.86/17754.83/2657.83) lat (ms,95%): 11.87 err/s: 0.00 reconn/s: 0.00
[ 260s ] thds: 8 tps: 1352.03 qps: 38990.90 (r/w/o: 17926.92/18359.93/2704.06) lat (ms,95%): 11.65 err/s: 0.00 reconn/s: 0.00
[ 262s ] thds: 8 tps: 1359.51 qps: 39924.76 (r/w/o: 18405.62/18800.12/2719.02) lat (ms,95%): 11.65 err/s: 0.00 reconn/s: 0.00
[ 264s ] thds: 8 tps: 1348.41 qps: 38935.04 (r/w/o: 17934.87/18303.34/2696.83) lat (ms,95%): 11.45 err/s: 0.00 reconn/s: 0.00
[ 266s ] thds: 8 tps: 1371.04 qps: 39957.31 (r/w/o: 18342.60/18872.62/2742.09) lat (ms,95%): 11.24 err/s: 0.00 reconn/s: 0.00
[ 268s ] thds: 8 tps: 1353.04 qps: 39872.19 (r/w/o: 18390.55/18775.56/2706.08) lat (ms,95%): 11.45 err/s: 0.00 reconn/s: 0.00
[ 270s ] thds: 8 tps: 1365.46 qps: 40085.82 (r/w/o: 18491.45/18863.44/2730.92) lat (ms,95%): 11.04 err/s: 0.00 reconn/s: 0.00
[ 272s ] thds: 8 tps: 1372.57 qps: 39351.50 (r/w/o: 18141.42/18464.94/2745.14) lat (ms,95%): 11.24 err/s: 0.00 reconn/s: 0.00
[ 274s ] thds: 8 tps: 1353.36 qps: 39249.53 (r/w/o: 18062.17/18480.63/2706.73) lat (ms,95%): 11.65 err/s: 0.00 reconn/s: 0.00
[ 276s ] thds: 8 tps: 1391.65 qps: 40205.43 (r/w/o: 18530.04/18892.08/2783.31) lat (ms,95%): 11.04 err/s: 0.00 reconn/s: 0.00
[ 278s ] thds: 8 tps: 1236.01 qps: 35984.86 (r/w/o: 16563.67/16949.17/2472.02) lat (ms,95%): 13.70 err/s: 0.00 reconn/s: 0.00
[ 280s ] thds: 8 tps: 1337.46 qps: 38663.26 (r/w/o: 17795.43/18192.91/2674.91) lat (ms,95%): 11.65 err/s: 0.00 reconn/s: 0.00
[ 282s ] thds: 8 tps: 1308.05 qps: 37811.82 (r/w/o: 17385.11/17810.62/2616.09) lat (ms,95%): 11.87 err/s: 0.00 reconn/s: 0.00
[ 284s ] thds: 8 tps: 1322.49 qps: 38347.32 (r/w/o: 17640.42/18061.91/2644.99) lat (ms,95%): 11.65 err/s: 0.00 reconn/s: 0.00
[ 286s ] thds: 8 tps: 1355.46 qps: 39532.34 (r/w/o: 18247.46/18573.95/2710.92) lat (ms,95%): 11.24 err/s: 0.00 reconn/s: 0.00
[ 288s ] thds: 8 tps: 1366.42 qps: 39006.23 (r/w/o: 17910.96/18362.43/2732.84) lat (ms,95%): 11.45 err/s: 0.00 reconn/s: 0.00
[ 290s ] thds: 8 tps: 1298.08 qps: 37169.32 (r/w/o: 17099.07/17474.09/2596.16) lat (ms,95%): 11.65 err/s: 0.00 reconn/s: 0.00
[ 292s ] thds: 8 tps: 1371.45 qps: 39698.68 (r/w/o: 18211.90/18743.88/2742.91) lat (ms,95%): 11.24 err/s: 0.00 reconn/s: 0.00
[ 294s ] thds: 8 tps: 1332.57 qps: 37893.11 (r/w/o: 17409.47/17818.49/2665.15) lat (ms,95%): 11.87 err/s: 0.00 reconn/s: 0.00
[ 296s ] thds: 8 tps: 1330.50 qps: 37552.46 (r/w/o: 17219.98/17672.48/2660.00) lat (ms,95%): 11.45 err/s: 0.00 reconn/s: 0.00
[ 298s ] thds: 8 tps: 1246.49 qps: 35429.28 (r/w/o: 16309.90/16625.40/2493.98) lat (ms,95%): 12.08 err/s: 0.00 reconn/s: 0.00
[ 300s ] thds: 8 tps: 1291.49 qps: 38276.63 (r/w/o: 17618.83/18074.83/2582.98) lat (ms,95%): 11.65 err/s: 0.00 reconn/s: 0.00
SQL statistics:
    queries performed:
        read:                            6439465
        write:                           6588478
        other:                           962436
        total:                           13990379
    transactions:                        481210 (1603.98 per sec.)
    queries:                             13990379 (46632.90 per sec.)
    ignored errors:                      0      (0.00 per sec.)
    reconnects:                          0      (0.00 per sec.)

Throughput:
    events/s (eps):                      1603.9750
    time elapsed:                        300.0109s
    total number of events:              481210

Latency (ms):
         min:                                    0.26
         avg:                                    4.99
         max:                                  162.61
         95th percentile:                       11.24
         sum:                              2399373.80

Threads fairness:
    events (avg/stddev):           60151.2500/177.72
    execution time (avg/stddev):   299.9217/0.00

sysbench 1.1.0 (using bundled LuaJIT 2.1.0-beta3)

Running the test with following options:
Number of threads: 16
Report intermediate results every 2 second(s)
Initializing random number generator from current time


Initializing worker threads...

** Using FOR UPDATE : 1
** FORCE_PRIMARY : 0
** FORCE_NULL : 0
=> Using SESSION ops: 
Threads started!

[ 2s ] thds: 16 tps: 613.98 qps: 17188.93 (r/w/o: 7932.81/8004.69/1251.42) lat (ms,95%): 71.83 err/s: 0.00 reconn/s: 0.00
[ 4s ] thds: 16 tps: 473.05 qps: 14158.44 (r/w/o: 6541.17/6670.68/946.60) lat (ms,95%): 80.03 err/s: 0.00 reconn/s: 0.00
[ 6s ] thds: 16 tps: 666.15 qps: 19274.49 (r/w/o: 8874.89/9066.79/1332.81) lat (ms,95%): 71.83 err/s: 0.00 reconn/s: 0.00
[ 8s ] thds: 16 tps: 457.86 qps: 13216.75 (r/w/o: 6078.21/6223.33/915.21) lat (ms,95%): 75.82 err/s: 0.00 reconn/s: 0.00
[ 10s ] thds: 16 tps: 388.83 qps: 11067.76 (r/w/o: 5067.28/5223.31/777.17) lat (ms,95%): 89.16 err/s: 0.00 reconn/s: 0.00
[ 12s ] thds: 16 tps: 459.80 qps: 12856.72 (r/w/o: 5911.65/6024.97/920.09) lat (ms,95%): 80.03 err/s: 0.00 reconn/s: 0.00
[ 14s ] thds: 16 tps: 455.93 qps: 12411.68 (r/w/o: 5707.16/5792.65/911.87) lat (ms,95%): 81.48 err/s: 0.00 reconn/s: 0.00
[ 16s ] thds: 16 tps: 438.06 qps: 12620.91 (r/w/o: 5810.53/5934.26/876.12) lat (ms,95%): 84.47 err/s: 0.00 reconn/s: 0.00
[ 18s ] thds: 16 tps: 439.67 qps: 12623.22 (r/w/o: 5818.86/5925.52/878.84) lat (ms,95%): 80.03 err/s: 0.00 reconn/s: 0.00
[ 20s ] thds: 16 tps: 386.05 qps: 11283.04 (r/w/o: 5194.88/5316.06/772.10) lat (ms,95%): 92.42 err/s: 0.00 reconn/s: 0.00
[ 22s ] thds: 16 tps: 431.48 qps: 12124.83 (r/w/o: 5575.75/5685.62/863.46) lat (ms,95%): 86.00 err/s: 0.00 reconn/s: 0.00
[ 24s ] thds: 16 tps: 466.07 qps: 14169.79 (r/w/o: 6529.48/6708.66/931.65) lat (ms,95%): 80.03 err/s: 0.00 reconn/s: 0.00
[ 26s ] thds: 16 tps: 469.87 qps: 13532.59 (r/w/o: 6233.91/6358.43/940.25) lat (ms,95%): 77.19 err/s: 0.00 reconn/s: 0.00
[ 28s ] thds: 16 tps: 469.10 qps: 13205.56 (r/w/o: 6065.32/6202.55/937.69) lat (ms,95%): 74.46 err/s: 0.00 reconn/s: 0.00
[ 30s ] thds: 16 tps: 445.75 qps: 13292.39 (r/w/o: 6123.40/6276.99/892.00) lat (ms,95%): 84.47 err/s: 0.00 reconn/s: 0.00
[ 32s ] thds: 16 tps: 407.05 qps: 12523.64 (r/w/o: 5792.26/5917.28/814.11) lat (ms,95%): 86.00 err/s: 0.00 reconn/s: 0.00
[ 34s ] thds: 16 tps: 466.59 qps: 12861.79 (r/w/o: 5879.87/6048.73/933.19) lat (ms,95%): 78.60 err/s: 0.00 reconn/s: 0.00
[ 36s ] thds: 16 tps: 474.08 qps: 13638.09 (r/w/o: 6284.14/6406.29/947.65) lat (ms,95%): 75.82 err/s: 0.00 reconn/s: 0.00
[ 38s ] thds: 16 tps: 446.10 qps: 12959.05 (r/w/o: 5982.60/6083.74/892.71) lat (ms,95%): 80.03 err/s: 0.00 reconn/s: 0.00
[ 40s ] thds: 16 tps: 389.00 qps: 11516.83 (r/w/o: 5296.25/5442.57/778.01) lat (ms,95%): 97.55 err/s: 0.00 reconn/s: 0.00
[ 42s ] thds: 16 tps: 469.96 qps: 13617.77 (r/w/o: 6269.61/6408.25/939.92) lat (ms,95%): 77.19 err/s: 0.00 reconn/s: 0.00
[ 44s ] thds: 16 tps: 484.17 qps: 13657.68 (r/w/o: 6262.15/6427.20/968.33) lat (ms,95%): 78.60 err/s: 0.00 reconn/s: 0.00
[ 46s ] thds: 16 tps: 467.85 qps: 13404.42 (r/w/o: 6172.44/6296.27/935.70) lat (ms,95%): 78.60 err/s: 0.00 reconn/s: 0.00
[ 48s ] thds: 16 tps: 452.54 qps: 13163.22 (r/w/o: 6039.90/6218.22/905.09) lat (ms,95%): 82.96 err/s: 0.00 reconn/s: 0.00
[ 50s ] thds: 16 tps: 464.75 qps: 13349.07 (r/w/o: 6145.26/6274.32/929.49) lat (ms,95%): 78.60 err/s: 0.00 reconn/s: 0.00
[ 52s ] thds: 16 tps: 483.57 qps: 13780.87 (r/w/o: 6347.91/6465.81/967.15) lat (ms,95%): 75.82 err/s: 0.00 reconn/s: 0.00
[ 54s ] thds: 16 tps: 457.78 qps: 13335.29 (r/w/o: 6155.52/6265.21/914.56) lat (ms,95%): 74.46 err/s: 0.00 reconn/s: 0.00
[ 56s ] thds: 16 tps: 444.19 qps: 12926.53 (r/w/o: 5947.05/6090.11/889.38) lat (ms,95%): 80.03 err/s: 0.00 reconn/s: 0.00
[ 58s ] thds: 16 tps: 699.91 qps: 20330.90 (r/w/o: 9378.30/9552.78/1399.82) lat (ms,95%): 69.29 err/s: 0.00 reconn/s: 0.00
[ 60s ] thds: 16 tps: 426.66 qps: 11994.50 (r/w/o: 5526.12/5615.05/853.32) lat (ms,95%): 84.47 err/s: 0.00 reconn/s: 0.00
[ 62s ] thds: 16 tps: 550.33 qps: 16156.87 (r/w/o: 7449.45/7606.76/1100.66) lat (ms,95%): 75.82 err/s: 0.00 reconn/s: 0.00
[ 64s ] thds: 16 tps: 462.76 qps: 13549.79 (r/w/o: 6261.47/6362.80/925.52) lat (ms,95%): 75.82 err/s: 0.00 reconn/s: 0.00
[ 66s ] thds: 16 tps: 713.51 qps: 20236.82 (r/w/o: 9298.71/9511.10/1427.02) lat (ms,95%): 70.55 err/s: 0.00 reconn/s: 0.00
[ 68s ] thds: 16 tps: 438.81 qps: 13375.41 (r/w/o: 6166.78/6331.02/877.62) lat (ms,95%): 82.96 err/s: 0.00 reconn/s: 0.00
[ 70s ] thds: 16 tps: 394.97 qps: 11756.49 (r/w/o: 5421.04/5545.53/789.93) lat (ms,95%): 92.42 err/s: 0.00 reconn/s: 0.00
[ 72s ] thds: 16 tps: 469.04 qps: 13104.05 (r/w/o: 6025.11/6142.86/936.07) lat (ms,95%): 77.19 err/s: 0.00 reconn/s: 0.00
[ 74s ] thds: 16 tps: 558.44 qps: 16384.10 (r/w/o: 7551.22/7714.00/1118.88) lat (ms,95%): 75.82 err/s: 0.00 reconn/s: 0.00
[ 76s ] thds: 16 tps: 444.74 qps: 12785.63 (r/w/o: 5895.24/6001.92/888.47) lat (ms,95%): 80.03 err/s: 0.00 reconn/s: 0.00
[ 78s ] thds: 16 tps: 450.50 qps: 13023.17 (r/w/o: 5999.90/6121.27/902.01) lat (ms,95%): 80.03 err/s: 0.00 reconn/s: 0.00
[ 80s ] thds: 16 tps: 426.98 qps: 11961.94 (r/w/o: 5505.74/5602.24/853.96) lat (ms,95%): 81.48 err/s: 0.00 reconn/s: 0.00
[ 82s ] thds: 16 tps: 461.29 qps: 13591.93 (r/w/o: 6253.21/6416.13/922.59) lat (ms,95%): 75.82 err/s: 0.00 reconn/s: 0.00
[ 84s ] thds: 16 tps: 465.75 qps: 13545.65 (r/w/o: 6252.80/6361.36/931.49) lat (ms,95%): 74.46 err/s: 0.00 reconn/s: 0.00
[ 86s ] thds: 16 tps: 483.85 qps: 14569.09 (r/w/o: 6693.86/6907.52/967.70) lat (ms,95%): 77.19 err/s: 0.00 reconn/s: 0.00
[ 88s ] thds: 16 tps: 503.23 qps: 14132.05 (r/w/o: 6493.58/6632.50/1005.97) lat (ms,95%): 77.19 err/s: 0.00 reconn/s: 0.00
[ 90s ] thds: 16 tps: 464.89 qps: 13142.38 (r/w/o: 6022.57/6189.53/930.28) lat (ms,95%): 80.03 err/s: 0.00 reconn/s: 0.00
[ 92s ] thds: 16 tps: 462.13 qps: 13454.37 (r/w/o: 6188.28/6341.83/924.27) lat (ms,95%): 78.60 err/s: 0.00 reconn/s: 0.00
[ 94s ] thds: 16 tps: 446.16 qps: 13829.58 (r/w/o: 6380.04/6557.21/892.33) lat (ms,95%): 86.00 err/s: 0.00 reconn/s: 0.00
[ 96s ] thds: 16 tps: 468.04 qps: 13584.28 (r/w/o: 6252.44/6395.75/936.09) lat (ms,95%): 84.47 err/s: 0.00 reconn/s: 0.00
[ 98s ] thds: 16 tps: 463.68 qps: 13435.19 (r/w/o: 6198.63/6309.70/926.86) lat (ms,95%): 77.19 err/s: 0.00 reconn/s: 0.00
[ 100s ] thds: 16 tps: 406.78 qps: 11697.89 (r/w/o: 5368.77/5515.05/814.06) lat (ms,95%): 92.42 err/s: 0.00 reconn/s: 0.00
[ 102s ] thds: 16 tps: 485.72 qps: 13509.12 (r/w/o: 6184.71/6352.96/971.45) lat (ms,95%): 82.96 err/s: 0.00 reconn/s: 0.00
[ 104s ] thds: 16 tps: 480.53 qps: 14200.90 (r/w/o: 6525.91/6714.43/960.56) lat (ms,95%): 75.82 err/s: 0.00 reconn/s: 0.00
[ 106s ] thds: 16 tps: 457.32 qps: 13827.41 (r/w/o: 6379.50/6532.77/915.14) lat (ms,95%): 82.96 err/s: 0.00 reconn/s: 0.00
[ 108s ] thds: 16 tps: 481.21 qps: 13682.43 (r/w/o: 6259.21/6460.80/962.42) lat (ms,95%): 78.60 err/s: 0.00 reconn/s: 0.00
[ 110s ] thds: 16 tps: 415.43 qps: 11491.72 (r/w/o: 5296.85/5364.00/830.86) lat (ms,95%): 90.78 err/s: 0.00 reconn/s: 0.00
[ 112s ] thds: 16 tps: 476.56 qps: 13451.27 (r/w/o: 6199.23/6298.93/953.11) lat (ms,95%): 80.03 err/s: 0.00 reconn/s: 0.00
[ 114s ] thds: 16 tps: 776.06 qps: 22008.63 (r/w/o: 10090.33/10367.17/1551.13) lat (ms,95%): 69.29 err/s: 0.00 reconn/s: 0.00
[ 116s ] thds: 16 tps: 470.10 qps: 13807.34 (r/w/o: 6351.37/6514.76/941.20) lat (ms,95%): 78.60 err/s: 0.00 reconn/s: 0.00
[ 118s ] thds: 16 tps: 464.95 qps: 13996.46 (r/w/o: 6432.79/6634.27/929.40) lat (ms,95%): 81.48 err/s: 0.00 reconn/s: 0.00
[ 120s ] thds: 16 tps: 414.11 qps: 12119.85 (r/w/o: 5591.93/5699.20/828.71) lat (ms,95%): 87.56 err/s: 0.00 reconn/s: 0.00
[ 122s ] thds: 16 tps: 431.50 qps: 12837.81 (r/w/o: 5912.73/6062.08/863.00) lat (ms,95%): 87.56 err/s: 0.00 reconn/s: 0.00
[ 124s ] thds: 16 tps: 491.94 qps: 14377.93 (r/w/o: 6630.80/6763.24/983.89) lat (ms,95%): 74.46 err/s: 0.00 reconn/s: 0.00
[ 126s ] thds: 16 tps: 470.63 qps: 13858.56 (r/w/o: 6390.16/6527.14/941.26) lat (ms,95%): 80.03 err/s: 0.00 reconn/s: 0.00
[ 128s ] thds: 16 tps: 483.23 qps: 13853.48 (r/w/o: 6375.48/6511.55/966.45) lat (ms,95%): 75.82 err/s: 0.00 reconn/s: 0.00
[ 130s ] thds: 16 tps: 446.18 qps: 12241.08 (r/w/o: 5638.18/5710.54/892.37) lat (ms,95%): 84.47 err/s: 0.00 reconn/s: 0.00
[ 132s ] thds: 16 tps: 465.55 qps: 13174.33 (r/w/o: 6051.70/6192.02/930.61) lat (ms,95%): 84.47 err/s: 0.00 reconn/s: 0.00
[ 134s ] thds: 16 tps: 497.29 qps: 13918.00 (r/w/o: 6411.34/6511.59/995.07) lat (ms,95%): 77.19 err/s: 0.00 reconn/s: 0.00
[ 136s ] thds: 16 tps: 465.46 qps: 13828.09 (r/w/o: 6345.62/6552.05/930.42) lat (ms,95%): 80.03 err/s: 0.00 reconn/s: 0.00
[ 138s ] thds: 16 tps: 478.20 qps: 14093.61 (r/w/o: 6515.03/6621.68/956.90) lat (ms,95%): 74.46 err/s: 0.00 reconn/s: 0.00
[ 140s ] thds: 16 tps: 425.81 qps: 12403.27 (r/w/o: 5702.04/5850.12/851.12) lat (ms,95%): 92.42 err/s: 0.00 reconn/s: 0.00
[ 142s ] thds: 16 tps: 471.70 qps: 13826.13 (r/w/o: 6337.96/6544.27/943.91) lat (ms,95%): 81.48 err/s: 0.00 reconn/s: 0.00
[ 144s ] thds: 16 tps: 468.83 qps: 13359.06 (r/w/o: 6130.74/6291.18/937.15) lat (ms,95%): 82.96 err/s: 0.00 reconn/s: 0.00
[ 146s ] thds: 16 tps: 480.12 qps: 13932.51 (r/w/o: 6392.46/6579.31/960.74) lat (ms,95%): 78.60 err/s: 0.00 reconn/s: 0.00
[ 148s ] thds: 16 tps: 493.98 qps: 13978.41 (r/w/o: 6389.16/6601.29/987.96) lat (ms,95%): 81.48 err/s: 0.00 reconn/s: 0.00
[ 150s ] thds: 16 tps: 435.43 qps: 12746.52 (r/w/o: 5867.33/6008.33/870.86) lat (ms,95%): 84.47 err/s: 0.00 reconn/s: 0.00
[ 152s ] thds: 16 tps: 455.82 qps: 13264.85 (r/w/o: 6102.97/6250.74/911.14) lat (ms,95%): 84.47 err/s: 0.00 reconn/s: 0.00
[ 154s ] thds: 16 tps: 483.72 qps: 13911.23 (r/w/o: 6393.02/6550.26/967.94) lat (ms,95%): 78.60 err/s: 0.00 reconn/s: 0.00
[ 156s ] thds: 16 tps: 475.72 qps: 13343.96 (r/w/o: 6137.98/6254.55/951.43) lat (ms,95%): 80.03 err/s: 0.00 reconn/s: 0.00
[ 158s ] thds: 16 tps: 499.35 qps: 14172.21 (r/w/o: 6528.52/6645.49/998.20) lat (ms,95%): 74.46 err/s: 0.00 reconn/s: 0.00
[ 160s ] thds: 16 tps: 444.55 qps: 12722.39 (r/w/o: 5849.91/5982.87/889.60) lat (ms,95%): 90.78 err/s: 0.00 reconn/s: 0.00
[ 162s ] thds: 16 tps: 485.77 qps: 13913.34 (r/w/o: 6397.33/6544.46/971.54) lat (ms,95%): 80.03 err/s: 0.00 reconn/s: 0.00
[ 164s ] thds: 16 tps: 497.66 qps: 14649.30 (r/w/o: 6776.57/6877.41/995.32) lat (ms,95%): 75.82 err/s: 0.00 reconn/s: 0.00
[ 166s ] thds: 16 tps: 446.92 qps: 13096.13 (r/w/o: 6025.00/6177.29/893.85) lat (ms,95%): 81.48 err/s: 0.00 reconn/s: 0.00
[ 168s ] thds: 16 tps: 467.64 qps: 13767.86 (r/w/o: 6281.65/6551.44/934.78) lat (ms,95%): 81.48 err/s: 0.00 reconn/s: 0.00
[ 170s ] thds: 16 tps: 421.05 qps: 12510.78 (r/w/o: 5766.50/5901.68/842.60) lat (ms,95%): 89.16 err/s: 0.00 reconn/s: 0.00
[ 172s ] thds: 16 tps: 494.01 qps: 14100.93 (r/w/o: 6470.35/6642.56/988.02) lat (ms,95%): 80.03 err/s: 0.00 reconn/s: 0.00
[ 174s ] thds: 16 tps: 504.61 qps: 14533.96 (r/w/o: 6716.70/6808.04/1009.23) lat (ms,95%): 71.83 err/s: 0.00 reconn/s: 0.00
[ 176s ] thds: 16 tps: 471.51 qps: 13642.35 (r/w/o: 6252.66/6446.67/943.02) lat (ms,95%): 77.19 err/s: 0.00 reconn/s: 0.00
[ 178s ] thds: 16 tps: 467.36 qps: 13367.49 (r/w/o: 6140.75/6291.52/935.21) lat (ms,95%): 81.48 err/s: 0.00 reconn/s: 0.00
[ 180s ] thds: 16 tps: 433.21 qps: 12520.21 (r/w/o: 5756.52/5897.76/865.92) lat (ms,95%): 87.56 err/s: 0.00 reconn/s: 0.00
[ 182s ] thds: 16 tps: 493.44 qps: 14213.19 (r/w/o: 6563.66/6662.65/986.87) lat (ms,95%): 74.46 err/s: 0.00 reconn/s: 0.00
[ 184s ] thds: 16 tps: 487.35 qps: 14637.90 (r/w/o: 6737.19/6927.02/973.69) lat (ms,95%): 77.19 err/s: 0.00 reconn/s: 0.00
[ 186s ] thds: 16 tps: 479.27 qps: 14115.50 (r/w/o: 6522.07/6633.90/959.54) lat (ms,95%): 73.13 err/s: 0.00 reconn/s: 0.00
[ 188s ] thds: 16 tps: 452.47 qps: 13192.79 (r/w/o: 6053.33/6235.02/904.44) lat (ms,95%): 81.48 err/s: 0.00 reconn/s: 0.00
[ 190s ] thds: 16 tps: 422.47 qps: 12538.94 (r/w/o: 5790.92/5902.57/845.45) lat (ms,95%): 90.78 err/s: 0.00 reconn/s: 0.00
[ 192s ] thds: 16 tps: 478.63 qps: 13862.76 (r/w/o: 6362.61/6542.90/957.25) lat (ms,95%): 80.03 err/s: 0.00 reconn/s: 0.00
[ 194s ] thds: 16 tps: 492.26 qps: 14425.96 (r/w/o: 6636.51/6804.94/984.52) lat (ms,95%): 77.19 err/s: 0.00 reconn/s: 0.00
[ 196s ] thds: 16 tps: 484.99 qps: 14075.58 (r/w/o: 6471.81/6633.80/969.97) lat (ms,95%): 78.60 err/s: 0.00 reconn/s: 0.00
[ 198s ] thds: 16 tps: 470.61 qps: 14038.27 (r/w/o: 6480.93/6616.11/941.22) lat (ms,95%): 80.03 err/s: 0.00 reconn/s: 0.00
[ 200s ] thds: 16 tps: 405.81 qps: 11938.17 (r/w/o: 5499.14/5627.42/811.62) lat (ms,95%): 89.16 err/s: 0.00 reconn/s: 0.00
[ 202s ] thds: 16 tps: 473.14 qps: 13797.94 (r/w/o: 6344.31/6507.36/946.27) lat (ms,95%): 81.48 err/s: 0.00 reconn/s: 0.00
[ 204s ] thds: 16 tps: 478.55 qps: 14255.63 (r/w/o: 6553.25/6745.27/957.11) lat (ms,95%): 78.60 err/s: 0.00 reconn/s: 0.00
[ 206s ] thds: 16 tps: 481.57 qps: 14208.63 (r/w/o: 6539.98/6705.50/963.14) lat (ms,95%): 75.82 err/s: 0.00 reconn/s: 0.00
[ 208s ] thds: 16 tps: 494.40 qps: 14175.86 (r/w/o: 6516.96/6671.11/987.80) lat (ms,95%): 74.46 err/s: 0.00 reconn/s: 0.00
[ 210s ] thds: 16 tps: 410.51 qps: 12322.86 (r/w/o: 5688.51/5812.82/821.52) lat (ms,95%): 92.42 err/s: 0.00 reconn/s: 0.00
[ 212s ] thds: 16 tps: 455.12 qps: 13543.94 (r/w/o: 6247.98/6385.71/910.25) lat (ms,95%): 81.48 err/s: 0.00 reconn/s: 0.00
[ 214s ] thds: 16 tps: 483.69 qps: 14491.28 (r/w/o: 6665.96/6857.44/967.88) lat (ms,95%): 75.82 err/s: 0.00 reconn/s: 0.00
[ 216s ] thds: 16 tps: 462.73 qps: 14080.38 (r/w/o: 6473.18/6682.24/924.96) lat (ms,95%): 81.48 err/s: 0.00 reconn/s: 0.00
[ 218s ] thds: 16 tps: 514.97 qps: 14157.81 (r/w/o: 6472.36/6655.02/1030.43) lat (ms,95%): 73.13 err/s: 0.00 reconn/s: 0.00
[ 220s ] thds: 16 tps: 425.28 qps: 12318.07 (r/w/o: 5670.71/5797.30/850.06) lat (ms,95%): 84.47 err/s: 0.00 reconn/s: 0.00
[ 222s ] thds: 16 tps: 449.94 qps: 13303.26 (r/w/o: 6095.19/6307.69/900.39) lat (ms,95%): 89.16 err/s: 0.00 reconn/s: 0.00
[ 224s ] thds: 16 tps: 494.45 qps: 14406.48 (r/w/o: 6601.95/6816.14/988.39) lat (ms,95%): 75.82 err/s: 0.00 reconn/s: 0.00
[ 226s ] thds: 16 tps: 484.59 qps: 14134.32 (r/w/o: 6504.14/6660.50/969.68) lat (ms,95%): 77.19 err/s: 0.00 reconn/s: 0.00
[ 228s ] thds: 16 tps: 478.99 qps: 14132.51 (r/w/o: 6491.62/6682.91/957.98) lat (ms,95%): 75.82 err/s: 0.00 reconn/s: 0.00
[ 230s ] thds: 16 tps: 444.97 qps: 12517.95 (r/w/o: 5763.68/5864.33/889.94) lat (ms,95%): 84.47 err/s: 0.00 reconn/s: 0.00
[ 232s ] thds: 16 tps: 470.31 qps: 13442.11 (r/w/o: 6193.28/6308.22/940.61) lat (ms,95%): 77.19 err/s: 0.00 reconn/s: 0.00
[ 234s ] thds: 16 tps: 501.43 qps: 14267.00 (r/w/o: 6571.58/6693.56/1001.86) lat (ms,95%): 73.13 err/s: 0.00 reconn/s: 0.00
[ 236s ] thds: 16 tps: 480.80 qps: 13814.14 (r/w/o: 6325.27/6526.27/962.61) lat (ms,95%): 81.48 err/s: 0.00 reconn/s: 0.00
[ 238s ] thds: 16 tps: 502.81 qps: 14072.54 (r/w/o: 6449.66/6617.27/1005.61) lat (ms,95%): 75.82 err/s: 0.00 reconn/s: 0.00
[ 240s ] thds: 16 tps: 429.30 qps: 12725.90 (r/w/o: 5836.67/6030.63/858.60) lat (ms,95%): 87.56 err/s: 0.00 reconn/s: 0.00
[ 242s ] thds: 16 tps: 494.14 qps: 13773.82 (r/w/o: 6337.14/6448.40/988.28) lat (ms,95%): 77.19 err/s: 0.00 reconn/s: 0.00
[ 244s ] thds: 16 tps: 475.73 qps: 14168.36 (r/w/o: 6541.24/6675.67/951.45) lat (ms,95%): 75.82 err/s: 0.00 reconn/s: 0.00
[ 246s ] thds: 16 tps: 472.12 qps: 13964.75 (r/w/o: 6419.83/6601.68/943.24) lat (ms,95%): 75.82 err/s: 0.00 reconn/s: 0.00
[ 248s ] thds: 16 tps: 514.15 qps: 14109.75 (r/w/o: 6484.95/6595.49/1029.31) lat (ms,95%): 73.13 err/s: 0.00 reconn/s: 0.00
[ 250s ] thds: 16 tps: 444.41 qps: 12851.93 (r/w/o: 5930.13/6032.99/888.82) lat (ms,95%): 81.48 err/s: 0.00 reconn/s: 0.00
[ 252s ] thds: 16 tps: 426.56 qps: 12346.18 (r/w/o: 5689.91/5803.66/852.61) lat (ms,95%): 92.42 err/s: 0.00 reconn/s: 0.00
[ 254s ] thds: 16 tps: 437.55 qps: 12825.96 (r/w/o: 5910.95/6039.91/875.10) lat (ms,95%): 87.56 err/s: 0.00 reconn/s: 0.00
[ 256s ] thds: 16 tps: 462.21 qps: 13146.85 (r/w/o: 6052.19/6170.24/924.41) lat (ms,95%): 82.96 err/s: 0.00 reconn/s: 0.00
[ 258s ] thds: 16 tps: 442.67 qps: 13125.91 (r/w/o: 6063.70/6176.37/885.84) lat (ms,95%): 87.56 err/s: 0.00 reconn/s: 0.00
[ 260s ] thds: 16 tps: 369.30 qps: 11664.02 (r/w/o: 5377.37/5548.05/738.61) lat (ms,95%): 104.84 err/s: 0.00 reconn/s: 0.00
[ 262s ] thds: 16 tps: 470.21 qps: 13616.13 (r/w/o: 6269.82/6405.88/940.42) lat (ms,95%): 84.47 err/s: 0.00 reconn/s: 0.00
[ 264s ] thds: 16 tps: 488.48 qps: 13597.92 (r/w/o: 6239.24/6382.23/976.46) lat (ms,95%): 80.03 err/s: 0.00 reconn/s: 0.00
[ 266s ] thds: 16 tps: 492.90 qps: 14259.51 (r/w/o: 6574.81/6698.41/986.30) lat (ms,95%): 73.13 err/s: 0.00 reconn/s: 0.00
[ 268s ] thds: 16 tps: 489.67 qps: 14245.85 (r/w/o: 6571.48/6695.02/979.35) lat (ms,95%): 75.82 err/s: 0.00 reconn/s: 0.00
[ 270s ] thds: 16 tps: 438.27 qps: 12487.77 (r/w/o: 5744.18/5867.54/876.04) lat (ms,95%): 84.47 err/s: 0.00 reconn/s: 0.00
[ 272s ] thds: 16 tps: 501.88 qps: 14278.38 (r/w/o: 6563.40/6710.72/1004.26) lat (ms,95%): 74.46 err/s: 0.00 reconn/s: 0.00
[ 274s ] thds: 16 tps: 451.58 qps: 13798.52 (r/w/o: 6374.51/6520.87/903.15) lat (ms,95%): 86.00 err/s: 0.00 reconn/s: 0.00
[ 276s ] thds: 16 tps: 486.34 qps: 13901.42 (r/w/o: 6401.51/6527.23/972.67) lat (ms,95%): 78.60 err/s: 0.00 reconn/s: 0.00
[ 278s ] thds: 16 tps: 472.64 qps: 14029.48 (r/w/o: 6455.23/6628.97/945.28) lat (ms,95%): 75.82 err/s: 0.00 reconn/s: 0.00
[ 280s ] thds: 16 tps: 445.21 qps: 12471.25 (r/w/o: 5704.42/5876.42/890.41) lat (ms,95%): 89.16 err/s: 0.00 reconn/s: 0.00
[ 282s ] thds: 16 tps: 1720.42 qps: 49859.21 (r/w/o: 22958.12/23460.24/3440.84) lat (ms,95%): 44.98 err/s: 0.00 reconn/s: 0.00
[ 284s ] thds: 16 tps: 502.47 qps: 14117.63 (r/w/o: 6478.10/6634.59/1004.94) lat (ms,95%): 74.46 err/s: 0.00 reconn/s: 0.00
[ 286s ] thds: 16 tps: 473.95 qps: 13715.56 (r/w/o: 6318.20/6449.46/947.90) lat (ms,95%): 81.48 err/s: 0.00 reconn/s: 0.00
[ 288s ] thds: 16 tps: 507.96 qps: 14107.00 (r/w/o: 6478.04/6613.03/1015.93) lat (ms,95%): 75.82 err/s: 0.00 reconn/s: 0.00
[ 290s ] thds: 16 tps: 434.38 qps: 12634.42 (r/w/o: 5833.46/5932.70/868.26) lat (ms,95%): 92.42 err/s: 0.00 reconn/s: 0.00
[ 292s ] thds: 16 tps: 481.10 qps: 14261.00 (r/w/o: 6568.88/6729.41/962.71) lat (ms,95%): 78.60 err/s: 0.00 reconn/s: 0.00
[ 294s ] thds: 16 tps: 488.18 qps: 14499.93 (r/w/o: 6689.56/6834.02/976.36) lat (ms,95%): 74.46 err/s: 0.00 reconn/s: 0.00
[ 296s ] thds: 16 tps: 444.46 qps: 13258.29 (r/w/o: 6103.85/6265.51/888.92) lat (ms,95%): 87.56 err/s: 0.00 reconn/s: 0.00
[ 298s ] thds: 16 tps: 482.08 qps: 14322.81 (r/w/o: 6605.59/6753.07/964.15) lat (ms,95%): 75.82 err/s: 0.00 reconn/s: 0.00
[ 300s ] thds: 16 tps: 437.63 qps: 12770.09 (r/w/o: 5870.65/6024.17/875.26) lat (ms,95%): 86.00 err/s: 0.00 reconn/s: 0.00
SQL statistics:
    queries performed:
        read:                            1918862
        write:                           1963360
        other:                           287832
        total:                           4170054
    transactions:                        143900 (479.61 per sec.)
    queries:                             4170054 (13898.54 per sec.)
    ignored errors:                      0      (0.00 per sec.)
    reconnects:                          0      (0.00 per sec.)

Throughput:
    events/s (eps):                      479.6100
    time elapsed:                        300.0355s
    total number of events:              143900

Latency (ms):
         min:                                    0.32
         avg:                                   33.35
         max:                                  350.74
         95th percentile:                       80.03
         sum:                              4798673.01

Threads fairness:
    events (avg/stddev):           8993.7500/68.12
    execution time (avg/stddev):   299.9171/0.01

sysbench 1.1.0 (using bundled LuaJIT 2.1.0-beta3)

Running the test with following options:
Number of threads: 32
Report intermediate results every 2 second(s)
Initializing random number generator from current time


Initializing worker threads...

** Using FOR UPDATE : 1
** FORCE_PRIMARY : 0
** FORCE_NULL : 0
=> Using SESSION ops: 
Threads started!

[ 2s ] thds: 32 tps: 456.54 qps: 13539.06 (r/w/o: 6215.09/6364.29/959.68) lat (ms,95%): 161.51 err/s: 0.00 reconn/s: 0.00
[ 4s ] thds: 32 tps: 407.78 qps: 11955.45 (r/w/o: 5496.95/5641.94/816.56) lat (ms,95%): 186.54 err/s: 0.00 reconn/s: 0.00
[ 6s ] thds: 32 tps: 448.72 qps: 13183.02 (r/w/o: 6088.39/6197.70/896.94) lat (ms,95%): 167.44 err/s: 0.00 reconn/s: 0.00
[ 8s ] thds: 32 tps: 453.30 qps: 14040.39 (r/w/o: 6498.80/6635.48/906.10) lat (ms,95%): 170.48 err/s: 0.00 reconn/s: 0.00
[ 10s ] thds: 32 tps: 472.36 qps: 13386.27 (r/w/o: 6144.14/6296.42/945.71) lat (ms,95%): 173.58 err/s: 0.00 reconn/s: 0.00
[ 12s ] thds: 32 tps: 396.87 qps: 12045.99 (r/w/o: 5556.14/5696.12/793.73) lat (ms,95%): 193.38 err/s: 0.00 reconn/s: 0.00
[ 14s ] thds: 32 tps: 418.78 qps: 11686.10 (r/w/o: 5382.95/5465.58/837.56) lat (ms,95%): 196.89 err/s: 0.00 reconn/s: 0.00
[ 16s ] thds: 32 tps: 397.53 qps: 11899.33 (r/w/o: 5475.38/5628.89/795.06) lat (ms,95%): 204.11 err/s: 0.00 reconn/s: 0.00
[ 18s ] thds: 32 tps: 455.39 qps: 12725.70 (r/w/o: 5858.26/5956.67/910.77) lat (ms,95%): 161.51 err/s: 0.00 reconn/s: 0.00
[ 20s ] thds: 32 tps: 441.02 qps: 12735.02 (r/w/o: 5861.92/5991.55/881.55) lat (ms,95%): 200.47 err/s: 0.00 reconn/s: 0.00
[ 22s ] thds: 32 tps: 428.09 qps: 12475.71 (r/w/o: 5736.75/5882.29/856.67) lat (ms,95%): 200.47 err/s: 0.00 reconn/s: 0.00
[ 24s ] thds: 32 tps: 414.27 qps: 12102.99 (r/w/o: 5581.06/5693.90/828.03) lat (ms,95%): 196.89 err/s: 0.00 reconn/s: 0.00
[ 26s ] thds: 32 tps: 411.88 qps: 11931.68 (r/w/o: 5510.07/5598.33/823.27) lat (ms,95%): 189.93 err/s: 0.00 reconn/s: 0.00
[ 28s ] thds: 32 tps: 453.28 qps: 13120.58 (r/w/o: 6024.03/6188.99/907.56) lat (ms,95%): 170.48 err/s: 0.00 reconn/s: 0.00
[ 30s ] thds: 32 tps: 1384.35 qps: 40534.28 (r/w/o: 18635.95/19129.62/2768.71) lat (ms,95%): 87.56 err/s: 0.00 reconn/s: 0.00
[ 32s ] thds: 32 tps: 2956.45 qps: 86971.60 (r/w/o: 40027.86/41030.84/5912.90) lat (ms,95%): 27.17 err/s: 0.00 reconn/s: 0.00
[ 34s ] thds: 32 tps: 781.13 qps: 22801.66 (r/w/o: 10508.86/10730.55/1562.26) lat (ms,95%): 147.61 err/s: 0.00 reconn/s: 0.00
[ 36s ] thds: 32 tps: 417.16 qps: 11921.93 (r/w/o: 5481.93/5605.68/834.32) lat (ms,95%): 193.38 err/s: 0.00 reconn/s: 0.00
[ 38s ] thds: 32 tps: 443.38 qps: 12810.12 (r/w/o: 5877.29/6046.06/886.76) lat (ms,95%): 240.02 err/s: 0.00 reconn/s: 0.00
[ 40s ] thds: 32 tps: 449.56 qps: 13154.37 (r/w/o: 6060.22/6196.54/897.61) lat (ms,95%): 183.21 err/s: 0.00 reconn/s: 0.00
[ 42s ] thds: 32 tps: 399.61 qps: 11503.53 (r/w/o: 5273.18/5429.62/800.73) lat (ms,95%): 200.47 err/s: 0.00 reconn/s: 0.00
[ 44s ] thds: 32 tps: 383.45 qps: 11686.88 (r/w/o: 5377.85/5542.12/766.91) lat (ms,95%): 219.36 err/s: 0.00 reconn/s: 0.00
[ 46s ] thds: 32 tps: 418.14 qps: 11998.11 (r/w/o: 5488.21/5673.61/836.29) lat (ms,95%): 183.21 err/s: 0.00 reconn/s: 0.00
[ 48s ] thds: 32 tps: 431.35 qps: 12998.04 (r/w/o: 5998.79/6137.06/862.19) lat (ms,95%): 183.21 err/s: 0.00 reconn/s: 0.00
[ 50s ] thds: 32 tps: 455.24 qps: 13061.15 (r/w/o: 6009.62/6141.04/910.49) lat (ms,95%): 164.45 err/s: 0.00 reconn/s: 0.00
[ 52s ] thds: 32 tps: 400.36 qps: 11922.49 (r/w/o: 5454.53/5666.75/801.22) lat (ms,95%): 215.44 err/s: 0.00 reconn/s: 0.00
[ 54s ] thds: 32 tps: 394.95 qps: 11924.27 (r/w/o: 5487.90/5647.47/788.90) lat (ms,95%): 193.38 err/s: 0.00 reconn/s: 0.00
[ 56s ] thds: 32 tps: 409.73 qps: 12247.31 (r/w/o: 5654.49/5772.35/820.47) lat (ms,95%): 200.47 err/s: 0.00 reconn/s: 0.00
[ 58s ] thds: 32 tps: 435.26 qps: 12711.36 (r/w/o: 5846.72/5994.63/870.01) lat (ms,95%): 179.94 err/s: 0.00 reconn/s: 0.00
[ 60s ] thds: 32 tps: 463.85 qps: 13148.03 (r/w/o: 6064.63/6155.19/928.21) lat (ms,95%): 179.94 err/s: 0.00 reconn/s: 0.00
[ 62s ] thds: 32 tps: 395.35 qps: 11893.13 (r/w/o: 5482.40/5620.52/790.21) lat (ms,95%): 219.36 err/s: 0.00 reconn/s: 0.00
[ 64s ] thds: 32 tps: 389.93 qps: 11248.60 (r/w/o: 5151.13/5317.10/780.37) lat (ms,95%): 223.34 err/s: 0.00 reconn/s: 0.00
[ 66s ] thds: 32 tps: 396.20 qps: 12068.45 (r/w/o: 5566.19/5710.85/791.41) lat (ms,95%): 196.89 err/s: 0.00 reconn/s: 0.00
[ 68s ] thds: 32 tps: 412.55 qps: 12643.86 (r/w/o: 5824.82/5992.95/826.09) lat (ms,95%): 196.89 err/s: 0.00 reconn/s: 0.00
[ 70s ] thds: 32 tps: 471.48 qps: 13098.22 (r/w/o: 6001.97/6153.29/942.96) lat (ms,95%): 164.45 err/s: 0.00 reconn/s: 0.00
[ 72s ] thds: 32 tps: 423.62 qps: 11976.57 (r/w/o: 5492.15/5637.18/847.25) lat (ms,95%): 176.73 err/s: 0.00 reconn/s: 0.00
[ 74s ] thds: 32 tps: 409.45 qps: 11023.53 (r/w/o: 5060.72/5143.91/818.90) lat (ms,95%): 200.47 err/s: 0.00 reconn/s: 0.00
[ 76s ] thds: 32 tps: 415.89 qps: 11964.66 (r/w/o: 5501.19/5631.69/831.78) lat (ms,95%): 219.36 err/s: 0.00 reconn/s: 0.00
[ 78s ] thds: 32 tps: 445.30 qps: 12677.50 (r/w/o: 5824.50/5962.40/890.60) lat (ms,95%): 176.73 err/s: 0.00 reconn/s: 0.00
[ 80s ] thds: 32 tps: 450.44 qps: 13275.77 (r/w/o: 6140.84/6235.54/899.38) lat (ms,95%): 183.21 err/s: 0.00 reconn/s: 0.00
[ 82s ] thds: 32 tps: 447.32 qps: 12480.99 (r/w/o: 5713.98/5872.38/894.63) lat (ms,95%): 179.94 err/s: 0.00 reconn/s: 0.00
[ 84s ] thds: 32 tps: 379.81 qps: 11117.25 (r/w/o: 5121.94/5234.18/761.13) lat (ms,95%): 215.44 err/s: 0.00 reconn/s: 0.00
[ 86s ] thds: 32 tps: 428.98 qps: 12012.91 (r/w/o: 5496.14/5659.32/857.46) lat (ms,95%): 200.47 err/s: 0.00 reconn/s: 0.00
[ 88s ] thds: 32 tps: 470.13 qps: 12832.30 (r/w/o: 5900.89/5991.15/940.26) lat (ms,95%): 170.48 err/s: 0.00 reconn/s: 0.00
[ 90s ] thds: 32 tps: 477.97 qps: 13317.70 (r/w/o: 6130.01/6231.24/956.44) lat (ms,95%): 167.44 err/s: 0.00 reconn/s: 0.00
[ 92s ] thds: 32 tps: 431.20 qps: 12693.55 (r/w/o: 5858.56/5972.59/862.40) lat (ms,95%): 189.93 err/s: 0.00 reconn/s: 0.00
[ 94s ] thds: 32 tps: 389.18 qps: 11278.17 (r/w/o: 5209.80/5290.01/778.35) lat (ms,95%): 193.38 err/s: 0.00 reconn/s: 0.00
[ 96s ] thds: 32 tps: 425.59 qps: 11797.87 (r/w/o: 5409.43/5537.26/851.18) lat (ms,95%): 204.11 err/s: 0.00 reconn/s: 0.00
[ 98s ] thds: 32 tps: 469.30 qps: 12818.24 (r/w/o: 5885.28/5994.35/938.60) lat (ms,95%): 179.94 err/s: 0.00 reconn/s: 0.00
[ 100s ] thds: 32 tps: 459.58 qps: 13071.83 (r/w/o: 6021.98/6130.69/919.16) lat (ms,95%): 164.45 err/s: 0.00 reconn/s: 0.00
[ 102s ] thds: 32 tps: 452.05 qps: 12733.12 (r/w/o: 5837.90/5991.11/904.11) lat (ms,95%): 167.44 err/s: 0.00 reconn/s: 0.00
[ 104s ] thds: 32 tps: 366.20 qps: 10935.83 (r/w/o: 5041.02/5162.41/732.40) lat (ms,95%): 262.64 err/s: 0.00 reconn/s: 0.00
[ 106s ] thds: 32 tps: 412.68 qps: 11898.79 (r/w/o: 5436.92/5636.51/825.37) lat (ms,95%): 207.82 err/s: 0.00 reconn/s: 0.00
[ 108s ] thds: 32 tps: 443.41 qps: 12974.22 (r/w/o: 5962.06/6125.34/886.82) lat (ms,95%): 176.73 err/s: 0.00 reconn/s: 0.00
[ 110s ] thds: 32 tps: 451.24 qps: 13013.34 (r/w/o: 5992.65/6118.21/902.48) lat (ms,95%): 167.44 err/s: 0.00 reconn/s: 0.00
[ 112s ] thds: 32 tps: 426.44 qps: 12782.47 (r/w/o: 5895.08/6034.52/852.87) lat (ms,95%): 189.93 err/s: 0.00 reconn/s: 0.00
[ 114s ] thds: 32 tps: 404.79 qps: 11715.75 (r/w/o: 5404.18/5502.49/809.07) lat (ms,95%): 223.34 err/s: 0.00 reconn/s: 0.00
[ 116s ] thds: 32 tps: 427.40 qps: 12608.25 (r/w/o: 5818.92/5934.53/854.80) lat (ms,95%): 189.93 err/s: 0.00 reconn/s: 0.00
[ 118s ] thds: 32 tps: 439.22 qps: 13296.01 (r/w/o: 6149.62/6267.45/878.95) lat (ms,95%): 167.44 err/s: 0.00 reconn/s: 0.00
[ 120s ] thds: 32 tps: 470.12 qps: 13594.71 (r/w/o: 6266.11/6388.36/940.24) lat (ms,95%): 167.44 err/s: 0.00 reconn/s: 0.00
[ 122s ] thds: 32 tps: 455.75 qps: 12952.62 (r/w/o: 5956.56/6085.57/910.49) lat (ms,95%): 167.44 err/s: 0.00 reconn/s: 0.00
[ 124s ] thds: 32 tps: 420.63 qps: 11978.32 (r/w/o: 5535.43/5600.61/842.27) lat (ms,95%): 186.54 err/s: 0.00 reconn/s: 0.00
[ 126s ] thds: 32 tps: 402.01 qps: 11305.45 (r/w/o: 5184.47/5317.47/803.52) lat (ms,95%): 215.44 err/s: 0.00 reconn/s: 0.00
[ 128s ] thds: 32 tps: 451.80 qps: 12686.18 (r/w/o: 5811.18/5971.40/903.60) lat (ms,95%): 179.94 err/s: 0.00 reconn/s: 0.00
[ 130s ] thds: 32 tps: 461.11 qps: 13484.66 (r/w/o: 6183.96/6378.48/922.23) lat (ms,95%): 161.51 err/s: 0.00 reconn/s: 0.00
[ 132s ] thds: 32 tps: 452.10 qps: 13182.41 (r/w/o: 6090.02/6187.68/904.70) lat (ms,95%): 164.45 err/s: 0.00 reconn/s: 0.00
[ 134s ] thds: 32 tps: 395.25 qps: 11523.25 (r/w/o: 5306.63/5426.12/790.50) lat (ms,95%): 211.60 err/s: 0.00 reconn/s: 0.00
[ 136s ] thds: 32 tps: 428.80 qps: 12506.83 (r/w/o: 5748.01/5901.72/857.10) lat (ms,95%): 196.89 err/s: 0.00 reconn/s: 0.00
[ 138s ] thds: 32 tps: 451.00 qps: 13202.87 (r/w/o: 6080.71/6220.17/902.00) lat (ms,95%): 167.44 err/s: 0.00 reconn/s: 0.00
[ 140s ] thds: 32 tps: 477.32 qps: 13443.18 (r/w/o: 6195.18/6292.85/955.15) lat (ms,95%): 161.51 err/s: 0.00 reconn/s: 0.00
[ 142s ] thds: 32 tps: 429.22 qps: 12354.90 (r/w/o: 5705.46/5791.00/858.44) lat (ms,95%): 183.21 err/s: 0.00 reconn/s: 0.00
[ 144s ] thds: 32 tps: 404.63 qps: 11908.71 (r/w/o: 5515.22/5584.74/808.75) lat (ms,95%): 193.38 err/s: 0.00 reconn/s: 0.00
[ 146s ] thds: 32 tps: 388.04 qps: 11164.90 (r/w/o: 5141.11/5247.71/776.07) lat (ms,95%): 219.36 err/s: 0.00 reconn/s: 0.00
[ 148s ] thds: 32 tps: 402.87 qps: 12399.26 (r/w/o: 5707.32/5886.70/805.24) lat (ms,95%): 200.47 err/s: 0.00 reconn/s: 0.00
[ 150s ] thds: 32 tps: 478.76 qps: 13122.27 (r/w/o: 6004.00/6160.25/958.02) lat (ms,95%): 173.58 err/s: 0.00 reconn/s: 0.00
[ 152s ] thds: 32 tps: 921.64 qps: 27644.77 (r/w/o: 12718.16/13082.83/1843.78) lat (ms,95%): 147.61 err/s: 0.00 reconn/s: 0.00
[ 154s ] thds: 32 tps: 450.16 qps: 12690.18 (r/w/o: 5831.95/5958.42/899.81) lat (ms,95%): 186.54 err/s: 0.00 reconn/s: 0.00
[ 156s ] thds: 32 tps: 453.77 qps: 12970.47 (r/w/o: 5951.50/6110.92/908.04) lat (ms,95%): 173.58 err/s: 0.00 reconn/s: 0.00
[ 158s ] thds: 32 tps: 465.83 qps: 14077.40 (r/w/o: 6474.43/6672.30/930.67) lat (ms,95%): 167.44 err/s: 0.00 reconn/s: 0.00
[ 160s ] thds: 32 tps: 527.42 qps: 15032.37 (r/w/o: 6925.36/7051.67/1055.34) lat (ms,95%): 173.58 err/s: 0.00 reconn/s: 0.00
[ 162s ] thds: 32 tps: 493.23 qps: 14350.81 (r/w/o: 6604.52/6759.83/986.46) lat (ms,95%): 147.61 err/s: 0.00 reconn/s: 0.00
[ 164s ] thds: 32 tps: 465.97 qps: 13278.48 (r/w/o: 6093.77/6252.77/931.95) lat (ms,95%): 189.93 err/s: 0.00 reconn/s: 0.00
[ 166s ] thds: 32 tps: 470.91 qps: 13508.95 (r/w/o: 6216.82/6349.80/942.32) lat (ms,95%): 170.48 err/s: 0.00 reconn/s: 0.00
[ 168s ] thds: 32 tps: 510.68 qps: 14595.73 (r/w/o: 6728.41/6847.95/1019.37) lat (ms,95%): 167.44 err/s: 0.00 reconn/s: 0.00
[ 170s ] thds: 32 tps: 523.49 qps: 15137.10 (r/w/o: 6989.79/7098.31/1049.00) lat (ms,95%): 150.29 err/s: 0.00 reconn/s: 0.00
[ 172s ] thds: 32 tps: 489.34 qps: 14277.24 (r/w/o: 6564.58/6734.98/977.68) lat (ms,95%): 161.51 err/s: 0.00 reconn/s: 0.00
[ 174s ] thds: 32 tps: 466.72 qps: 13444.87 (r/w/o: 6168.61/6341.81/934.45) lat (ms,95%): 167.44 err/s: 0.00 reconn/s: 0.00
[ 176s ] thds: 32 tps: 443.16 qps: 13483.75 (r/w/o: 6217.65/6379.79/886.32) lat (ms,95%): 183.21 err/s: 0.00 reconn/s: 0.00
[ 178s ] thds: 32 tps: 525.88 qps: 14353.27 (r/w/o: 6569.52/6731.99/1051.76) lat (ms,95%): 158.63 err/s: 0.00 reconn/s: 0.00
[ 180s ] thds: 32 tps: 512.25 qps: 15191.75 (r/w/o: 7028.88/7138.87/1024.00) lat (ms,95%): 170.48 err/s: 0.00 reconn/s: 0.00
[ 182s ] thds: 32 tps: 494.99 qps: 14417.11 (r/w/o: 6651.07/6775.56/990.47) lat (ms,95%): 155.80 err/s: 0.00 reconn/s: 0.00
[ 184s ] thds: 32 tps: 460.73 qps: 13261.26 (r/w/o: 6092.78/6247.02/921.45) lat (ms,95%): 176.73 err/s: 0.00 reconn/s: 0.00
[ 186s ] thds: 32 tps: 463.05 qps: 13749.13 (r/w/o: 6356.47/6468.08/924.59) lat (ms,95%): 173.58 err/s: 0.00 reconn/s: 0.00
[ 188s ] thds: 32 tps: 498.01 qps: 14333.88 (r/w/o: 6579.57/6756.78/997.53) lat (ms,95%): 164.45 err/s: 0.00 reconn/s: 0.00
[ 190s ] thds: 32 tps: 503.88 qps: 14889.85 (r/w/o: 6841.16/7041.42/1007.27) lat (ms,95%): 173.58 err/s: 0.00 reconn/s: 0.00
[ 192s ] thds: 32 tps: 501.23 qps: 14533.71 (r/w/o: 6670.51/6860.23/1002.97) lat (ms,95%): 179.94 err/s: 0.00 reconn/s: 0.00
[ 194s ] thds: 32 tps: 444.46 qps: 13442.89 (r/w/o: 6177.78/6376.20/888.92) lat (ms,95%): 186.54 err/s: 0.00 reconn/s: 0.00
[ 196s ] thds: 32 tps: 464.03 qps: 13798.89 (r/w/o: 6357.74/6513.09/928.06) lat (ms,95%): 170.48 err/s: 0.00 reconn/s: 0.00
[ 198s ] thds: 32 tps: 522.05 qps: 13990.62 (r/w/o: 6403.53/6543.00/1044.09) lat (ms,95%): 155.80 err/s: 0.00 reconn/s: 0.00
[ 200s ] thds: 32 tps: 505.68 qps: 14947.73 (r/w/o: 6850.29/7086.08/1011.36) lat (ms,95%): 167.44 err/s: 0.00 reconn/s: 0.00
[ 202s ] thds: 32 tps: 485.53 qps: 14416.81 (r/w/o: 6635.39/6810.36/971.06) lat (ms,95%): 153.02 err/s: 0.00 reconn/s: 0.00
[ 204s ] thds: 32 tps: 458.75 qps: 13446.66 (r/w/o: 6198.58/6331.09/916.99) lat (ms,95%): 167.44 err/s: 0.00 reconn/s: 0.00
[ 206s ] thds: 32 tps: 494.05 qps: 14060.50 (r/w/o: 6480.05/6591.84/988.60) lat (ms,95%): 150.29 err/s: 0.00 reconn/s: 0.00
[ 208s ] thds: 32 tps: 467.27 qps: 13953.81 (r/w/o: 6410.14/6609.12/934.54) lat (ms,95%): 158.63 err/s: 0.00 reconn/s: 0.00
[ 210s ] thds: 32 tps: 514.74 qps: 15148.06 (r/w/o: 6972.50/7146.59/1028.97) lat (ms,95%): 147.61 err/s: 0.00 reconn/s: 0.00
[ 212s ] thds: 32 tps: 508.65 qps: 14383.45 (r/w/o: 6620.98/6744.66/1017.81) lat (ms,95%): 167.44 err/s: 0.00 reconn/s: 0.00
[ 214s ] thds: 32 tps: 467.85 qps: 13554.68 (r/w/o: 6231.01/6388.47/935.20) lat (ms,95%): 170.48 err/s: 0.00 reconn/s: 0.00
[ 216s ] thds: 32 tps: 473.16 qps: 13959.70 (r/w/o: 6404.09/6609.29/946.32) lat (ms,95%): 153.02 err/s: 0.00 reconn/s: 0.00
[ 218s ] thds: 32 tps: 490.94 qps: 13810.14 (r/w/o: 6365.18/6463.07/981.88) lat (ms,95%): 170.48 err/s: 0.00 reconn/s: 0.00
[ 220s ] thds: 32 tps: 489.81 qps: 14938.93 (r/w/o: 6860.81/7098.99/979.12) lat (ms,95%): 150.29 err/s: 0.00 reconn/s: 0.00
[ 222s ] thds: 32 tps: 480.23 qps: 14618.63 (r/w/o: 6766.86/6890.31/961.46) lat (ms,95%): 153.02 err/s: 0.00 reconn/s: 0.00
[ 224s ] thds: 32 tps: 443.15 qps: 13161.11 (r/w/o: 6074.67/6200.14/886.30) lat (ms,95%): 186.54 err/s: 0.00 reconn/s: 0.00
[ 226s ] thds: 32 tps: 477.13 qps: 13756.91 (r/w/o: 6305.14/6497.50/954.26) lat (ms,95%): 161.51 err/s: 0.00 reconn/s: 0.00
[ 228s ] thds: 32 tps: 507.87 qps: 14454.25 (r/w/o: 6631.13/6807.37/1015.74) lat (ms,95%): 153.02 err/s: 0.00 reconn/s: 0.00
[ 230s ] thds: 32 tps: 509.46 qps: 14715.41 (r/w/o: 6762.41/6934.08/1018.92) lat (ms,95%): 164.45 err/s: 0.00 reconn/s: 0.00
[ 232s ] thds: 32 tps: 503.28 qps: 14698.15 (r/w/o: 6795.72/6896.37/1006.05) lat (ms,95%): 150.29 err/s: 0.00 reconn/s: 0.00
[ 234s ] thds: 32 tps: 473.05 qps: 13273.05 (r/w/o: 6109.60/6216.84/946.61) lat (ms,95%): 173.58 err/s: 0.00 reconn/s: 0.00
[ 236s ] thds: 32 tps: 477.06 qps: 13670.60 (r/w/o: 6270.66/6445.82/954.12) lat (ms,95%): 167.44 err/s: 0.00 reconn/s: 0.00
[ 238s ] thds: 32 tps: 492.80 qps: 14498.73 (r/w/o: 6663.29/6850.34/985.10) lat (ms,95%): 161.51 err/s: 0.00 reconn/s: 0.00
[ 240s ] thds: 32 tps: 511.72 qps: 14384.80 (r/w/o: 6621.18/6741.20/1022.43) lat (ms,95%): 155.80 err/s: 0.00 reconn/s: 0.00
[ 242s ] thds: 32 tps: 506.41 qps: 14449.38 (r/w/o: 6653.42/6781.65/1014.32) lat (ms,95%): 155.80 err/s: 0.00 reconn/s: 0.00
[ 244s ] thds: 32 tps: 447.26 qps: 13169.99 (r/w/o: 6072.07/6203.41/894.52) lat (ms,95%): 176.73 err/s: 0.00 reconn/s: 0.00
[ 246s ] thds: 32 tps: 469.60 qps: 13730.71 (r/w/o: 6302.78/6489.22/938.71) lat (ms,95%): 176.73 err/s: 0.00 reconn/s: 0.00
[ 248s ] thds: 32 tps: 502.79 qps: 14715.20 (r/w/o: 6784.88/6924.74/1005.58) lat (ms,95%): 170.48 err/s: 0.00 reconn/s: 0.00
[ 250s ] thds: 32 tps: 478.50 qps: 14275.03 (r/w/o: 6584.38/6733.15/957.50) lat (ms,95%): 179.94 err/s: 0.00 reconn/s: 0.00
[ 252s ] thds: 32 tps: 511.85 qps: 14742.03 (r/w/o: 6792.63/6926.20/1023.21) lat (ms,95%): 153.02 err/s: 0.00 reconn/s: 0.00
[ 254s ] thds: 32 tps: 439.75 qps: 13321.95 (r/w/o: 6143.50/6297.94/880.51) lat (ms,95%): 167.44 err/s: 0.00 reconn/s: 0.00
[ 256s ] thds: 32 tps: 485.03 qps: 13857.18 (r/w/o: 6400.15/6487.47/969.55) lat (ms,95%): 170.48 err/s: 0.00 reconn/s: 0.00
[ 258s ] thds: 32 tps: 517.80 qps: 14722.73 (r/w/o: 6781.39/6905.73/1035.61) lat (ms,95%): 155.80 err/s: 0.00 reconn/s: 0.00
[ 260s ] thds: 32 tps: 491.62 qps: 14170.12 (r/w/o: 6509.42/6677.97/982.73) lat (ms,95%): 164.45 err/s: 0.00 reconn/s: 0.00
[ 262s ] thds: 32 tps: 502.24 qps: 14914.01 (r/w/o: 6909.63/6999.41/1004.97) lat (ms,95%): 155.80 err/s: 0.00 reconn/s: 0.00
[ 264s ] thds: 32 tps: 463.75 qps: 13102.30 (r/w/o: 6033.26/6141.55/927.50) lat (ms,95%): 173.58 err/s: 0.00 reconn/s: 0.00
[ 266s ] thds: 32 tps: 482.19 qps: 13755.45 (r/w/o: 6329.17/6461.90/964.39) lat (ms,95%): 161.51 err/s: 0.00 reconn/s: 0.00
[ 268s ] thds: 32 tps: 496.89 qps: 14909.15 (r/w/o: 6848.13/7067.24/993.78) lat (ms,95%): 176.73 err/s: 0.00 reconn/s: 0.00
[ 270s ] thds: 32 tps: 469.75 qps: 14189.83 (r/w/o: 6536.65/6714.17/939.01) lat (ms,95%): 170.48 err/s: 0.00 reconn/s: 0.00
[ 272s ] thds: 32 tps: 512.11 qps: 14901.28 (r/w/o: 6890.34/6986.23/1024.71) lat (ms,95%): 158.63 err/s: 0.00 reconn/s: 0.00
[ 274s ] thds: 32 tps: 453.92 qps: 13121.78 (r/w/o: 6028.00/6185.95/907.84) lat (ms,95%): 186.54 err/s: 0.00 reconn/s: 0.00
[ 276s ] thds: 32 tps: 476.16 qps: 13967.52 (r/w/o: 6460.08/6555.11/952.32) lat (ms,95%): 173.58 err/s: 0.00 reconn/s: 0.00
[ 278s ] thds: 32 tps: 513.21 qps: 14889.48 (r/w/o: 6851.39/7012.17/1025.92) lat (ms,95%): 170.48 err/s: 0.00 reconn/s: 0.00
[ 280s ] thds: 32 tps: 497.50 qps: 14081.38 (r/w/o: 6475.44/6610.44/995.49) lat (ms,95%): 158.63 err/s: 0.00 reconn/s: 0.00
[ 282s ] thds: 32 tps: 510.91 qps: 14592.28 (r/w/o: 6712.03/6858.43/1021.82) lat (ms,95%): 158.63 err/s: 0.00 reconn/s: 0.00
[ 284s ] thds: 32 tps: 448.30 qps: 13036.46 (r/w/o: 5982.61/6157.75/896.10) lat (ms,95%): 164.45 err/s: 0.00 reconn/s: 0.00
[ 286s ] thds: 32 tps: 501.30 qps: 13617.97 (r/w/o: 6226.47/6388.41/1003.09) lat (ms,95%): 161.51 err/s: 0.00 reconn/s: 0.00
[ 288s ] thds: 32 tps: 516.42 qps: 14902.79 (r/w/o: 6862.48/7008.96/1031.35) lat (ms,95%): 153.02 err/s: 0.00 reconn/s: 0.00
[ 290s ] thds: 32 tps: 479.70 qps: 14528.38 (r/w/o: 6677.61/6890.37/960.40) lat (ms,95%): 155.80 err/s: 0.00 reconn/s: 0.00
[ 292s ] thds: 32 tps: 507.49 qps: 14520.28 (r/w/o: 6660.47/6844.33/1015.48) lat (ms,95%): 155.80 err/s: 0.00 reconn/s: 0.00
[ 294s ] thds: 32 tps: 457.49 qps: 12925.35 (r/w/o: 5942.39/6067.98/914.98) lat (ms,95%): 176.73 err/s: 0.00 reconn/s: 0.00
[ 296s ] thds: 32 tps: 462.95 qps: 13570.06 (r/w/o: 6221.16/6423.01/925.89) lat (ms,95%): 173.58 err/s: 0.00 reconn/s: 0.00
[ 298s ] thds: 32 tps: 523.63 qps: 14845.00 (r/w/o: 6835.59/6961.64/1047.76) lat (ms,95%): 137.35 err/s: 0.00 reconn/s: 0.00
[ 300s ] thds: 32 tps: 497.80 qps: 14635.67 (r/w/o: 6742.32/6898.25/995.10) lat (ms,95%): 147.61 err/s: 0.00 reconn/s: 0.00
SQL statistics:
    queries performed:
        read:                            1950386
        write:                           1996132
        other:                           292110
        total:                           4238628
    transactions:                        146023 (486.61 per sec.)
    queries:                             4238628 (14124.75 per sec.)
    ignored errors:                      0      (0.00 per sec.)
    reconnects:                          0      (0.00 per sec.)

Throughput:
    events/s (eps):                      486.6053
    time elapsed:                        300.0851s
    total number of events:              146023

Latency (ms):
         min:                                    0.47
         avg:                                   65.74
         max:                                 1042.88
         95th percentile:                      173.58
         sum:                              9599684.04

Threads fairness:
    events (avg/stddev):           4563.2188/50.14
    execution time (avg/stddev):   299.9901/0.02

sysbench 1.1.0 (using bundled LuaJIT 2.1.0-beta3)

Running the test with following options:
Number of threads: 64
Report intermediate results every 2 second(s)
Initializing random number generator from current time


Initializing worker threads...

** Using FOR UPDATE : 1
** FORCE_PRIMARY : 0
** FORCE_NULL : 0
=> Using SESSION ops: 
Threads started!

[ 2s ] thds: 64 tps: 472.74 qps: 14197.64 (r/w/o: 6542.34/6616.83/1038.46) lat (ms,95%): 344.08 err/s: 0.00 reconn/s: 0.00
[ 4s ] thds: 64 tps: 510.45 qps: 14806.73 (r/w/o: 6809.09/6976.72/1020.91) lat (ms,95%): 390.30 err/s: 0.00 reconn/s: 0.00
[ 6s ] thds: 64 tps: 473.14 qps: 14042.52 (r/w/o: 6477.82/6617.92/946.77) lat (ms,95%): 530.08 err/s: 0.00 reconn/s: 0.00
[ 8s ] thds: 64 tps: 479.20 qps: 13666.79 (r/w/o: 6273.42/6434.98/958.39) lat (ms,95%): 411.96 err/s: 0.00 reconn/s: 0.00
[ 10s ] thds: 64 tps: 428.83 qps: 12944.69 (r/w/o: 5971.62/6115.40/857.67) lat (ms,95%): 539.71 err/s: 0.00 reconn/s: 0.00
[ 12s ] thds: 64 tps: 491.70 qps: 14135.33 (r/w/o: 6483.52/6668.41/983.40) lat (ms,95%): 590.56 err/s: 0.00 reconn/s: 0.00
[ 14s ] thds: 64 tps: 520.44 qps: 15146.36 (r/w/o: 6979.47/7126.02/1040.87) lat (ms,95%): 325.98 err/s: 0.00 reconn/s: 0.00
[ 16s ] thds: 64 tps: 505.04 qps: 14309.60 (r/w/o: 6590.86/6708.67/1010.08) lat (ms,95%): 397.39 err/s: 0.00 reconn/s: 0.00
[ 18s ] thds: 64 tps: 480.48 qps: 13600.14 (r/w/o: 6237.26/6401.92/960.96) lat (ms,95%): 363.18 err/s: 0.00 reconn/s: 0.00
[ 20s ] thds: 64 tps: 470.80 qps: 12925.72 (r/w/o: 5924.98/6059.64/941.10) lat (ms,95%): 337.94 err/s: 0.00 reconn/s: 0.00
[ 22s ] thds: 64 tps: 511.11 qps: 14213.88 (r/w/o: 6498.94/6692.72/1022.22) lat (ms,95%): 442.73 err/s: 0.00 reconn/s: 0.00
[ 24s ] thds: 64 tps: 523.96 qps: 15035.49 (r/w/o: 6932.17/7054.90/1048.42) lat (ms,95%): 450.77 err/s: 0.00 reconn/s: 0.00
[ 26s ] thds: 64 tps: 504.74 qps: 14760.74 (r/w/o: 6813.23/6938.03/1009.48) lat (ms,95%): 383.33 err/s: 0.00 reconn/s: 0.00
[ 28s ] thds: 64 tps: 470.20 qps: 13305.36 (r/w/o: 6117.01/6248.45/939.90) lat (ms,95%): 397.39 err/s: 0.00 reconn/s: 0.00
[ 30s ] thds: 64 tps: 428.04 qps: 12870.50 (r/w/o: 5916.96/6097.45/856.08) lat (ms,95%): 427.07 err/s: 0.00 reconn/s: 0.00
[ 32s ] thds: 64 tps: 482.45 qps: 13972.17 (r/w/o: 6436.35/6570.92/964.90) lat (ms,95%): 277.21 err/s: 0.00 reconn/s: 0.00
[ 34s ] thds: 64 tps: 518.84 qps: 14818.43 (r/w/o: 6815.50/6964.75/1038.18) lat (ms,95%): 601.29 err/s: 0.00 reconn/s: 0.00
[ 36s ] thds: 64 tps: 502.73 qps: 14773.73 (r/w/o: 6818.11/6950.17/1005.46) lat (ms,95%): 356.70 err/s: 0.00 reconn/s: 0.00
[ 38s ] thds: 64 tps: 449.89 qps: 13354.82 (r/w/o: 6155.12/6300.42/899.28) lat (ms,95%): 450.77 err/s: 0.00 reconn/s: 0.00
[ 40s ] thds: 64 tps: 440.92 qps: 13360.48 (r/w/o: 6187.40/6290.74/882.34) lat (ms,95%): 427.07 err/s: 0.00 reconn/s: 0.00
[ 42s ] thds: 64 tps: 474.01 qps: 14341.83 (r/w/o: 6618.15/6776.16/947.52) lat (ms,95%): 376.49 err/s: 0.00 reconn/s: 0.00
[ 44s ] thds: 64 tps: 505.06 qps: 15121.24 (r/w/o: 6992.68/7117.94/1010.62) lat (ms,95%): 390.30 err/s: 0.00 reconn/s: 0.00
[ 46s ] thds: 64 tps: 506.81 qps: 14994.00 (r/w/o: 6907.06/7073.33/1013.61) lat (ms,95%): 376.49 err/s: 0.00 reconn/s: 0.00
[ 48s ] thds: 64 tps: 451.43 qps: 13138.95 (r/w/o: 6045.56/6191.03/902.36) lat (ms,95%): 397.39 err/s: 0.00 reconn/s: 0.00
[ 50s ] thds: 64 tps: 427.16 qps: 12794.32 (r/w/o: 5894.90/6044.60/854.82) lat (ms,95%): 530.08 err/s: 0.00 reconn/s: 0.00
[ 52s ] thds: 64 tps: 505.25 qps: 14387.33 (r/w/o: 6586.76/6790.57/1010.00) lat (ms,95%): 369.77 err/s: 0.00 reconn/s: 0.00
[ 54s ] thds: 64 tps: 518.03 qps: 15053.36 (r/w/o: 6927.72/7089.08/1036.56) lat (ms,95%): 383.33 err/s: 0.00 reconn/s: 0.00
[ 56s ] thds: 64 tps: 505.31 qps: 14901.79 (r/w/o: 6848.76/7043.41/1009.62) lat (ms,95%): 390.30 err/s: 0.00 reconn/s: 0.00
[ 58s ] thds: 64 tps: 430.57 qps: 13192.43 (r/w/o: 6102.96/6227.84/861.64) lat (ms,95%): 434.83 err/s: 0.00 reconn/s: 0.00
[ 60s ] thds: 64 tps: 445.86 qps: 13119.16 (r/w/o: 6012.39/6214.55/892.23) lat (ms,95%): 427.07 err/s: 0.00 reconn/s: 0.00
[ 62s ] thds: 64 tps: 483.49 qps: 14366.58 (r/w/o: 6597.37/6803.73/965.48) lat (ms,95%): 350.33 err/s: 0.00 reconn/s: 0.00
[ 64s ] thds: 64 tps: 486.87 qps: 14880.90 (r/w/o: 6832.74/7072.91/975.25) lat (ms,95%): 434.83 err/s: 0.00 reconn/s: 0.00
[ 66s ] thds: 64 tps: 507.44 qps: 15082.99 (r/w/o: 6961.96/7107.15/1013.88) lat (ms,95%): 369.77 err/s: 0.00 reconn/s: 0.00
[ 68s ] thds: 64 tps: 454.05 qps: 13653.32 (r/w/o: 6320.17/6424.57/908.59) lat (ms,95%): 450.77 err/s: 0.00 reconn/s: 0.00
[ 70s ] thds: 64 tps: 437.76 qps: 12558.16 (r/w/o: 5792.68/5889.96/875.52) lat (ms,95%): 458.96 err/s: 0.00 reconn/s: 0.00
[ 72s ] thds: 64 tps: 508.47 qps: 14539.46 (r/w/o: 6700.70/6821.81/1016.94) lat (ms,95%): 427.07 err/s: 0.00 reconn/s: 0.00
[ 74s ] thds: 64 tps: 518.84 qps: 14883.74 (r/w/o: 6844.65/7001.40/1037.69) lat (ms,95%): 383.33 err/s: 0.00 reconn/s: 0.00
[ 76s ] thds: 64 tps: 527.53 qps: 14997.92 (r/w/o: 6876.91/7066.46/1054.55) lat (ms,95%): 363.18 err/s: 0.00 reconn/s: 0.00
[ 78s ] thds: 64 tps: 471.22 qps: 13564.30 (r/w/o: 6234.06/6386.80/943.45) lat (ms,95%): 434.83 err/s: 0.00 reconn/s: 0.00
[ 80s ] thds: 64 tps: 445.53 qps: 12827.29 (r/w/o: 5890.52/6045.71/891.06) lat (ms,95%): 520.62 err/s: 0.00 reconn/s: 0.00
[ 82s ] thds: 64 tps: 497.58 qps: 14266.58 (r/w/o: 6562.85/6709.08/994.66) lat (ms,95%): 427.07 err/s: 0.00 reconn/s: 0.00
[ 84s ] thds: 64 tps: 499.66 qps: 15021.75 (r/w/o: 6932.35/7090.58/998.82) lat (ms,95%): 390.30 err/s: 0.00 reconn/s: 0.00
[ 86s ] thds: 64 tps: 513.32 qps: 14861.65 (r/w/o: 6836.71/6997.31/1027.63) lat (ms,95%): 369.77 err/s: 0.00 reconn/s: 0.00
[ 88s ] thds: 64 tps: 455.69 qps: 13918.54 (r/w/o: 6431.48/6576.18/910.89) lat (ms,95%): 475.79 err/s: 0.00 reconn/s: 0.00
[ 90s ] thds: 64 tps: 432.37 qps: 12352.45 (r/w/o: 5665.08/5822.63/864.75) lat (ms,95%): 475.79 err/s: 0.00 reconn/s: 0.00
[ 92s ] thds: 64 tps: 480.75 qps: 14100.47 (r/w/o: 6488.36/6651.12/961.00) lat (ms,95%): 337.94 err/s: 0.00 reconn/s: 0.00
[ 94s ] thds: 64 tps: 511.83 qps: 15069.82 (r/w/o: 6936.19/7108.97/1024.65) lat (ms,95%): 350.33 err/s: 0.00 reconn/s: 0.00
[ 96s ] thds: 64 tps: 521.99 qps: 14977.85 (r/w/o: 6895.46/7038.41/1043.98) lat (ms,95%): 397.39 err/s: 0.00 reconn/s: 0.00
[ 98s ] thds: 64 tps: 470.83 qps: 13851.43 (r/w/o: 6361.17/6548.60/941.66) lat (ms,95%): 450.77 err/s: 0.00 reconn/s: 0.00
[ 100s ] thds: 64 tps: 424.20 qps: 12219.55 (r/w/o: 5613.63/5757.52/848.39) lat (ms,95%): 427.07 err/s: 0.00 reconn/s: 0.00
[ 102s ] thds: 64 tps: 480.02 qps: 14309.95 (r/w/o: 6586.90/6763.51/959.53) lat (ms,95%): 376.49 err/s: 0.00 reconn/s: 0.00
[ 104s ] thds: 64 tps: 529.58 qps: 14983.54 (r/w/o: 6883.53/7040.35/1059.66) lat (ms,95%): 442.73 err/s: 0.00 reconn/s: 0.00
[ 106s ] thds: 64 tps: 504.26 qps: 15017.73 (r/w/o: 6919.73/7090.48/1007.52) lat (ms,95%): 442.73 err/s: 0.00 reconn/s: 0.00
[ 108s ] thds: 64 tps: 480.48 qps: 14184.22 (r/w/o: 6544.95/6678.31/960.97) lat (ms,95%): 411.96 err/s: 0.00 reconn/s: 0.00
[ 110s ] thds: 64 tps: 434.02 qps: 12226.74 (r/w/o: 5640.26/5717.94/868.54) lat (ms,95%): 493.24 err/s: 0.00 reconn/s: 0.00
[ 112s ] thds: 64 tps: 514.46 qps: 14275.90 (r/w/o: 6558.99/6687.99/1028.92) lat (ms,95%): 376.49 err/s: 0.00 reconn/s: 0.00
[ 114s ] thds: 64 tps: 521.23 qps: 14955.16 (r/w/o: 6873.61/7040.08/1041.47) lat (ms,95%): 337.94 err/s: 0.00 reconn/s: 0.00
[ 116s ] thds: 64 tps: 517.13 qps: 14928.84 (r/w/o: 6882.46/7010.61/1035.76) lat (ms,95%): 383.33 err/s: 0.00 reconn/s: 0.00
[ 118s ] thds: 64 tps: 489.73 qps: 14333.74 (r/w/o: 6613.41/6741.37/978.97) lat (ms,95%): 404.61 err/s: 0.00 reconn/s: 0.00
[ 120s ] thds: 64 tps: 435.90 qps: 12283.70 (r/w/o: 5649.29/5762.12/872.30) lat (ms,95%): 450.77 err/s: 0.00 reconn/s: 0.00
[ 122s ] thds: 64 tps: 498.04 qps: 14019.26 (r/w/o: 6454.03/6569.15/996.08) lat (ms,95%): 458.96 err/s: 0.00 reconn/s: 0.00
[ 124s ] thds: 64 tps: 538.28 qps: 14975.17 (r/w/o: 6878.02/7020.60/1076.55) lat (ms,95%): 369.77 err/s: 0.00 reconn/s: 0.00
[ 126s ] thds: 64 tps: 509.39 qps: 14970.56 (r/w/o: 6875.55/7076.72/1018.29) lat (ms,95%): 404.61 err/s: 0.00 reconn/s: 0.00
[ 128s ] thds: 64 tps: 478.85 qps: 14030.64 (r/w/o: 6454.16/6618.28/958.19) lat (ms,95%): 376.49 err/s: 0.00 reconn/s: 0.00
[ 130s ] thds: 64 tps: 439.95 qps: 12633.15 (r/w/o: 5824.70/5928.54/879.90) lat (ms,95%): 419.45 err/s: 0.00 reconn/s: 0.00
[ 132s ] thds: 64 tps: 484.46 qps: 14050.34 (r/w/o: 6512.12/6569.30/968.92) lat (ms,95%): 344.08 err/s: 0.00 reconn/s: 0.00
[ 134s ] thds: 64 tps: 526.11 qps: 14842.84 (r/w/o: 6812.45/6978.17/1052.22) lat (ms,95%): 383.33 err/s: 0.00 reconn/s: 0.00
[ 136s ] thds: 64 tps: 501.02 qps: 14929.88 (r/w/o: 6876.58/7051.26/1002.03) lat (ms,95%): 369.77 err/s: 0.00 reconn/s: 0.00
[ 138s ] thds: 64 tps: 487.02 qps: 14023.89 (r/w/o: 6458.05/6592.31/973.54) lat (ms,95%): 369.77 err/s: 0.00 reconn/s: 0.00
[ 140s ] thds: 64 tps: 438.21 qps: 12578.93 (r/w/o: 5819.55/5882.44/876.93) lat (ms,95%): 376.49 err/s: 0.00 reconn/s: 0.00
[ 142s ] thds: 64 tps: 487.94 qps: 13957.06 (r/w/o: 6414.03/6567.64/975.38) lat (ms,95%): 530.08 err/s: 0.00 reconn/s: 0.00
[ 144s ] thds: 64 tps: 532.95 qps: 14955.20 (r/w/o: 6861.98/7026.81/1066.41) lat (ms,95%): 397.39 err/s: 0.00 reconn/s: 0.00
[ 146s ] thds: 64 tps: 496.30 qps: 14766.67 (r/w/o: 6769.95/7005.12/991.60) lat (ms,95%): 419.45 err/s: 0.00 reconn/s: 0.00
[ 148s ] thds: 64 tps: 476.30 qps: 14118.40 (r/w/o: 6486.03/6678.76/953.61) lat (ms,95%): 277.21 err/s: 0.00 reconn/s: 0.00
[ 150s ] thds: 64 tps: 434.37 qps: 12812.80 (r/w/o: 5899.22/6044.84/868.73) lat (ms,95%): 511.33 err/s: 0.00 reconn/s: 0.00
[ 152s ] thds: 64 tps: 476.18 qps: 13503.51 (r/w/o: 6213.36/6338.30/951.85) lat (ms,95%): 467.30 err/s: 0.00 reconn/s: 0.00
[ 154s ] thds: 64 tps: 525.46 qps: 15124.14 (r/w/o: 6972.24/7101.48/1050.42) lat (ms,95%): 369.77 err/s: 0.00 reconn/s: 0.00
[ 156s ] thds: 64 tps: 528.87 qps: 14954.68 (r/w/o: 6869.86/7026.08/1058.74) lat (ms,95%): 308.84 err/s: 0.00 reconn/s: 0.00
[ 158s ] thds: 64 tps: 501.31 qps: 14308.17 (r/w/o: 6568.81/6736.75/1002.62) lat (ms,95%): 390.30 err/s: 0.00 reconn/s: 0.00
[ 160s ] thds: 64 tps: 442.03 qps: 12815.34 (r/w/o: 5889.22/6042.56/883.56) lat (ms,95%): 397.39 err/s: 0.00 reconn/s: 0.00
[ 162s ] thds: 64 tps: 449.58 qps: 13196.93 (r/w/o: 6082.74/6214.53/899.66) lat (ms,95%): 458.96 err/s: 0.00 reconn/s: 0.00
[ 164s ] thds: 64 tps: 528.24 qps: 14902.86 (r/w/o: 6853.75/6992.63/1056.48) lat (ms,95%): 434.83 err/s: 0.00 reconn/s: 0.00
[ 166s ] thds: 64 tps: 512.92 qps: 15300.24 (r/w/o: 7079.84/7194.55/1025.84) lat (ms,95%): 458.96 err/s: 0.00 reconn/s: 0.00
[ 168s ] thds: 64 tps: 490.44 qps: 14515.84 (r/w/o: 6691.93/6843.03/980.87) lat (ms,95%): 383.33 err/s: 0.00 reconn/s: 0.00
[ 170s ] thds: 64 tps: 430.00 qps: 12429.06 (r/w/o: 5694.60/5874.97/859.50) lat (ms,95%): 450.77 err/s: 0.00 reconn/s: 0.00
[ 172s ] thds: 64 tps: 467.33 qps: 13747.27 (r/w/o: 6339.30/6473.32/934.66) lat (ms,95%): 467.30 err/s: 0.00 reconn/s: 0.00
[ 174s ] thds: 64 tps: 509.70 qps: 14892.39 (r/w/o: 6842.49/7030.01/1019.89) lat (ms,95%): 419.45 err/s: 0.00 reconn/s: 0.00
[ 176s ] thds: 64 tps: 516.75 qps: 14750.26 (r/w/o: 6776.58/6940.68/1033.00) lat (ms,95%): 404.61 err/s: 0.00 reconn/s: 0.00
[ 178s ] thds: 64 tps: 465.65 qps: 13903.58 (r/w/o: 6416.77/6555.51/931.30) lat (ms,95%): 458.96 err/s: 0.00 reconn/s: 0.00
[ 180s ] thds: 64 tps: 454.79 qps: 13284.93 (r/w/o: 6129.57/6245.78/909.58) lat (ms,95%): 539.71 err/s: 0.00 reconn/s: 0.00
[ 182s ] thds: 64 tps: 477.22 qps: 14003.41 (r/w/o: 6476.46/6572.01/954.94) lat (ms,95%): 404.61 err/s: 0.00 reconn/s: 0.00
[ 184s ] thds: 64 tps: 486.09 qps: 14585.82 (r/w/o: 6748.66/6865.46/971.69) lat (ms,95%): 292.60 err/s: 0.00 reconn/s: 0.00
[ 186s ] thds: 64 tps: 504.56 qps: 15087.80 (r/w/o: 6949.24/7128.94/1009.62) lat (ms,95%): 383.33 err/s: 0.00 reconn/s: 0.00
[ 188s ] thds: 64 tps: 488.96 qps: 14427.46 (r/w/o: 6623.72/6825.82/977.91) lat (ms,95%): 502.20 err/s: 0.00 reconn/s: 0.00
[ 190s ] thds: 64 tps: 443.92 qps: 12702.43 (r/w/o: 5862.51/5952.09/887.83) lat (ms,95%): 397.39 err/s: 0.00 reconn/s: 0.00
[ 192s ] thds: 64 tps: 458.37 qps: 13733.68 (r/w/o: 6341.66/6475.27/916.75) lat (ms,95%): 458.96 err/s: 0.00 reconn/s: 0.00
[ 194s ] thds: 64 tps: 2093.66 qps: 60242.50 (r/w/o: 27712.41/28342.76/4187.33) lat (ms,95%): 121.08 err/s: 0.00 reconn/s: 0.00
[ 196s ] thds: 64 tps: 1390.53 qps: 39447.41 (r/w/o: 18134.42/18532.43/2780.56) lat (ms,95%): 170.48 err/s: 0.00 reconn/s: 0.00
[ 198s ] thds: 64 tps: 448.61 qps: 13204.87 (r/w/o: 6103.42/6204.22/897.22) lat (ms,95%): 623.33 err/s: 0.00 reconn/s: 0.00
[ 200s ] thds: 64 tps: 418.33 qps: 12466.08 (r/w/o: 5753.84/5875.07/837.17) lat (ms,95%): 511.33 err/s: 0.00 reconn/s: 0.00
[ 202s ] thds: 64 tps: 473.80 qps: 13733.27 (r/w/o: 6338.40/6447.27/947.61) lat (ms,95%): 458.96 err/s: 0.00 reconn/s: 0.00
[ 204s ] thds: 64 tps: 470.57 qps: 13564.80 (r/w/o: 6250.84/6373.32/940.65) lat (ms,95%): 733.00 err/s: 0.00 reconn/s: 0.00
[ 206s ] thds: 64 tps: 505.52 qps: 14992.67 (r/w/o: 6913.43/7068.20/1011.04) lat (ms,95%): 539.71 err/s: 0.00 reconn/s: 0.00
[ 208s ] thds: 64 tps: 503.66 qps: 14451.52 (r/w/o: 6666.92/6776.78/1007.81) lat (ms,95%): 411.96 err/s: 0.00 reconn/s: 0.00
[ 210s ] thds: 64 tps: 420.88 qps: 12013.12 (r/w/o: 5529.82/5642.03/841.27) lat (ms,95%): 511.33 err/s: 0.00 reconn/s: 0.00
[ 212s ] thds: 64 tps: 473.36 qps: 13777.84 (r/w/o: 6343.77/6486.86/947.21) lat (ms,95%): 344.08 err/s: 0.00 reconn/s: 0.00
[ 214s ] thds: 64 tps: 469.26 qps: 13851.13 (r/w/o: 6374.82/6537.80/938.51) lat (ms,95%): 442.73 err/s: 0.00 reconn/s: 0.00
[ 216s ] thds: 64 tps: 503.85 qps: 14396.14 (r/w/o: 6601.65/6788.28/1006.21) lat (ms,95%): 344.08 err/s: 0.00 reconn/s: 0.00
[ 218s ] thds: 64 tps: 468.71 qps: 14077.95 (r/w/o: 6463.96/6675.06/938.93) lat (ms,95%): 719.92 err/s: 0.00 reconn/s: 0.00
[ 220s ] thds: 64 tps: 436.45 qps: 12440.43 (r/w/o: 5728.83/5839.69/871.91) lat (ms,95%): 419.45 err/s: 0.00 reconn/s: 0.00
[ 222s ] thds: 64 tps: 478.86 qps: 14089.40 (r/w/o: 6493.24/6637.94/958.22) lat (ms,95%): 356.70 err/s: 0.00 reconn/s: 0.00
[ 224s ] thds: 64 tps: 488.97 qps: 14083.34 (r/w/o: 6462.47/6642.43/978.44) lat (ms,95%): 549.52 err/s: 0.00 reconn/s: 0.00
[ 226s ] thds: 64 tps: 516.90 qps: 14654.11 (r/w/o: 6745.48/6875.32/1033.31) lat (ms,95%): 390.30 err/s: 0.00 reconn/s: 0.00
[ 228s ] thds: 64 tps: 484.82 qps: 14073.78 (r/w/o: 6487.75/6615.89/970.14) lat (ms,95%): 369.77 err/s: 0.00 reconn/s: 0.00
[ 230s ] thds: 64 tps: 430.38 qps: 12212.83 (r/w/o: 5613.48/5739.09/860.26) lat (ms,95%): 511.33 err/s: 0.00 reconn/s: 0.00
[ 232s ] thds: 64 tps: 480.10 qps: 13954.92 (r/w/o: 6424.67/6570.05/960.20) lat (ms,95%): 450.77 err/s: 0.00 reconn/s: 0.00
[ 234s ] thds: 64 tps: 491.29 qps: 13854.19 (r/w/o: 6361.39/6509.72/983.08) lat (ms,95%): 369.77 err/s: 0.00 reconn/s: 0.00
[ 236s ] thds: 64 tps: 489.20 qps: 14065.63 (r/w/o: 6493.89/6594.82/976.92) lat (ms,95%): 376.49 err/s: 0.00 reconn/s: 0.00
[ 238s ] thds: 64 tps: 493.66 qps: 14549.80 (r/w/o: 6713.97/6846.99/988.84) lat (ms,95%): 484.44 err/s: 0.00 reconn/s: 0.00
[ 240s ] thds: 64 tps: 397.87 qps: 11805.53 (r/w/o: 5451.07/5559.22/795.24) lat (ms,95%): 569.67 err/s: 0.00 reconn/s: 0.00
[ 242s ] thds: 64 tps: 490.49 qps: 14075.98 (r/w/o: 6481.23/6613.27/981.47) lat (ms,95%): 580.02 err/s: 0.00 reconn/s: 0.00
[ 244s ] thds: 64 tps: 499.87 qps: 14088.75 (r/w/o: 6470.29/6619.20/999.25) lat (ms,95%): 404.61 err/s: 0.00 reconn/s: 0.00
[ 246s ] thds: 64 tps: 488.04 qps: 13926.02 (r/w/o: 6409.00/6541.43/975.59) lat (ms,95%): 363.18 err/s: 0.00 reconn/s: 0.00
[ 248s ] thds: 64 tps: 483.20 qps: 13692.37 (r/w/o: 6286.06/6439.42/966.89) lat (ms,95%): 383.33 err/s: 0.00 reconn/s: 0.00
[ 250s ] thds: 64 tps: 459.84 qps: 12883.63 (r/w/o: 5933.83/6030.11/919.69) lat (ms,95%): 419.45 err/s: 0.00 reconn/s: 0.00
[ 252s ] thds: 64 tps: 475.63 qps: 13979.42 (r/w/o: 6435.31/6592.36/951.75) lat (ms,95%): 344.08 err/s: 0.00 reconn/s: 0.00
[ 254s ] thds: 64 tps: 542.35 qps: 14989.09 (r/w/o: 6900.79/7003.61/1084.69) lat (ms,95%): 287.38 err/s: 0.00 reconn/s: 0.00
[ 256s ] thds: 64 tps: 493.99 qps: 14235.67 (r/w/o: 6559.53/6688.16/987.98) lat (ms,95%): 356.70 err/s: 0.00 reconn/s: 0.00
[ 258s ] thds: 64 tps: 475.36 qps: 14006.76 (r/w/o: 6451.37/6605.16/950.23) lat (ms,95%): 376.49 err/s: 0.00 reconn/s: 0.00
[ 260s ] thds: 64 tps: 417.85 qps: 11870.40 (r/w/o: 5442.05/5592.64/835.70) lat (ms,95%): 411.96 err/s: 0.00 reconn/s: 0.00
[ 262s ] thds: 64 tps: 502.80 qps: 14200.30 (r/w/o: 6529.42/6665.27/1005.61) lat (ms,95%): 383.33 err/s: 0.00 reconn/s: 0.00
[ 264s ] thds: 64 tps: 493.67 qps: 14203.02 (r/w/o: 6526.31/6689.36/987.35) lat (ms,95%): 467.30 err/s: 0.00 reconn/s: 0.00
[ 266s ] thds: 64 tps: 476.98 qps: 14279.97 (r/w/o: 6608.20/6717.31/954.47) lat (ms,95%): 369.77 err/s: 0.00 reconn/s: 0.00
[ 268s ] thds: 64 tps: 471.04 qps: 14046.97 (r/w/o: 6483.91/6620.98/942.08) lat (ms,95%): 411.96 err/s: 0.00 reconn/s: 0.00
[ 270s ] thds: 64 tps: 431.84 qps: 12683.45 (r/w/o: 5852.70/5967.06/863.69) lat (ms,95%): 502.20 err/s: 0.00 reconn/s: 0.00
[ 272s ] thds: 64 tps: 484.07 qps: 14137.31 (r/w/o: 6514.97/6653.70/968.64) lat (ms,95%): 325.98 err/s: 0.00 reconn/s: 0.00
[ 274s ] thds: 64 tps: 505.65 qps: 14922.29 (r/w/o: 6861.31/7050.68/1010.31) lat (ms,95%): 390.30 err/s: 0.00 reconn/s: 0.00
[ 276s ] thds: 64 tps: 455.35 qps: 14285.89 (r/w/o: 6608.87/6766.32/910.71) lat (ms,95%): 530.08 err/s: 0.00 reconn/s: 0.00
[ 278s ] thds: 64 tps: 491.91 qps: 14094.68 (r/w/o: 6474.52/6637.33/982.83) lat (ms,95%): 337.94 err/s: 0.00 reconn/s: 0.00
[ 280s ] thds: 64 tps: 420.21 qps: 12624.27 (r/w/o: 5806.58/5976.27/841.42) lat (ms,95%): 434.83 err/s: 0.00 reconn/s: 0.00
[ 282s ] thds: 64 tps: 481.85 qps: 14293.82 (r/w/o: 6607.34/6723.29/963.19) lat (ms,95%): 419.45 err/s: 0.00 reconn/s: 0.00
[ 284s ] thds: 64 tps: 502.38 qps: 14711.08 (r/w/o: 6758.93/6947.89/1004.27) lat (ms,95%): 356.70 err/s: 0.00 reconn/s: 0.00
[ 286s ] thds: 64 tps: 487.33 qps: 14277.17 (r/w/o: 6568.96/6732.56/975.65) lat (ms,95%): 383.33 err/s: 0.00 reconn/s: 0.00
[ 288s ] thds: 64 tps: 496.34 qps: 14177.90 (r/w/o: 6525.17/6660.04/992.69) lat (ms,95%): 450.77 err/s: 0.00 reconn/s: 0.00
[ 290s ] thds: 64 tps: 438.88 qps: 12632.09 (r/w/o: 5808.20/5947.64/876.25) lat (ms,95%): 520.62 err/s: 0.00 reconn/s: 0.00
[ 292s ] thds: 64 tps: 466.30 qps: 14231.11 (r/w/o: 6564.06/6732.45/934.59) lat (ms,95%): 383.33 err/s: 0.00 reconn/s: 0.00
[ 294s ] thds: 64 tps: 519.67 qps: 15019.78 (r/w/o: 6938.30/7042.64/1038.84) lat (ms,95%): 337.94 err/s: 0.00 reconn/s: 0.00
[ 296s ] thds: 64 tps: 476.32 qps: 14491.28 (r/w/o: 6673.41/6865.23/952.63) lat (ms,95%): 383.33 err/s: 0.00 reconn/s: 0.00
[ 298s ] thds: 64 tps: 481.33 qps: 14174.29 (r/w/o: 6537.12/6675.00/962.17) lat (ms,95%): 383.33 err/s: 0.00 reconn/s: 0.00
[ 300s ] thds: 64 tps: 443.92 qps: 12232.02 (r/w/o: 5597.60/5755.04/879.37) lat (ms,95%): 356.70 err/s: 0.00 reconn/s: 0.00
SQL statistics:
    queries performed:
        read:                            1998511
        write:                           2043721
        other:                           298900
        total:                           4341132
    transactions:                        149386 (497.75 per sec.)
    queries:                             4341132 (14464.40 per sec.)
    ignored errors:                      0      (0.00 per sec.)
    reconnects:                          0      (0.00 per sec.)

Throughput:
    events/s (eps):                      497.7456
    time elapsed:                        300.1252s
    total number of events:              149386

Latency (ms):
         min:                                    0.44
         avg:                                  128.53
         max:                                 1851.70
         95th percentile:                      397.39
         sum:                             19200489.50

Threads fairness:
    events (avg/stddev):           2334.1562/47.90
    execution time (avg/stddev):   300.0076/0.04

sysbench 1.1.0 (using bundled LuaJIT 2.1.0-beta3)

Running the test with following options:
Number of threads: 128
Report intermediate results every 2 second(s)
Initializing random number generator from current time


Initializing worker threads...

** Using FOR UPDATE : 1
** FORCE_PRIMARY : 0
** FORCE_NULL : 0
=> Using SESSION ops: 
Threads started!

[ 2s ] thds: 128 tps: 425.72 qps: 13257.25 (r/w/o: 6090.03/6136.03/1031.20) lat (ms,95%): 707.07 err/s: 0.00 reconn/s: 0.00
[ 4s ] thds: 128 tps: 407.26 qps: 11857.94 (r/w/o: 5419.02/5623.91/815.02) lat (ms,95%): 846.57 err/s: 0.00 reconn/s: 0.00
[ 6s ] thds: 128 tps: 469.13 qps: 13317.84 (r/w/o: 6143.27/6236.80/937.77) lat (ms,95%): 877.61 err/s: 0.00 reconn/s: 0.00
[ 8s ] thds: 128 tps: 494.16 qps: 14635.30 (r/w/o: 6740.37/6906.10/988.82) lat (ms,95%): 943.16 err/s: 0.00 reconn/s: 0.00
[ 10s ] thds: 128 tps: 484.70 qps: 14519.80 (r/w/o: 6706.56/6843.84/969.41) lat (ms,95%): 1013.60 err/s: 0.00 reconn/s: 0.00
[ 12s ] thds: 128 tps: 484.76 qps: 13891.82 (r/w/o: 6385.56/6538.75/967.51) lat (ms,95%): 960.30 err/s: 0.00 reconn/s: 0.00
[ 14s ] thds: 128 tps: 410.63 qps: 12096.41 (r/w/o: 5558.80/5714.35/823.27) lat (ms,95%): 977.74 err/s: 0.00 reconn/s: 0.00
[ 16s ] thds: 128 tps: 465.17 qps: 13054.84 (r/w/o: 5993.30/6131.20/930.35) lat (ms,95%): 1618.78 err/s: 0.00 reconn/s: 0.00
[ 18s ] thds: 128 tps: 499.38 qps: 14715.76 (r/w/o: 6760.17/6956.82/998.76) lat (ms,95%): 1170.65 err/s: 0.00 reconn/s: 0.00
[ 20s ] thds: 128 tps: 513.20 qps: 14485.66 (r/w/o: 6671.58/6788.17/1025.90) lat (ms,95%): 1013.60 err/s: 0.00 reconn/s: 0.00
[ 22s ] thds: 128 tps: 495.45 qps: 14101.14 (r/w/o: 6471.22/6639.02/990.90) lat (ms,95%): 1280.93 err/s: 0.00 reconn/s: 0.00
[ 24s ] thds: 128 tps: 415.75 qps: 12418.21 (r/w/o: 5734.97/5851.23/832.01) lat (ms,95%): 1129.24 err/s: 0.00 reconn/s: 0.00
[ 26s ] thds: 128 tps: 463.84 qps: 13452.91 (r/w/o: 6182.40/6342.83/927.68) lat (ms,95%): 1089.30 err/s: 0.00 reconn/s: 0.00
[ 28s ] thds: 128 tps: 523.35 qps: 14694.43 (r/w/o: 6768.42/6879.31/1046.70) lat (ms,95%): 977.74 err/s: 0.00 reconn/s: 0.00
[ 30s ] thds: 128 tps: 504.90 qps: 14891.71 (r/w/o: 6860.53/7021.37/1009.81) lat (ms,95%): 1032.01 err/s: 0.00 reconn/s: 0.00
[ 32s ] thds: 128 tps: 482.52 qps: 13950.80 (r/w/o: 6430.87/6554.89/965.03) lat (ms,95%): 1149.76 err/s: 0.00 reconn/s: 0.00
[ 34s ] thds: 128 tps: 423.53 qps: 12431.91 (r/w/o: 5733.42/5851.93/846.56) lat (ms,95%): 1013.60 err/s: 0.00 reconn/s: 0.00
[ 36s ] thds: 128 tps: 461.95 qps: 13350.62 (r/w/o: 6151.18/6275.54/923.90) lat (ms,95%): 1376.60 err/s: 0.00 reconn/s: 0.00
[ 38s ] thds: 128 tps: 508.13 qps: 14793.53 (r/w/o: 6801.69/6975.07/1016.77) lat (ms,95%): 1109.09 err/s: 0.00 reconn/s: 0.00
[ 40s ] thds: 128 tps: 519.12 qps: 14869.74 (r/w/o: 6833.39/6998.61/1037.74) lat (ms,95%): 943.16 err/s: 0.00 reconn/s: 0.00
[ 42s ] thds: 128 tps: 474.72 qps: 14276.78 (r/w/o: 6605.58/6721.25/949.95) lat (ms,95%): 1739.68 err/s: 0.00 reconn/s: 0.00
[ 44s ] thds: 128 tps: 429.96 qps: 12120.88 (r/w/o: 5573.05/5687.91/859.93) lat (ms,95%): 1149.76 err/s: 0.00 reconn/s: 0.00
[ 46s ] thds: 128 tps: 480.91 qps: 13482.43 (r/w/o: 6217.90/6303.21/961.32) lat (ms,95%): 1069.86 err/s: 0.00 reconn/s: 0.00
[ 48s ] thds: 128 tps: 503.25 qps: 14835.17 (r/w/o: 6837.33/6991.34/1006.50) lat (ms,95%): 1109.09 err/s: 0.00 reconn/s: 0.00
[ 50s ] thds: 128 tps: 519.07 qps: 14916.33 (r/w/o: 6863.14/7014.54/1038.65) lat (ms,95%): 1032.01 err/s: 0.00 reconn/s: 0.00
[ 52s ] thds: 128 tps: 487.75 qps: 14394.50 (r/w/o: 6647.04/6772.47/974.99) lat (ms,95%): 909.80 err/s: 0.00 reconn/s: 0.00
[ 54s ] thds: 128 tps: 434.99 qps: 12257.80 (r/w/o: 5638.79/5748.54/870.47) lat (ms,95%): 1327.91 err/s: 0.00 reconn/s: 0.00
[ 56s ] thds: 128 tps: 446.52 qps: 13241.10 (r/w/o: 6092.25/6255.81/893.04) lat (ms,95%): 1304.21 err/s: 0.00 reconn/s: 0.00
[ 58s ] thds: 128 tps: 504.35 qps: 14797.15 (r/w/o: 6821.15/6968.29/1007.71) lat (ms,95%): 1213.57 err/s: 0.00 reconn/s: 0.00
[ 60s ] thds: 128 tps: 518.63 qps: 15191.23 (r/w/o: 7051.31/7101.66/1038.26) lat (ms,95%): 1129.24 err/s: 0.00 reconn/s: 0.00
[ 62s ] thds: 128 tps: 527.06 qps: 14710.16 (r/w/o: 6751.61/6904.92/1053.62) lat (ms,95%): 909.80 err/s: 0.00 reconn/s: 0.00
[ 64s ] thds: 128 tps: 426.81 qps: 12227.56 (r/w/o: 5622.00/5751.94/853.62) lat (ms,95%): 1170.65 err/s: 0.00 reconn/s: 0.00
[ 66s ] thds: 128 tps: 443.27 qps: 12883.80 (r/w/o: 5894.40/6102.36/887.05) lat (ms,95%): 995.51 err/s: 0.00 reconn/s: 0.00
[ 68s ] thds: 128 tps: 519.24 qps: 14708.94 (r/w/o: 6756.64/6913.82/1038.48) lat (ms,95%): 773.68 err/s: 0.00 reconn/s: 0.00
[ 70s ] thds: 128 tps: 497.01 qps: 14958.99 (r/w/o: 6929.70/7035.28/994.01) lat (ms,95%): 977.74 err/s: 0.00 reconn/s: 0.00
[ 72s ] thds: 128 tps: 504.64 qps: 14616.60 (r/w/o: 6706.34/6901.47/1008.79) lat (ms,95%): 861.95 err/s: 0.00 reconn/s: 0.00
[ 74s ] thds: 128 tps: 423.44 qps: 11761.76 (r/w/o: 5378.61/5536.27/846.88) lat (ms,95%): 831.46 err/s: 0.00 reconn/s: 0.00
[ 76s ] thds: 128 tps: 468.48 qps: 13551.30 (r/w/o: 6232.68/6381.67/936.95) lat (ms,95%): 2198.52 err/s: 0.00 reconn/s: 0.00
[ 78s ] thds: 128 tps: 488.61 qps: 14489.34 (r/w/o: 6680.98/6831.13/977.22) lat (ms,95%): 926.33 err/s: 0.00 reconn/s: 0.00
[ 80s ] thds: 128 tps: 521.46 qps: 14958.20 (r/w/o: 6862.16/7052.61/1043.43) lat (ms,95%): 1191.92 err/s: 0.00 reconn/s: 0.00
[ 82s ] thds: 128 tps: 490.56 qps: 14561.57 (r/w/o: 6702.03/6878.41/981.13) lat (ms,95%): 861.95 err/s: 0.00 reconn/s: 0.00
[ 84s ] thds: 128 tps: 411.62 qps: 11999.12 (r/w/o: 5519.16/5656.71/823.25) lat (ms,95%): 1050.76 err/s: 0.00 reconn/s: 0.00
[ 86s ] thds: 128 tps: 457.97 qps: 13135.67 (r/w/o: 6054.16/6165.56/915.95) lat (ms,95%): 1258.08 err/s: 0.00 reconn/s: 0.00
[ 88s ] thds: 128 tps: 512.82 qps: 15046.84 (r/w/o: 6908.39/7113.32/1025.13) lat (ms,95%): 960.30 err/s: 0.00 reconn/s: 0.00
[ 90s ] thds: 128 tps: 506.25 qps: 15008.56 (r/w/o: 6937.49/7058.05/1013.01) lat (ms,95%): 977.74 err/s: 0.00 reconn/s: 0.00
[ 92s ] thds: 128 tps: 487.50 qps: 14790.22 (r/w/o: 6844.43/6971.78/974.01) lat (ms,95%): 943.16 err/s: 0.00 reconn/s: 0.00
[ 94s ] thds: 128 tps: 408.84 qps: 12376.54 (r/w/o: 5704.69/5854.68/817.18) lat (ms,95%): 995.51 err/s: 0.00 reconn/s: 0.00
[ 96s ] thds: 128 tps: 448.15 qps: 12847.19 (r/w/o: 5908.09/6041.29/897.81) lat (ms,95%): 802.05 err/s: 0.00 reconn/s: 0.00
[ 98s ] thds: 128 tps: 512.01 qps: 14647.39 (r/w/o: 6720.45/6902.92/1024.02) lat (ms,95%): 1506.29 err/s: 0.00 reconn/s: 0.00
[ 100s ] thds: 128 tps: 507.73 qps: 14714.28 (r/w/o: 6753.03/6946.78/1014.47) lat (ms,95%): 893.56 err/s: 0.00 reconn/s: 0.00
[ 102s ] thds: 128 tps: 508.91 qps: 14705.87 (r/w/o: 6749.96/6938.59/1017.31) lat (ms,95%): 977.74 err/s: 0.00 reconn/s: 0.00
[ 104s ] thds: 128 tps: 417.76 qps: 12398.61 (r/w/o: 5721.37/5840.73/836.52) lat (ms,95%): 1050.76 err/s: 0.00 reconn/s: 0.00
[ 106s ] thds: 128 tps: 443.72 qps: 12996.26 (r/w/o: 5990.99/6117.33/887.94) lat (ms,95%): 1109.09 err/s: 0.00 reconn/s: 0.00
[ 108s ] thds: 128 tps: 512.03 qps: 14488.37 (r/w/o: 6677.40/6787.41/1023.56) lat (ms,95%): 1803.47 err/s: 0.00 reconn/s: 0.00
[ 110s ] thds: 128 tps: 493.47 qps: 14832.50 (r/w/o: 6832.95/7013.62/985.93) lat (ms,95%): 1678.14 err/s: 0.00 reconn/s: 0.00
[ 112s ] thds: 128 tps: 494.92 qps: 14479.84 (r/w/o: 6658.84/6829.66/991.34) lat (ms,95%): 1280.93 err/s: 0.00 reconn/s: 0.00
[ 114s ] thds: 128 tps: 439.30 qps: 13036.27 (r/w/o: 6012.89/6145.27/878.11) lat (ms,95%): 1069.86 err/s: 0.00 reconn/s: 0.00
[ 116s ] thds: 128 tps: 427.30 qps: 12606.01 (r/w/o: 5819.85/5931.06/855.09) lat (ms,95%): 943.16 err/s: 0.00 reconn/s: 0.00
[ 118s ] thds: 128 tps: 509.06 qps: 14590.34 (r/w/o: 6706.21/6867.52/1016.61) lat (ms,95%): 877.61 err/s: 0.00 reconn/s: 0.00
[ 120s ] thds: 128 tps: 522.02 qps: 14723.72 (r/w/o: 6771.22/6907.47/1045.03) lat (ms,95%): 977.74 err/s: 0.00 reconn/s: 0.00
[ 122s ] thds: 128 tps: 495.72 qps: 14630.90 (r/w/o: 6742.46/6896.99/991.45) lat (ms,95%): 802.05 err/s: 0.00 reconn/s: 0.00
[ 124s ] thds: 128 tps: 430.34 qps: 12343.96 (r/w/o: 5661.88/5820.92/861.17) lat (ms,95%): 1013.60 err/s: 0.00 reconn/s: 0.00
[ 126s ] thds: 128 tps: 433.56 qps: 12918.01 (r/w/o: 5951.07/6100.33/866.62) lat (ms,95%): 909.80 err/s: 0.00 reconn/s: 0.00
[ 128s ] thds: 128 tps: 507.28 qps: 14818.56 (r/w/o: 6848.09/6955.90/1014.57) lat (ms,95%): 960.30 err/s: 0.00 reconn/s: 0.00
[ 130s ] thds: 128 tps: 514.54 qps: 14715.27 (r/w/o: 6760.08/6925.62/1029.57) lat (ms,95%): 877.61 err/s: 0.00 reconn/s: 0.00
[ 132s ] thds: 128 tps: 506.74 qps: 14632.19 (r/w/o: 6736.78/6881.42/1013.98) lat (ms,95%): 773.68 err/s: 0.00 reconn/s: 0.00
[ 134s ] thds: 128 tps: 458.50 qps: 12857.33 (r/w/o: 5924.86/6016.46/916.01) lat (ms,95%): 1258.08 err/s: 0.00 reconn/s: 0.00
[ 136s ] thds: 128 tps: 440.11 qps: 12779.93 (r/w/o: 5909.13/5990.07/880.73) lat (ms,95%): 1170.65 err/s: 0.00 reconn/s: 0.00
[ 138s ] thds: 128 tps: 488.77 qps: 14478.01 (r/w/o: 6667.13/6833.84/977.04) lat (ms,95%): 995.51 err/s: 0.00 reconn/s: 0.00
[ 140s ] thds: 128 tps: 525.16 qps: 15087.14 (r/w/o: 6968.56/7068.26/1050.32) lat (ms,95%): 1069.86 err/s: 0.00 reconn/s: 0.00
[ 142s ] thds: 128 tps: 504.32 qps: 14395.95 (r/w/o: 6600.82/6786.99/1008.14) lat (ms,95%): 1050.76 err/s: 0.00 reconn/s: 0.00
[ 144s ] thds: 128 tps: 434.87 qps: 12893.52 (r/w/o: 5945.65/6077.15/870.73) lat (ms,95%): 1191.92 err/s: 0.00 reconn/s: 0.00
[ 146s ] thds: 128 tps: 438.65 qps: 13101.86 (r/w/o: 6024.00/6201.06/876.79) lat (ms,95%): 816.63 err/s: 0.00 reconn/s: 0.00
[ 148s ] thds: 128 tps: 490.45 qps: 14110.02 (r/w/o: 6465.47/6663.64/980.90) lat (ms,95%): 1938.16 err/s: 0.00 reconn/s: 0.00
[ 150s ] thds: 128 tps: 519.57 qps: 15012.12 (r/w/o: 6904.43/7068.05/1039.64) lat (ms,95%): 759.88 err/s: 0.00 reconn/s: 0.00
[ 152s ] thds: 128 tps: 506.08 qps: 14579.20 (r/w/o: 6705.68/6861.36/1012.16) lat (ms,95%): 2159.29 err/s: 0.00 reconn/s: 0.00
[ 154s ] thds: 128 tps: 432.83 qps: 12686.47 (r/w/o: 5841.68/5979.13/865.66) lat (ms,95%): 802.05 err/s: 0.00 reconn/s: 0.00
[ 156s ] thds: 128 tps: 465.74 qps: 13181.66 (r/w/o: 6078.52/6172.16/930.98) lat (ms,95%): 1561.52 err/s: 0.00 reconn/s: 0.00
[ 158s ] thds: 128 tps: 483.78 qps: 14344.98 (r/w/o: 6614.99/6762.43/967.56) lat (ms,95%): 1327.91 err/s: 0.00 reconn/s: 0.00
[ 160s ] thds: 128 tps: 521.52 qps: 14796.95 (r/w/o: 6811.89/6942.02/1043.04) lat (ms,95%): 977.74 err/s: 0.00 reconn/s: 0.00
[ 162s ] thds: 128 tps: 508.32 qps: 14796.95 (r/w/o: 6811.25/6969.57/1016.14) lat (ms,95%): 759.88 err/s: 0.00 reconn/s: 0.00
[ 164s ] thds: 128 tps: 410.73 qps: 12736.03 (r/w/o: 5874.74/6039.33/821.95) lat (ms,95%): 960.30 err/s: 0.00 reconn/s: 0.00
[ 166s ] thds: 128 tps: 452.05 qps: 13245.12 (r/w/o: 6113.13/6227.39/904.60) lat (ms,95%): 1352.03 err/s: 0.00 reconn/s: 0.00
[ 168s ] thds: 128 tps: 484.34 qps: 13794.81 (r/w/o: 6351.59/6475.05/968.17) lat (ms,95%): 1506.29 err/s: 0.00 reconn/s: 0.00
[ 170s ] thds: 128 tps: 518.73 qps: 14896.01 (r/w/o: 6859.87/6999.17/1036.97) lat (ms,95%): 995.51 err/s: 0.00 reconn/s: 0.00
[ 172s ] thds: 128 tps: 497.85 qps: 14572.06 (r/w/o: 6691.17/6884.69/996.20) lat (ms,95%): 977.74 err/s: 0.00 reconn/s: 0.00
[ 174s ] thds: 128 tps: 456.68 qps: 13049.13 (r/w/o: 6028.37/6106.90/913.86) lat (ms,95%): 960.30 err/s: 0.00 reconn/s: 0.00
[ 176s ] thds: 128 tps: 444.68 qps: 13283.84 (r/w/o: 6111.48/6283.50/888.86) lat (ms,95%): 1013.60 err/s: 0.00 reconn/s: 0.00
[ 178s ] thds: 128 tps: 469.99 qps: 14147.25 (r/w/o: 6558.39/6648.38/940.48) lat (ms,95%): 773.68 err/s: 0.00 reconn/s: 0.00
[ 180s ] thds: 128 tps: 514.46 qps: 15028.14 (r/w/o: 6910.10/7089.61/1028.42) lat (ms,95%): 787.74 err/s: 0.00 reconn/s: 0.00
[ 182s ] thds: 128 tps: 513.61 qps: 14717.08 (r/w/o: 6767.86/6921.49/1027.73) lat (ms,95%): 759.88 err/s: 0.00 reconn/s: 0.00
[ 184s ] thds: 128 tps: 439.14 qps: 12621.16 (r/w/o: 5799.91/5944.46/876.79) lat (ms,95%): 1013.60 err/s: 0.00 reconn/s: 0.00
[ 186s ] thds: 128 tps: 481.72 qps: 13585.74 (r/w/o: 6233.79/6389.02/962.93) lat (ms,95%): 1170.65 err/s: 0.00 reconn/s: 0.00
[ 188s ] thds: 128 tps: 506.78 qps: 14077.94 (r/w/o: 6480.66/6581.72/1015.56) lat (ms,95%): 1050.76 err/s: 0.00 reconn/s: 0.00
[ 190s ] thds: 128 tps: 497.14 qps: 14809.41 (r/w/o: 6853.64/6961.49/994.28) lat (ms,95%): 893.56 err/s: 0.00 reconn/s: 0.00
[ 192s ] thds: 128 tps: 498.38 qps: 14339.18 (r/w/o: 6561.48/6780.93/996.77) lat (ms,95%): 1589.90 err/s: 0.00 reconn/s: 0.00
[ 194s ] thds: 128 tps: 431.16 qps: 12713.60 (r/w/o: 5858.62/5993.17/861.81) lat (ms,95%): 1589.90 err/s: 0.00 reconn/s: 0.00
[ 196s ] thds: 128 tps: 452.65 qps: 13465.07 (r/w/o: 6205.78/6353.50/905.79) lat (ms,95%): 1376.60 err/s: 0.00 reconn/s: 0.00
[ 198s ] thds: 128 tps: 473.88 qps: 14071.24 (r/w/o: 6477.21/6647.27/946.77) lat (ms,95%): 1213.57 err/s: 0.00 reconn/s: 0.00
[ 200s ] thds: 128 tps: 491.88 qps: 14927.70 (r/w/o: 6877.22/7066.21/984.26) lat (ms,95%): 1235.62 err/s: 0.00 reconn/s: 0.00
[ 202s ] thds: 128 tps: 491.75 qps: 14484.15 (r/w/o: 6655.12/6845.53/983.50) lat (ms,95%): 787.74 err/s: 0.00 reconn/s: 0.00
[ 204s ] thds: 128 tps: 438.08 qps: 12457.23 (r/w/o: 5727.38/5853.68/876.16) lat (ms,95%): 1678.14 err/s: 0.00 reconn/s: 0.00
[ 206s ] thds: 128 tps: 483.27 qps: 13533.44 (r/w/o: 6184.09/6382.31/967.03) lat (ms,95%): 1376.60 err/s: 0.00 reconn/s: 0.00
[ 208s ] thds: 128 tps: 504.52 qps: 14446.30 (r/w/o: 6630.71/6806.55/1009.04) lat (ms,95%): 1069.86 err/s: 0.00 reconn/s: 0.00
[ 210s ] thds: 128 tps: 504.12 qps: 14506.85 (r/w/o: 6668.54/6830.08/1008.23) lat (ms,95%): 1258.08 err/s: 0.00 reconn/s: 0.00
[ 212s ] thds: 128 tps: 505.72 qps: 14639.23 (r/w/o: 6735.87/6892.43/1010.93) lat (ms,95%): 1376.60 err/s: 0.00 reconn/s: 0.00
[ 214s ] thds: 128 tps: 433.39 qps: 12638.78 (r/w/o: 5835.71/5936.30/866.77) lat (ms,95%): 1589.90 err/s: 0.00 reconn/s: 0.00
[ 216s ] thds: 128 tps: 473.68 qps: 13676.08 (r/w/o: 6289.34/6438.89/947.85) lat (ms,95%): 1089.30 err/s: 0.00 reconn/s: 0.00
[ 218s ] thds: 128 tps: 520.00 qps: 14501.33 (r/w/o: 6682.87/6779.96/1038.49) lat (ms,95%): 1427.08 err/s: 0.00 reconn/s: 0.00
[ 220s ] thds: 128 tps: 455.92 qps: 13095.16 (r/w/o: 6017.91/6164.42/912.84) lat (ms,95%): 977.74 err/s: 0.00 reconn/s: 0.00
[ 222s ] thds: 128 tps: 604.66 qps: 17636.94 (r/w/o: 8104.09/8323.02/1209.83) lat (ms,95%): 995.51 err/s: 0.00 reconn/s: 0.00
[ 224s ] thds: 128 tps: 404.90 qps: 11994.05 (r/w/o: 5512.09/5672.65/809.30) lat (ms,95%): 995.51 err/s: 0.00 reconn/s: 0.00
[ 226s ] thds: 128 tps: 417.33 qps: 11961.65 (r/w/o: 5484.78/5642.21/834.66) lat (ms,95%): 1533.66 err/s: 0.00 reconn/s: 0.00
[ 228s ] thds: 128 tps: 438.19 qps: 12636.41 (r/w/o: 5806.06/5953.95/876.39) lat (ms,95%): 816.63 err/s: 0.00 reconn/s: 0.00
[ 230s ] thds: 128 tps: 465.55 qps: 13372.75 (r/w/o: 6166.45/6274.69/931.61) lat (ms,95%): 2539.17 err/s: 0.00 reconn/s: 0.00
[ 232s ] thds: 128 tps: 480.49 qps: 14593.90 (r/w/o: 6751.28/6882.14/960.47) lat (ms,95%): 1089.30 err/s: 0.00 reconn/s: 0.00
[ 234s ] thds: 128 tps: 432.83 qps: 12470.75 (r/w/o: 5731.82/5874.27/864.65) lat (ms,95%): 1213.57 err/s: 0.00 reconn/s: 0.00
[ 236s ] thds: 128 tps: 500.85 qps: 13722.33 (r/w/o: 6287.98/6432.66/1001.70) lat (ms,95%): 943.16 err/s: 0.00 reconn/s: 0.00
[ 238s ] thds: 128 tps: 514.73 qps: 14666.04 (r/w/o: 6736.68/6898.38/1030.97) lat (ms,95%): 926.33 err/s: 0.00 reconn/s: 0.00
[ 240s ] thds: 128 tps: 492.17 qps: 14217.01 (r/w/o: 6531.98/6700.69/984.34) lat (ms,95%): 1050.76 err/s: 0.00 reconn/s: 0.00
[ 242s ] thds: 128 tps: 515.50 qps: 14338.33 (r/w/o: 6599.43/6708.40/1030.49) lat (ms,95%): 1109.09 err/s: 0.00 reconn/s: 0.00
[ 244s ] thds: 128 tps: 428.14 qps: 12509.97 (r/w/o: 5750.33/5902.88/856.77) lat (ms,95%): 909.80 err/s: 0.00 reconn/s: 0.00
[ 246s ] thds: 128 tps: 456.27 qps: 13733.96 (r/w/o: 6340.05/6482.36/911.55) lat (ms,95%): 1258.08 err/s: 0.00 reconn/s: 0.00
[ 248s ] thds: 128 tps: 502.90 qps: 14808.62 (r/w/o: 6834.71/6967.61/1006.30) lat (ms,95%): 1032.01 err/s: 0.00 reconn/s: 0.00
[ 250s ] thds: 128 tps: 472.63 qps: 14265.64 (r/w/o: 6554.08/6766.31/945.26) lat (ms,95%): 1170.65 err/s: 0.00 reconn/s: 0.00
[ 252s ] thds: 128 tps: 478.39 qps: 14467.76 (r/w/o: 6667.51/6843.47/956.79) lat (ms,95%): 1149.76 err/s: 0.00 reconn/s: 0.00
[ 254s ] thds: 128 tps: 438.39 qps: 12346.18 (r/w/o: 5662.54/5806.36/877.28) lat (ms,95%): 995.51 err/s: 0.00 reconn/s: 0.00
[ 256s ] thds: 128 tps: 467.14 qps: 13892.63 (r/w/o: 6420.40/6538.45/933.78) lat (ms,95%): 1109.09 err/s: 0.00 reconn/s: 0.00
[ 258s ] thds: 128 tps: 486.77 qps: 14229.65 (r/w/o: 6535.85/6720.26/973.53) lat (ms,95%): 943.16 err/s: 0.00 reconn/s: 0.00
[ 260s ] thds: 128 tps: 512.85 qps: 14684.74 (r/w/o: 6756.04/6903.00/1025.70) lat (ms,95%): 1170.65 err/s: 0.00 reconn/s: 0.00
[ 262s ] thds: 128 tps: 499.43 qps: 14535.04 (r/w/o: 6690.10/6846.07/998.86) lat (ms,95%): 1589.90 err/s: 0.00 reconn/s: 0.00
[ 264s ] thds: 128 tps: 462.07 qps: 13172.02 (r/w/o: 6054.33/6194.55/923.14) lat (ms,95%): 1352.03 err/s: 0.00 reconn/s: 0.00
[ 266s ] thds: 128 tps: 474.30 qps: 13610.96 (r/w/o: 6235.82/6425.04/950.10) lat (ms,95%): 1050.76 err/s: 0.00 reconn/s: 0.00
[ 268s ] thds: 128 tps: 520.28 qps: 14693.09 (r/w/o: 6733.12/6920.41/1039.56) lat (ms,95%): 1401.61 err/s: 0.00 reconn/s: 0.00
[ 270s ] thds: 128 tps: 490.19 qps: 14968.29 (r/w/o: 6915.27/7071.64/981.38) lat (ms,95%): 1235.62 err/s: 0.00 reconn/s: 0.00
[ 272s ] thds: 128 tps: 488.06 qps: 14318.41 (r/w/o: 6584.81/6757.48/976.12) lat (ms,95%): 746.32 err/s: 0.00 reconn/s: 0.00
[ 274s ] thds: 128 tps: 442.12 qps: 12866.40 (r/w/o: 5923.04/6059.12/884.24) lat (ms,95%): 404.61 err/s: 0.00 reconn/s: 0.00
[ 276s ] thds: 128 tps: 486.22 qps: 13807.17 (r/w/o: 6350.44/6484.78/971.94) lat (ms,95%): 3208.88 err/s: 0.00 reconn/s: 0.00
[ 278s ] thds: 128 tps: 496.74 qps: 14621.36 (r/w/o: 6721.49/6905.89/993.98) lat (ms,95%): 1013.60 err/s: 0.00 reconn/s: 0.00
[ 280s ] thds: 128 tps: 506.01 qps: 15020.78 (r/w/o: 6921.13/7087.64/1012.02) lat (ms,95%): 1589.90 err/s: 0.00 reconn/s: 0.00
[ 282s ] thds: 128 tps: 500.79 qps: 13899.20 (r/w/o: 6370.43/6527.20/1001.57) lat (ms,95%): 1149.76 err/s: 0.00 reconn/s: 0.00
[ 284s ] thds: 128 tps: 436.71 qps: 12812.87 (r/w/o: 5892.36/6047.58/872.92) lat (ms,95%): 1129.24 err/s: 0.00 reconn/s: 0.00
[ 286s ] thds: 128 tps: 495.76 qps: 14142.36 (r/w/o: 6505.10/6645.74/991.51) lat (ms,95%): 1170.65 err/s: 0.00 reconn/s: 0.00
[ 288s ] thds: 128 tps: 503.96 qps: 14696.55 (r/w/o: 6775.30/6913.33/1007.91) lat (ms,95%): 877.61 err/s: 0.00 reconn/s: 0.00
[ 290s ] thds: 128 tps: 512.10 qps: 15349.55 (r/w/o: 7089.69/7235.15/1024.70) lat (ms,95%): 759.88 err/s: 0.00 reconn/s: 0.00
[ 292s ] thds: 128 tps: 489.62 qps: 13874.52 (r/w/o: 6372.10/6523.17/979.25) lat (ms,95%): 733.00 err/s: 0.00 reconn/s: 0.00
[ 294s ] thds: 128 tps: 451.22 qps: 13130.83 (r/w/o: 6031.75/6197.15/901.94) lat (ms,95%): 1109.09 err/s: 0.00 reconn/s: 0.00
[ 296s ] thds: 128 tps: 466.97 qps: 14077.89 (r/w/o: 6474.11/6669.85/933.93) lat (ms,95%): 1170.65 err/s: 0.00 reconn/s: 0.00
[ 298s ] thds: 128 tps: 2491.45 qps: 72448.04 (r/w/o: 33399.28/34065.87/4982.90) lat (ms,95%): 227.40 err/s: 0.00 reconn/s: 0.00
SQL statistics:
    queries performed:
        read:                            1985313
        write:                           2030837
        other:                           297348
        total:                           4313498
    transactions:                        148546 (495.03 per sec.)
    queries:                             4313498 (14374.78 per sec.)
    ignored errors:                      0      (0.00 per sec.)
    reconnects:                          0      (0.00 per sec.)

Throughput:
    events/s (eps):                      495.0312
    time elapsed:                        300.0740s
    total number of events:              148546

Latency (ms):
         min:                                    0.49
         avg:                                  258.47
         max:                                 3514.31
         95th percentile:                     1050.76
         sum:                             38395068.65

Threads fairness:
    events (avg/stddev):           1160.5156/53.91
    execution time (avg/stddev):   299.9615/0.04

