sysbench 1.1.0 (using bundled LuaJIT 2.1.0-beta3)

Running the test with following options:
Number of threads: 4
Report intermediate results every 2 second(s)
Initializing random number generator from current time


Initializing worker threads...

** Using FOR UPDATE : 1
** FORCE_PRIMARY : 0
** FORCE_NULL : 0
=> Using SESSION ops: 
Threads started!

[ 2s ] thds: 4 tps: 1197.62 qps: 34317.19 (r/w/o: 15752.54/16163.41/2401.24) lat (ms,95%): 6.43 err/s: 0.00 reconn/s: 0.00
[ 4s ] thds: 4 tps: 857.11 qps: 24520.61 (r/w/o: 11277.93/11528.46/1714.22) lat (ms,95%): 7.70 err/s: 0.00 reconn/s: 0.00
[ 6s ] thds: 4 tps: 843.89 qps: 24498.43 (r/w/o: 11267.09/11543.55/1687.79) lat (ms,95%): 7.98 err/s: 0.00 reconn/s: 0.00
[ 8s ] thds: 4 tps: 584.03 qps: 16685.81 (r/w/o: 7664.87/7852.88/1168.06) lat (ms,95%): 30.26 err/s: 0.00 reconn/s: 0.00
[ 10s ] thds: 4 tps: 114.50 qps: 3127.90 (r/w/o: 1446.46/1452.46/228.99) lat (ms,95%): 66.84 err/s: 0.00 reconn/s: 0.00
[ 12s ] thds: 4 tps: 111.47 qps: 3400.57 (r/w/o: 1565.07/1612.56/222.94) lat (ms,95%): 61.08 err/s: 0.00 reconn/s: 0.00
[ 14s ] thds: 4 tps: 671.23 qps: 19721.23 (r/w/o: 9073.60/9305.18/1342.46) lat (ms,95%): 15.00 err/s: 0.00 reconn/s: 0.00
[ 16s ] thds: 4 tps: 437.47 qps: 13168.74 (r/w/o: 6035.65/6258.14/874.95) lat (ms,95%): 47.47 err/s: 0.00 reconn/s: 0.00
[ 18s ] thds: 4 tps: 114.00 qps: 3407.51 (r/w/o: 1567.01/1612.51/228.00) lat (ms,95%): 61.08 err/s: 0.00 reconn/s: 0.00
[ 20s ] thds: 4 tps: 400.99 qps: 11985.70 (r/w/o: 5544.36/5639.36/801.98) lat (ms,95%): 36.24 err/s: 0.00 reconn/s: 0.00
[ 22s ] thds: 4 tps: 1187.13 qps: 33770.79 (r/w/o: 15572.75/15823.78/2374.27) lat (ms,95%): 6.67 err/s: 0.00 reconn/s: 0.00
[ 24s ] thds: 4 tps: 917.48 qps: 26239.79 (r/w/o: 12086.17/12318.67/1834.95) lat (ms,95%): 8.28 err/s: 0.00 reconn/s: 0.00
[ 26s ] thds: 4 tps: 457.89 qps: 13008.37 (r/w/o: 5989.06/6103.53/915.78) lat (ms,95%): 44.98 err/s: 0.00 reconn/s: 0.00
[ 28s ] thds: 4 tps: 147.53 qps: 4406.84 (r/w/o: 2023.38/2088.40/295.06) lat (ms,95%): 70.55 err/s: 0.00 reconn/s: 0.00
[ 30s ] thds: 4 tps: 584.49 qps: 17797.64 (r/w/o: 8217.33/8411.33/1168.98) lat (ms,95%): 25.28 err/s: 0.00 reconn/s: 0.00
[ 32s ] thds: 4 tps: 1193.00 qps: 34249.51 (r/w/o: 15756.50/16107.00/2386.00) lat (ms,95%): 6.55 err/s: 0.00 reconn/s: 0.00
[ 34s ] thds: 4 tps: 1020.10 qps: 29882.45 (r/w/o: 13793.36/14048.89/2040.20) lat (ms,95%): 7.56 err/s: 0.00 reconn/s: 0.00
[ 36s ] thds: 4 tps: 497.97 qps: 14489.11 (r/w/o: 6668.09/6825.08/995.94) lat (ms,95%): 38.94 err/s: 0.00 reconn/s: 0.00
[ 38s ] thds: 4 tps: 142.99 qps: 3748.80 (r/w/o: 1718.41/1744.41/285.98) lat (ms,95%): 68.05 err/s: 0.00 reconn/s: 0.00
[ 40s ] thds: 4 tps: 432.04 qps: 12253.58 (r/w/o: 5611.00/5778.51/864.08) lat (ms,95%): 30.81 err/s: 0.00 reconn/s: 0.00
[ 42s ] thds: 4 tps: 1179.38 qps: 35253.55 (r/w/o: 16242.41/16652.37/2358.77) lat (ms,95%): 6.55 err/s: 0.00 reconn/s: 0.00
[ 44s ] thds: 4 tps: 1082.07 qps: 32101.16 (r/w/o: 14770.49/15166.52/2164.15) lat (ms,95%): 7.17 err/s: 0.00 reconn/s: 0.00
[ 46s ] thds: 4 tps: 460.99 qps: 12950.66 (r/w/o: 5956.84/6071.84/921.98) lat (ms,95%): 34.95 err/s: 0.00 reconn/s: 0.00
[ 48s ] thds: 4 tps: 151.50 qps: 4366.02 (r/w/o: 2009.51/2053.51/303.00) lat (ms,95%): 56.84 err/s: 0.00 reconn/s: 0.00
[ 50s ] thds: 4 tps: 476.49 qps: 13332.20 (r/w/o: 6115.86/6263.36/952.98) lat (ms,95%): 29.19 err/s: 0.00 reconn/s: 0.00
[ 52s ] thds: 4 tps: 1188.12 qps: 34396.91 (r/w/o: 15824.07/16196.61/2376.24) lat (ms,95%): 6.43 err/s: 0.00 reconn/s: 0.00
[ 54s ] thds: 4 tps: 1065.47 qps: 31659.65 (r/w/o: 14586.61/14942.10/2130.94) lat (ms,95%): 7.30 err/s: 0.00 reconn/s: 0.00
[ 56s ] thds: 4 tps: 805.03 qps: 23288.81 (r/w/o: 10714.37/10964.38/1610.06) lat (ms,95%): 9.06 err/s: 0.00 reconn/s: 0.00
[ 58s ] thds: 4 tps: 857.41 qps: 25038.51 (r/w/o: 11500.36/11823.32/1714.83) lat (ms,95%): 8.58 err/s: 0.00 reconn/s: 0.00
[ 60s ] thds: 4 tps: 784.56 qps: 23341.20 (r/w/o: 10720.78/11051.30/1569.11) lat (ms,95%): 8.74 err/s: 0.00 reconn/s: 0.00
[ 62s ] thds: 4 tps: 772.93 qps: 23387.40 (r/w/o: 10778.03/11063.51/1545.86) lat (ms,95%): 9.39 err/s: 0.00 reconn/s: 0.00
[ 64s ] thds: 4 tps: 124.96 qps: 3416.91 (r/w/o: 1545.01/1621.98/249.92) lat (ms,95%): 77.19 err/s: 0.00 reconn/s: 0.00
[ 66s ] thds: 4 tps: 132.52 qps: 3651.01 (r/w/o: 1669.23/1716.74/265.04) lat (ms,95%): 56.84 err/s: 0.00 reconn/s: 0.00
[ 68s ] thds: 4 tps: 186.05 qps: 5464.44 (r/w/o: 2523.17/2569.18/372.10) lat (ms,95%): 53.85 err/s: 0.00 reconn/s: 0.00
[ 70s ] thds: 4 tps: 782.94 qps: 23290.35 (r/w/o: 10783.24/10941.22/1565.89) lat (ms,95%): 9.06 err/s: 0.00 reconn/s: 0.00
[ 72s ] thds: 4 tps: 114.50 qps: 3324.56 (r/w/o: 1524.03/1571.53/229.00) lat (ms,95%): 69.29 err/s: 0.00 reconn/s: 0.00
[ 74s ] thds: 4 tps: 172.50 qps: 4909.44 (r/w/o: 2267.47/2296.97/345.00) lat (ms,95%): 51.94 err/s: 0.00 reconn/s: 0.00
[ 76s ] thds: 4 tps: 887.54 qps: 26044.78 (r/w/o: 12034.09/12235.60/1775.09) lat (ms,95%): 15.83 err/s: 0.00 reconn/s: 0.00
[ 78s ] thds: 4 tps: 1054.05 qps: 31064.97 (r/w/o: 14312.68/14644.19/2108.10) lat (ms,95%): 7.17 err/s: 0.00 reconn/s: 0.00
[ 80s ] thds: 4 tps: 504.94 qps: 15165.31 (r/w/o: 6986.72/7168.70/1009.89) lat (ms,95%): 33.12 err/s: 0.00 reconn/s: 0.00
[ 82s ] thds: 4 tps: 152.01 qps: 4203.14 (r/w/o: 1938.07/1961.07/304.01) lat (ms,95%): 64.47 err/s: 0.00 reconn/s: 0.00
[ 84s ] thds: 4 tps: 443.01 qps: 13197.91 (r/w/o: 6087.69/6224.19/886.03) lat (ms,95%): 30.26 err/s: 0.00 reconn/s: 0.00
[ 86s ] thds: 4 tps: 1183.53 qps: 34047.73 (r/w/o: 15693.84/15986.84/2367.05) lat (ms,95%): 6.55 err/s: 0.00 reconn/s: 0.00
[ 88s ] thds: 4 tps: 1070.53 qps: 31547.80 (r/w/o: 14554.37/14852.38/2141.05) lat (ms,95%): 7.17 err/s: 0.00 reconn/s: 0.00
[ 90s ] thds: 4 tps: 532.46 qps: 15187.32 (r/w/o: 6976.96/7145.45/1064.92) lat (ms,95%): 33.12 err/s: 0.00 reconn/s: 0.00
[ 92s ] thds: 4 tps: 152.51 qps: 4478.87 (r/w/o: 2052.67/2121.17/305.02) lat (ms,95%): 63.32 err/s: 0.00 reconn/s: 0.00
[ 94s ] thds: 4 tps: 504.98 qps: 14278.83 (r/w/o: 6573.19/6695.69/1009.95) lat (ms,95%): 27.66 err/s: 0.00 reconn/s: 0.00
[ 96s ] thds: 4 tps: 1178.04 qps: 34273.15 (r/w/o: 15786.03/16131.04/2356.08) lat (ms,95%): 6.55 err/s: 0.00 reconn/s: 0.00
[ 98s ] thds: 4 tps: 955.01 qps: 27387.74 (r/w/o: 12616.11/12861.61/1910.02) lat (ms,95%): 7.56 err/s: 0.00 reconn/s: 0.00
[ 100s ] thds: 4 tps: 566.33 qps: 16242.72 (r/w/o: 7464.80/7645.25/1132.67) lat (ms,95%): 22.69 err/s: 0.00 reconn/s: 0.00
[ 102s ] thds: 4 tps: 153.00 qps: 4672.99 (r/w/o: 2164.50/2202.50/306.00) lat (ms,95%): 58.92 err/s: 0.00 reconn/s: 0.00
[ 104s ] thds: 4 tps: 443.13 qps: 12586.68 (r/w/o: 5814.20/5886.22/886.26) lat (ms,95%): 27.17 err/s: 0.00 reconn/s: 0.00
[ 106s ] thds: 4 tps: 1147.39 qps: 34274.32 (r/w/o: 15819.03/16160.50/2294.79) lat (ms,95%): 6.91 err/s: 0.00 reconn/s: 0.00
[ 108s ] thds: 4 tps: 959.06 qps: 27596.66 (r/w/o: 12703.27/12975.28/1918.12) lat (ms,95%): 7.43 err/s: 0.00 reconn/s: 0.00
[ 110s ] thds: 4 tps: 593.02 qps: 17418.64 (r/w/o: 8013.80/8218.80/1186.04) lat (ms,95%): 13.95 err/s: 0.00 reconn/s: 0.00
[ 112s ] thds: 4 tps: 148.00 qps: 4170.03 (r/w/o: 1918.51/1955.51/296.00) lat (ms,95%): 66.84 err/s: 0.00 reconn/s: 0.00
[ 114s ] thds: 4 tps: 401.00 qps: 12168.93 (r/w/o: 5644.97/5721.97/802.00) lat (ms,95%): 31.94 err/s: 0.00 reconn/s: 0.00
[ 116s ] thds: 4 tps: 1191.49 qps: 33840.26 (r/w/o: 15575.39/15881.89/2382.98) lat (ms,95%): 6.43 err/s: 0.00 reconn/s: 0.00
[ 118s ] thds: 4 tps: 1044.74 qps: 29992.96 (r/w/o: 13853.02/14050.47/2089.47) lat (ms,95%): 7.17 err/s: 0.00 reconn/s: 0.00
[ 120s ] thds: 4 tps: 804.71 qps: 23046.41 (r/w/o: 10565.71/10871.29/1609.41) lat (ms,95%): 8.90 err/s: 0.00 reconn/s: 0.00
[ 122s ] thds: 4 tps: 777.50 qps: 22828.37 (r/w/o: 10509.94/10763.44/1554.99) lat (ms,95%): 9.22 err/s: 0.00 reconn/s: 0.00
[ 124s ] thds: 4 tps: 302.48 qps: 8397.85 (r/w/o: 3873.20/3919.70/604.95) lat (ms,95%): 58.92 err/s: 0.00 reconn/s: 0.00
[ 126s ] thds: 4 tps: 134.01 qps: 3769.81 (r/w/o: 1737.64/1764.15/268.02) lat (ms,95%): 64.47 err/s: 0.00 reconn/s: 0.00
[ 128s ] thds: 4 tps: 179.50 qps: 5102.96 (r/w/o: 2351.98/2391.98/359.00) lat (ms,95%): 54.83 err/s: 0.00 reconn/s: 0.00
[ 130s ] thds: 4 tps: 791.51 qps: 22561.18 (r/w/o: 10366.58/10611.58/1583.01) lat (ms,95%): 9.22 err/s: 0.00 reconn/s: 0.00
[ 132s ] thds: 4 tps: 116.99 qps: 3524.23 (r/w/o: 1631.88/1658.37/233.98) lat (ms,95%): 84.47 err/s: 0.00 reconn/s: 0.00
[ 134s ] thds: 4 tps: 191.49 qps: 5211.34 (r/w/o: 2403.93/2424.43/382.99) lat (ms,95%): 49.21 err/s: 0.00 reconn/s: 0.00
[ 136s ] thds: 4 tps: 930.50 qps: 27673.04 (r/w/o: 12755.02/13057.02/1861.00) lat (ms,95%): 11.45 err/s: 0.00 reconn/s: 0.00
[ 138s ] thds: 4 tps: 1071.90 qps: 30835.67 (r/w/o: 14215.20/14476.67/2143.80) lat (ms,95%): 7.30 err/s: 0.00 reconn/s: 0.00
[ 140s ] thds: 4 tps: 441.08 qps: 13178.37 (r/w/o: 6067.09/6229.12/882.16) lat (ms,95%): 46.63 err/s: 0.00 reconn/s: 0.00
[ 142s ] thds: 4 tps: 160.49 qps: 4890.61 (r/w/o: 2273.82/2295.82/320.97) lat (ms,95%): 61.08 err/s: 0.00 reconn/s: 0.00
[ 144s ] thds: 4 tps: 540.55 qps: 15726.49 (r/w/o: 7251.18/7394.20/1081.10) lat (ms,95%): 25.74 err/s: 0.00 reconn/s: 0.00
[ 146s ] thds: 4 tps: 1183.99 qps: 34702.17 (r/w/o: 15943.85/16390.34/2367.98) lat (ms,95%): 6.67 err/s: 0.00 reconn/s: 0.00
[ 148s ] thds: 4 tps: 1078.01 qps: 31097.36 (r/w/o: 14281.17/14660.17/2156.02) lat (ms,95%): 6.91 err/s: 0.00 reconn/s: 0.00
[ 150s ] thds: 4 tps: 580.98 qps: 16611.34 (r/w/o: 7632.20/7817.19/1161.95) lat (ms,95%): 17.32 err/s: 0.00 reconn/s: 0.00
[ 152s ] thds: 4 tps: 138.49 qps: 4131.84 (r/w/o: 1902.43/1952.43/276.99) lat (ms,95%): 66.84 err/s: 0.00 reconn/s: 0.00
[ 154s ] thds: 4 tps: 342.50 qps: 10106.46 (r/w/o: 4642.98/4778.48/685.00) lat (ms,95%): 31.94 err/s: 0.00 reconn/s: 0.00
[ 156s ] thds: 4 tps: 1191.57 qps: 34586.54 (r/w/o: 15917.44/16285.96/2383.14) lat (ms,95%): 6.55 err/s: 0.00 reconn/s: 0.00
[ 158s ] thds: 4 tps: 1144.02 qps: 33928.24 (r/w/o: 15652.84/15987.35/2288.05) lat (ms,95%): 6.91 err/s: 0.00 reconn/s: 0.00
[ 160s ] thds: 4 tps: 755.99 qps: 22090.62 (r/w/o: 10146.32/10432.32/1511.97) lat (ms,95%): 9.06 err/s: 0.00 reconn/s: 0.00
[ 162s ] thds: 4 tps: 132.00 qps: 3941.08 (r/w/o: 1818.04/1859.04/264.01) lat (ms,95%): 78.60 err/s: 0.00 reconn/s: 0.00
[ 164s ] thds: 4 tps: 229.50 qps: 6529.37 (r/w/o: 2999.94/3070.44/458.99) lat (ms,95%): 33.72 err/s: 0.00 reconn/s: 0.00
[ 166s ] thds: 4 tps: 1196.51 qps: 35187.74 (r/w/o: 16194.11/16600.61/2393.02) lat (ms,95%): 6.43 err/s: 0.00 reconn/s: 0.00
[ 168s ] thds: 4 tps: 1212.51 qps: 34738.83 (r/w/o: 15964.15/16349.66/2425.02) lat (ms,95%): 6.43 err/s: 0.00 reconn/s: 0.00
[ 170s ] thds: 4 tps: 887.50 qps: 24861.46 (r/w/o: 11422.48/11663.98/1775.00) lat (ms,95%): 8.13 err/s: 0.00 reconn/s: 0.00
[ 172s ] thds: 4 tps: 210.44 qps: 5932.78 (r/w/o: 2721.21/2790.69/420.88) lat (ms,95%): 59.99 err/s: 0.00 reconn/s: 0.00
[ 174s ] thds: 4 tps: 196.50 qps: 5556.98 (r/w/o: 2554.99/2608.99/393.00) lat (ms,95%): 38.94 err/s: 0.00 reconn/s: 0.00
[ 176s ] thds: 4 tps: 917.77 qps: 27675.70 (r/w/o: 12748.28/13091.88/1835.54) lat (ms,95%): 12.75 err/s: 0.00 reconn/s: 0.00
[ 178s ] thds: 4 tps: 1214.39 qps: 34809.22 (r/w/o: 16045.49/16334.96/2428.77) lat (ms,95%): 6.43 err/s: 0.00 reconn/s: 0.00
[ 180s ] thds: 4 tps: 1010.60 qps: 29362.27 (r/w/o: 13516.78/13824.31/2021.19) lat (ms,95%): 7.70 err/s: 0.00 reconn/s: 0.00
[ 182s ] thds: 4 tps: 538.43 qps: 15011.14 (r/w/o: 6911.15/7023.13/1076.87) lat (ms,95%): 34.33 err/s: 0.00 reconn/s: 0.00
[ 184s ] thds: 4 tps: 151.00 qps: 3996.59 (r/w/o: 1847.54/1847.04/302.01) lat (ms,95%): 64.47 err/s: 0.00 reconn/s: 0.00
[ 186s ] thds: 4 tps: 380.49 qps: 11248.34 (r/w/o: 5163.43/5323.92/760.99) lat (ms,95%): 29.19 err/s: 0.00 reconn/s: 0.00
[ 188s ] thds: 4 tps: 251.51 qps: 7770.22 (r/w/o: 3570.10/3697.11/503.01) lat (ms,95%): 48.34 err/s: 0.00 reconn/s: 0.00
[ 190s ] thds: 4 tps: 284.49 qps: 8094.82 (r/w/o: 3724.42/3801.92/568.49) lat (ms,95%): 33.72 err/s: 0.00 reconn/s: 0.00
[ 192s ] thds: 4 tps: 344.00 qps: 9543.99 (r/w/o: 4351.99/4503.49/688.50) lat (ms,95%): 49.21 err/s: 0.00 reconn/s: 0.00
[ 194s ] thds: 4 tps: 224.02 qps: 6205.67 (r/w/o: 2856.81/2900.81/448.05) lat (ms,95%): 32.53 err/s: 0.00 reconn/s: 0.00
[ 196s ] thds: 4 tps: 754.44 qps: 21745.36 (r/w/o: 9991.75/10244.73/1508.89) lat (ms,95%): 11.45 err/s: 0.00 reconn/s: 0.00
[ 198s ] thds: 4 tps: 768.56 qps: 22635.72 (r/w/o: 10455.80/10642.81/1537.12) lat (ms,95%): 8.90 err/s: 0.00 reconn/s: 0.00
[ 200s ] thds: 4 tps: 164.98 qps: 4628.50 (r/w/o: 2123.77/2174.77/329.96) lat (ms,95%): 68.05 err/s: 0.00 reconn/s: 0.00
[ 202s ] thds: 4 tps: 148.00 qps: 4323.14 (r/w/o: 1981.56/2045.56/296.01) lat (ms,95%): 52.89 err/s: 0.00 reconn/s: 0.00
[ 204s ] thds: 4 tps: 645.05 qps: 18843.44 (r/w/o: 8686.16/8867.18/1290.10) lat (ms,95%): 23.95 err/s: 0.00 reconn/s: 0.00
[ 206s ] thds: 4 tps: 665.93 qps: 19588.55 (r/w/o: 9010.11/9246.58/1331.87) lat (ms,95%): 10.27 err/s: 0.00 reconn/s: 0.00
[ 208s ] thds: 4 tps: 140.51 qps: 4227.41 (r/w/o: 1955.19/1991.19/281.03) lat (ms,95%): 65.65 err/s: 0.00 reconn/s: 0.00
[ 210s ] thds: 4 tps: 308.00 qps: 8993.87 (r/w/o: 4130.44/4247.44/615.99) lat (ms,95%): 32.53 err/s: 0.00 reconn/s: 0.00
[ 212s ] thds: 4 tps: 1177.02 qps: 34635.50 (r/w/o: 15949.23/16332.23/2354.03) lat (ms,95%): 6.55 err/s: 0.00 reconn/s: 0.00
[ 214s ] thds: 4 tps: 1178.00 qps: 34106.12 (r/w/o: 15650.55/16099.56/2356.01) lat (ms,95%): 6.55 err/s: 0.00 reconn/s: 0.00
[ 216s ] thds: 4 tps: 878.92 qps: 25754.23 (r/w/o: 11842.96/12153.43/1757.85) lat (ms,95%): 7.98 err/s: 0.00 reconn/s: 0.00
[ 218s ] thds: 4 tps: 176.00 qps: 5242.45 (r/w/o: 2394.48/2495.98/352.00) lat (ms,95%): 68.05 err/s: 0.00 reconn/s: 0.00
[ 220s ] thds: 4 tps: 207.02 qps: 5989.56 (r/w/o: 2766.76/2808.76/414.04) lat (ms,95%): 34.95 err/s: 0.00 reconn/s: 0.00
[ 222s ] thds: 4 tps: 1065.44 qps: 30641.22 (r/w/o: 14099.18/14411.16/2130.88) lat (ms,95%): 7.17 err/s: 0.00 reconn/s: 0.00
[ 224s ] thds: 4 tps: 1199.05 qps: 34867.38 (r/w/o: 16040.64/16428.65/2398.10) lat (ms,95%): 6.43 err/s: 0.00 reconn/s: 0.00
[ 226s ] thds: 4 tps: 1123.52 qps: 32174.08 (r/w/o: 14855.77/15071.27/2247.04) lat (ms,95%): 6.91 err/s: 0.00 reconn/s: 0.00
[ 228s ] thds: 4 tps: 546.44 qps: 16308.19 (r/w/o: 7510.67/7704.65/1092.88) lat (ms,95%): 32.53 err/s: 0.00 reconn/s: 0.00
[ 230s ] thds: 4 tps: 150.02 qps: 4595.03 (r/w/o: 2119.24/2175.75/300.03) lat (ms,95%): 66.84 err/s: 0.00 reconn/s: 0.00
[ 232s ] thds: 4 tps: 382.50 qps: 11127.95 (r/w/o: 5134.48/5228.48/765.00) lat (ms,95%): 30.81 err/s: 0.00 reconn/s: 0.00
[ 234s ] thds: 4 tps: 485.99 qps: 13859.29 (r/w/o: 6361.90/6525.40/971.99) lat (ms,95%): 34.33 err/s: 0.00 reconn/s: 0.00
[ 236s ] thds: 4 tps: 389.95 qps: 11268.69 (r/w/o: 5141.90/5346.88/779.91) lat (ms,95%): 26.20 err/s: 0.00 reconn/s: 0.00
[ 238s ] thds: 4 tps: 496.02 qps: 14528.71 (r/w/o: 6698.83/6837.83/992.05) lat (ms,95%): 23.95 err/s: 0.00 reconn/s: 0.00
[ 240s ] thds: 4 tps: 182.50 qps: 5350.94 (r/w/o: 2469.97/2515.97/365.00) lat (ms,95%): 50.11 err/s: 0.00 reconn/s: 0.00
[ 242s ] thds: 4 tps: 370.02 qps: 10747.13 (r/w/o: 4960.79/5046.29/740.04) lat (ms,95%): 31.94 err/s: 0.00 reconn/s: 0.00
[ 244s ] thds: 4 tps: 866.03 qps: 25662.96 (r/w/o: 11814.44/12115.96/1732.57) lat (ms,95%): 8.28 err/s: 0.00 reconn/s: 0.00
[ 246s ] thds: 4 tps: 433.96 qps: 12311.90 (r/w/o: 5622.50/5821.98/867.42) lat (ms,95%): 47.47 err/s: 0.00 reconn/s: 0.00
[ 248s ] thds: 4 tps: 131.50 qps: 3833.56 (r/w/o: 1762.03/1808.53/263.00) lat (ms,95%): 61.08 err/s: 0.00 reconn/s: 0.00
[ 250s ] thds: 4 tps: 175.50 qps: 5203.36 (r/w/o: 2394.93/2457.43/350.99) lat (ms,95%): 47.47 err/s: 0.00 reconn/s: 0.00
[ 252s ] thds: 4 tps: 1021.00 qps: 29766.50 (r/w/o: 13705.00/14019.50/2042.00) lat (ms,95%): 7.43 err/s: 0.00 reconn/s: 0.00
[ 254s ] thds: 4 tps: 320.00 qps: 9778.42 (r/w/o: 4524.96/4613.46/639.99) lat (ms,95%): 49.21 err/s: 0.00 reconn/s: 0.00
[ 256s ] thds: 4 tps: 173.52 qps: 5144.01 (r/w/o: 2372.74/2424.24/347.03) lat (ms,95%): 51.02 err/s: 0.00 reconn/s: 0.00
[ 258s ] thds: 4 tps: 732.00 qps: 22257.48 (r/w/o: 10223.49/10570.49/1463.50) lat (ms,95%): 22.28 err/s: 0.00 reconn/s: 0.00
[ 260s ] thds: 4 tps: 1204.50 qps: 34094.96 (r/w/o: 15712.98/15972.48/2409.50) lat (ms,95%): 6.55 err/s: 0.00 reconn/s: 0.00
[ 262s ] thds: 4 tps: 1197.02 qps: 34315.46 (r/w/o: 15771.21/16150.22/2394.03) lat (ms,95%): 6.55 err/s: 0.00 reconn/s: 0.00
[ 264s ] thds: 4 tps: 757.42 qps: 22036.68 (r/w/o: 10154.93/10366.91/1514.84) lat (ms,95%): 8.74 err/s: 0.00 reconn/s: 0.00
[ 266s ] thds: 4 tps: 134.00 qps: 3751.97 (r/w/o: 1723.49/1760.49/268.00) lat (ms,95%): 66.84 err/s: 0.00 reconn/s: 0.00
[ 268s ] thds: 4 tps: 299.51 qps: 8890.77 (r/w/o: 4099.63/4192.13/599.02) lat (ms,95%): 31.37 err/s: 0.00 reconn/s: 0.00
[ 270s ] thds: 4 tps: 1183.60 qps: 34570.82 (r/w/o: 15916.30/16287.33/2367.19) lat (ms,95%): 6.91 err/s: 0.00 reconn/s: 0.00
[ 272s ] thds: 4 tps: 1236.95 qps: 34984.70 (r/w/o: 16120.40/16390.89/2473.41) lat (ms,95%): 6.43 err/s: 0.00 reconn/s: 0.00
[ 274s ] thds: 4 tps: 958.54 qps: 28633.59 (r/w/o: 13194.50/13521.51/1917.57) lat (ms,95%): 7.70 err/s: 0.00 reconn/s: 0.00
[ 276s ] thds: 4 tps: 554.95 qps: 15726.15 (r/w/o: 7265.38/7350.87/1109.90) lat (ms,95%): 31.37 err/s: 0.00 reconn/s: 0.00
[ 278s ] thds: 4 tps: 159.50 qps: 4524.05 (r/w/o: 2072.52/2132.52/319.00) lat (ms,95%): 58.92 err/s: 0.00 reconn/s: 0.00
[ 280s ] thds: 4 tps: 417.62 qps: 12183.82 (r/w/o: 5602.86/5745.73/835.23) lat (ms,95%): 31.37 err/s: 0.00 reconn/s: 0.00
[ 282s ] thds: 4 tps: 172.17 qps: 5318.76 (r/w/o: 2460.43/2513.99/344.34) lat (ms,95%): 51.94 err/s: 0.00 reconn/s: 0.00
[ 284s ] thds: 4 tps: 331.47 qps: 9438.05 (r/w/o: 4349.06/4426.56/662.43) lat (ms,95%): 32.53 err/s: 0.00 reconn/s: 0.00
[ 286s ] thds: 4 tps: 895.49 qps: 25418.58 (r/w/o: 11712.81/11914.30/1791.47) lat (ms,95%): 8.13 err/s: 0.00 reconn/s: 0.00
[ 288s ] thds: 4 tps: 818.53 qps: 23614.79 (r/w/o: 10871.36/11106.37/1637.05) lat (ms,95%): 8.43 err/s: 0.00 reconn/s: 0.00
[ 290s ] thds: 4 tps: 432.90 qps: 12119.57 (r/w/o: 5599.64/5654.13/865.79) lat (ms,95%): 43.39 err/s: 0.00 reconn/s: 0.00
[ 292s ] thds: 4 tps: 124.03 qps: 3572.27 (r/w/o: 1640.35/1683.86/248.05) lat (ms,95%): 68.05 err/s: 0.00 reconn/s: 0.00
[ 294s ] thds: 4 tps: 138.00 qps: 3949.05 (r/w/o: 1818.52/1854.52/276.00) lat (ms,95%): 55.82 err/s: 0.00 reconn/s: 0.00
[ 296s ] thds: 4 tps: 848.02 qps: 24326.69 (r/w/o: 11215.32/11415.32/1696.05) lat (ms,95%): 12.30 err/s: 0.00 reconn/s: 0.00
[ 298s ] thds: 4 tps: 577.87 qps: 16876.71 (r/w/o: 7788.75/7932.22/1155.74) lat (ms,95%): 17.95 err/s: 0.00 reconn/s: 0.00
[ 300s ] thds: 4 tps: 143.53 qps: 4207.93 (r/w/o: 1941.43/1979.44/287.06) lat (ms,95%): 66.84 err/s: 0.00 reconn/s: 0.00
SQL statistics:
    queries performed:
        read:                            2402138
        write:                           2456393
        other:                           359214
        total:                           5217745
    transactions:                        179603 (598.64 per sec.)
    queries:                             5217745 (17391.41 per sec.)
    ignored errors:                      0      (0.00 per sec.)
    reconnects:                          0      (0.00 per sec.)

Throughput:
    events/s (eps):                      598.6396
    time elapsed:                        300.0186s
    total number of events:              179603

Latency (ms):
         min:                                    0.20
         avg:                                    6.68
         max:                                  161.23
         95th percentile:                       26.20
         sum:                              1199771.78

Threads fairness:
    events (avg/stddev):           44900.7500/147.27
    execution time (avg/stddev):   299.9429/0.01

sysbench 1.1.0 (using bundled LuaJIT 2.1.0-beta3)

Running the test with following options:
Number of threads: 8
Report intermediate results every 2 second(s)
Initializing random number generator from current time


Initializing worker threads...

** Using FOR UPDATE : 1
** FORCE_PRIMARY : 0
** FORCE_NULL : 0
=> Using SESSION ops: 
Threads started!

[ 2s ] thds: 8 tps: 1633.93 qps: 47477.58 (r/w/o: 21878.93/22318.78/3279.87) lat (ms,95%): 9.91 err/s: 0.00 reconn/s: 0.00
[ 4s ] thds: 8 tps: 1285.87 qps: 37372.03 (r/w/o: 17217.31/17583.49/2571.23) lat (ms,95%): 11.45 err/s: 0.00 reconn/s: 0.00
[ 6s ] thds: 8 tps: 1264.73 qps: 36009.66 (r/w/o: 16577.19/16902.50/2529.97) lat (ms,95%): 11.24 err/s: 0.00 reconn/s: 0.00
[ 8s ] thds: 8 tps: 1254.49 qps: 36635.72 (r/w/o: 16894.87/17231.87/2508.98) lat (ms,95%): 10.84 err/s: 0.00 reconn/s: 0.00
[ 10s ] thds: 8 tps: 897.51 qps: 24788.82 (r/w/o: 11375.65/11618.15/1795.02) lat (ms,95%): 31.94 err/s: 0.00 reconn/s: 0.00
[ 12s ] thds: 8 tps: 230.98 qps: 7104.80 (r/w/o: 3265.18/3377.67/461.95) lat (ms,95%): 80.03 err/s: 0.00 reconn/s: 0.00
[ 14s ] thds: 8 tps: 768.55 qps: 22437.10 (r/w/o: 10325.23/10574.75/1537.11) lat (ms,95%): 38.25 err/s: 0.00 reconn/s: 0.00
[ 16s ] thds: 8 tps: 1500.02 qps: 43136.18 (r/w/o: 19869.81/20266.32/3000.05) lat (ms,95%): 10.27 err/s: 0.00 reconn/s: 0.00
[ 18s ] thds: 8 tps: 1284.51 qps: 37241.85 (r/w/o: 17140.66/17532.16/2569.02) lat (ms,95%): 11.04 err/s: 0.00 reconn/s: 0.00
[ 20s ] thds: 8 tps: 1266.49 qps: 37408.23 (r/w/o: 17212.88/17662.37/2532.98) lat (ms,95%): 10.84 err/s: 0.00 reconn/s: 0.00
[ 22s ] thds: 8 tps: 635.43 qps: 18222.56 (r/w/o: 8396.10/8555.59/1270.86) lat (ms,95%): 63.32 err/s: 0.00 reconn/s: 0.00
[ 24s ] thds: 8 tps: 240.50 qps: 7145.00 (r/w/o: 3288.50/3375.50/481.00) lat (ms,95%): 73.13 err/s: 0.00 reconn/s: 0.00
[ 26s ] thds: 8 tps: 972.59 qps: 28211.10 (r/w/o: 12957.69/13308.23/1945.18) lat (ms,95%): 30.81 err/s: 0.00 reconn/s: 0.00
[ 28s ] thds: 8 tps: 1693.47 qps: 49727.23 (r/w/o: 22935.65/23404.64/3386.95) lat (ms,95%): 9.39 err/s: 0.00 reconn/s: 0.00
[ 30s ] thds: 8 tps: 1213.03 qps: 35455.78 (r/w/o: 16298.80/16730.92/2426.06) lat (ms,95%): 11.87 err/s: 0.00 reconn/s: 0.00
[ 32s ] thds: 8 tps: 1178.41 qps: 34588.30 (r/w/o: 15914.07/16317.40/2356.82) lat (ms,95%): 11.45 err/s: 0.00 reconn/s: 0.00
[ 34s ] thds: 8 tps: 178.50 qps: 5117.62 (r/w/o: 2350.55/2410.05/357.01) lat (ms,95%): 97.55 err/s: 0.00 reconn/s: 0.00
[ 36s ] thds: 8 tps: 356.98 qps: 10025.51 (r/w/o: 4619.27/4692.27/713.96) lat (ms,95%): 48.34 err/s: 0.00 reconn/s: 0.00
[ 38s ] thds: 8 tps: 1282.57 qps: 36016.03 (r/w/o: 16575.94/16874.95/2565.14) lat (ms,95%): 10.84 err/s: 0.00 reconn/s: 0.00
[ 40s ] thds: 8 tps: 889.90 qps: 25997.06 (r/w/o: 11988.64/12228.62/1779.80) lat (ms,95%): 36.24 err/s: 0.00 reconn/s: 0.00
[ 42s ] thds: 8 tps: 292.51 qps: 8359.65 (r/w/o: 3856.07/3918.57/585.01) lat (ms,95%): 50.11 err/s: 0.00 reconn/s: 0.00
[ 44s ] thds: 8 tps: 940.54 qps: 26771.60 (r/w/o: 12331.01/12559.52/1881.08) lat (ms,95%): 25.28 err/s: 0.00 reconn/s: 0.00
[ 46s ] thds: 8 tps: 1282.07 qps: 36308.45 (r/w/o: 16690.39/17054.91/2563.14) lat (ms,95%): 10.65 err/s: 0.00 reconn/s: 0.00
[ 48s ] thds: 8 tps: 681.29 qps: 18959.06 (r/w/o: 8705.27/8890.22/1363.57) lat (ms,95%): 49.21 err/s: 0.00 reconn/s: 0.00
[ 50s ] thds: 8 tps: 324.07 qps: 8990.54 (r/w/o: 4136.94/4205.46/648.15) lat (ms,95%): 47.47 err/s: 0.00 reconn/s: 0.00
[ 52s ] thds: 8 tps: 1113.59 qps: 31757.04 (r/w/o: 14603.17/14926.69/2227.18) lat (ms,95%): 16.41 err/s: 0.00 reconn/s: 0.00
[ 54s ] thds: 8 tps: 1259.48 qps: 37171.00 (r/w/o: 17159.77/17492.26/2518.97) lat (ms,95%): 11.04 err/s: 0.00 reconn/s: 0.00
[ 56s ] thds: 8 tps: 584.90 qps: 17123.07 (r/w/o: 7876.65/8076.62/1169.80) lat (ms,95%): 57.87 err/s: 0.00 reconn/s: 0.00
[ 58s ] thds: 8 tps: 283.54 qps: 8013.06 (r/w/o: 3684.49/3764.00/564.57) lat (ms,95%): 58.92 err/s: 0.00 reconn/s: 0.00
[ 60s ] thds: 8 tps: 946.51 qps: 27635.77 (r/w/o: 12700.12/13040.13/1895.52) lat (ms,95%): 24.38 err/s: 0.00 reconn/s: 0.00
[ 62s ] thds: 8 tps: 1294.00 qps: 37302.01 (r/w/o: 17159.50/17554.50/2588.00) lat (ms,95%): 10.27 err/s: 0.00 reconn/s: 0.00
[ 64s ] thds: 8 tps: 708.96 qps: 21017.17 (r/w/o: 9687.89/9911.37/1417.91) lat (ms,95%): 48.34 err/s: 0.00 reconn/s: 0.00
[ 66s ] thds: 8 tps: 294.03 qps: 8920.43 (r/w/o: 4103.43/4228.94/588.06) lat (ms,95%): 51.02 err/s: 0.00 reconn/s: 0.00
[ 68s ] thds: 8 tps: 1083.95 qps: 32415.45 (r/w/o: 14934.29/15313.27/2167.90) lat (ms,95%): 17.32 err/s: 0.00 reconn/s: 0.00
[ 70s ] thds: 8 tps: 1080.75 qps: 31863.69 (r/w/o: 14665.64/15036.55/2161.50) lat (ms,95%): 13.22 err/s: 0.00 reconn/s: 0.00
[ 72s ] thds: 8 tps: 201.06 qps: 5951.15 (r/w/o: 2726.75/2822.28/402.11) lat (ms,95%): 84.47 err/s: 0.00 reconn/s: 0.00
[ 74s ] thds: 8 tps: 434.00 qps: 12653.40 (r/w/o: 5847.45/5937.95/867.99) lat (ms,95%): 46.63 err/s: 0.00 reconn/s: 0.00
[ 76s ] thds: 8 tps: 504.96 qps: 14633.42 (r/w/o: 6751.50/6871.99/1009.93) lat (ms,95%): 58.92 err/s: 0.00 reconn/s: 0.00
[ 78s ] thds: 8 tps: 311.03 qps: 8938.83 (r/w/o: 4113.38/4203.39/622.06) lat (ms,95%): 49.21 err/s: 0.00 reconn/s: 0.00
[ 80s ] thds: 8 tps: 617.44 qps: 17900.67 (r/w/o: 8232.66/8433.14/1234.87) lat (ms,95%): 54.83 err/s: 0.00 reconn/s: 0.00
[ 82s ] thds: 8 tps: 299.00 qps: 8434.50 (r/w/o: 3885.00/3951.50/598.00) lat (ms,95%): 48.34 err/s: 0.00 reconn/s: 0.00
[ 84s ] thds: 8 tps: 588.01 qps: 16692.37 (r/w/o: 7688.67/7827.67/1176.03) lat (ms,95%): 47.47 err/s: 0.00 reconn/s: 0.00
[ 86s ] thds: 8 tps: 117.01 qps: 3585.79 (r/w/o: 1641.63/1710.14/234.02) lat (ms,95%): 155.80 err/s: 0.00 reconn/s: 0.00
[ 88s ] thds: 8 tps: 805.96 qps: 23474.39 (r/w/o: 10768.99/11093.47/1611.92) lat (ms,95%): 23.95 err/s: 0.00 reconn/s: 0.00
[ 90s ] thds: 8 tps: 1241.03 qps: 36652.80 (r/w/o: 16876.87/17293.88/2482.05) lat (ms,95%): 11.04 err/s: 0.00 reconn/s: 0.00
[ 92s ] thds: 8 tps: 583.46 qps: 16954.94 (r/w/o: 7782.51/8005.50/1166.93) lat (ms,95%): 62.19 err/s: 0.00 reconn/s: 0.00
[ 94s ] thds: 8 tps: 303.53 qps: 9027.80 (r/w/o: 4163.87/4256.88/607.05) lat (ms,95%): 51.94 err/s: 0.00 reconn/s: 0.00
[ 96s ] thds: 8 tps: 1219.48 qps: 35756.97 (r/w/o: 16484.25/16833.75/2438.96) lat (ms,95%): 15.27 err/s: 0.00 reconn/s: 0.00
[ 98s ] thds: 8 tps: 541.45 qps: 15818.56 (r/w/o: 7287.84/7447.82/1082.90) lat (ms,95%): 59.99 err/s: 0.00 reconn/s: 0.00
[ 100s ] thds: 8 tps: 308.93 qps: 9567.42 (r/w/o: 4422.04/4527.52/617.87) lat (ms,95%): 49.21 err/s: 0.00 reconn/s: 0.00
[ 102s ] thds: 8 tps: 1149.73 qps: 32799.65 (r/w/o: 15121.57/15378.62/2299.47) lat (ms,95%): 14.46 err/s: 0.00 reconn/s: 0.00
[ 104s ] thds: 8 tps: 1485.61 qps: 42634.12 (r/w/o: 19595.93/20066.97/2971.22) lat (ms,95%): 9.91 err/s: 0.00 reconn/s: 0.00
[ 106s ] thds: 8 tps: 637.39 qps: 17920.86 (r/w/o: 8247.06/8399.03/1274.78) lat (ms,95%): 36.24 err/s: 0.00 reconn/s: 0.00
[ 108s ] thds: 8 tps: 538.59 qps: 15458.05 (r/w/o: 7119.67/7261.20/1077.18) lat (ms,95%): 26.68 err/s: 0.00 reconn/s: 0.00
[ 110s ] thds: 8 tps: 1608.51 qps: 46252.19 (r/w/o: 21246.09/21789.09/3217.01) lat (ms,95%): 9.39 err/s: 0.00 reconn/s: 0.00
[ 112s ] thds: 8 tps: 1851.49 qps: 54954.66 (r/w/o: 25316.34/25935.34/3702.98) lat (ms,95%): 8.13 err/s: 0.00 reconn/s: 0.00
[ 114s ] thds: 8 tps: 1461.09 qps: 42343.47 (r/w/o: 19439.64/19981.67/2922.17) lat (ms,95%): 10.84 err/s: 0.00 reconn/s: 0.00
[ 116s ] thds: 8 tps: 364.99 qps: 10048.66 (r/w/o: 4618.84/4699.84/729.97) lat (ms,95%): 41.10 err/s: 0.00 reconn/s: 0.00
[ 118s ] thds: 8 tps: 544.52 qps: 15894.48 (r/w/o: 7289.22/7516.23/1089.03) lat (ms,95%): 28.67 err/s: 0.00 reconn/s: 0.00
[ 120s ] thds: 8 tps: 1098.18 qps: 31959.21 (r/w/o: 14684.73/15078.12/2196.36) lat (ms,95%): 34.33 err/s: 0.00 reconn/s: 0.00
[ 122s ] thds: 8 tps: 448.52 qps: 13197.18 (r/w/o: 6090.82/6209.32/897.05) lat (ms,95%): 38.25 err/s: 0.00 reconn/s: 0.00
[ 124s ] thds: 8 tps: 504.04 qps: 14520.16 (r/w/o: 6662.03/6850.05/1008.08) lat (ms,95%): 42.61 err/s: 0.00 reconn/s: 0.00
[ 126s ] thds: 8 tps: 397.53 qps: 12117.05 (r/w/o: 5593.98/5727.99/795.07) lat (ms,95%): 48.34 err/s: 0.00 reconn/s: 0.00
[ 128s ] thds: 8 tps: 177.96 qps: 5080.76 (r/w/o: 2336.93/2387.92/355.91) lat (ms,95%): 87.56 err/s: 0.00 reconn/s: 0.00
[ 130s ] thds: 8 tps: 5.00 qps: 163.53 (r/w/o: 74.01/79.51/10.00) lat (ms,95%): 1533.66 err/s: 0.00 reconn/s: 0.00
[ 132s ] thds: 8 tps: 1722.70 qps: 49780.81 (r/w/o: 22886.17/23449.24/3445.40) lat (ms,95%): 8.58 err/s: 0.00 reconn/s: 0.00
[ 134s ] thds: 8 tps: 594.95 qps: 17530.43 (r/w/o: 8071.28/8269.26/1189.89) lat (ms,95%): 36.89 err/s: 0.00 reconn/s: 0.00
[ 136s ] thds: 8 tps: 525.02 qps: 15115.06 (r/w/o: 6958.76/7106.26/1050.04) lat (ms,95%): 27.17 err/s: 0.00 reconn/s: 0.00
[ 138s ] thds: 8 tps: 1694.61 qps: 48763.02 (r/w/o: 22421.39/22952.42/3389.21) lat (ms,95%): 9.73 err/s: 0.00 reconn/s: 0.00
[ 140s ] thds: 8 tps: 437.47 qps: 12831.19 (r/w/o: 5920.63/6035.62/874.94) lat (ms,95%): 39.65 err/s: 0.00 reconn/s: 0.00
[ 142s ] thds: 8 tps: 712.02 qps: 20462.56 (r/w/o: 9417.26/9621.26/1424.04) lat (ms,95%): 25.28 err/s: 0.00 reconn/s: 0.00
[ 144s ] thds: 8 tps: 1695.58 qps: 49147.39 (r/w/o: 22644.10/23112.12/3391.16) lat (ms,95%): 8.58 err/s: 0.00 reconn/s: 0.00
[ 146s ] thds: 8 tps: 1119.91 qps: 32712.27 (r/w/o: 15068.24/15404.21/2239.81) lat (ms,95%): 32.53 err/s: 0.00 reconn/s: 0.00
[ 148s ] thds: 8 tps: 521.53 qps: 15306.79 (r/w/o: 7015.86/7247.88/1043.05) lat (ms,95%): 27.17 err/s: 0.00 reconn/s: 0.00
[ 150s ] thds: 8 tps: 1013.04 qps: 29910.15 (r/w/o: 13794.03/14090.04/2026.08) lat (ms,95%): 24.38 err/s: 0.00 reconn/s: 0.00
[ 152s ] thds: 8 tps: 446.46 qps: 12900.83 (r/w/o: 5939.96/6067.95/892.92) lat (ms,95%): 36.24 err/s: 0.00 reconn/s: 0.00
[ 154s ] thds: 8 tps: 529.05 qps: 15314.80 (r/w/o: 7074.10/7182.61/1058.09) lat (ms,95%): 33.12 err/s: 0.00 reconn/s: 0.00
[ 156s ] thds: 8 tps: 397.50 qps: 11371.56 (r/w/o: 5226.03/5350.53/795.00) lat (ms,95%): 51.94 err/s: 0.00 reconn/s: 0.00
[ 158s ] thds: 8 tps: 237.49 qps: 7018.84 (r/w/o: 3229.93/3313.93/474.99) lat (ms,95%): 51.94 err/s: 0.00 reconn/s: 0.00
[ 160s ] thds: 8 tps: 5.00 qps: 73.49 (r/w/o: 32.00/31.50/10.00) lat (ms,95%): 1836.24 err/s: 0.00 reconn/s: 0.00
[ 162s ] thds: 8 tps: 1270.06 qps: 37060.35 (r/w/o: 17076.85/17443.37/2540.13) lat (ms,95%): 8.90 err/s: 0.00 reconn/s: 0.00
[ 164s ] thds: 8 tps: 1640.46 qps: 48817.18 (r/w/o: 22496.39/23039.88/3280.91) lat (ms,95%): 8.58 err/s: 0.00 reconn/s: 0.00
[ 166s ] thds: 8 tps: 426.91 qps: 12143.91 (r/w/o: 5565.31/5724.78/853.82) lat (ms,95%): 36.89 err/s: 0.00 reconn/s: 0.00
[ 168s ] thds: 8 tps: 727.67 qps: 21290.43 (r/w/o: 9814.77/10020.32/1455.34) lat (ms,95%): 25.74 err/s: 0.00 reconn/s: 0.00
[ 170s ] thds: 8 tps: 1861.56 qps: 54507.25 (r/w/o: 25058.31/25725.83/3723.12) lat (ms,95%): 8.13 err/s: 0.00 reconn/s: 0.00
[ 172s ] thds: 8 tps: 1712.48 qps: 49181.32 (r/w/o: 22578.69/23177.68/3424.95) lat (ms,95%): 8.43 err/s: 0.00 reconn/s: 0.00
[ 174s ] thds: 8 tps: 1083.05 qps: 31855.06 (r/w/o: 14634.72/15054.24/2166.11) lat (ms,95%): 32.53 err/s: 0.00 reconn/s: 0.00
[ 176s ] thds: 8 tps: 551.94 qps: 15926.78 (r/w/o: 7343.21/7479.69/1103.88) lat (ms,95%): 26.20 err/s: 0.00 reconn/s: 0.00
[ 178s ] thds: 8 tps: 1318.10 qps: 38597.48 (r/w/o: 17777.87/18183.40/2636.20) lat (ms,95%): 17.32 err/s: 0.00 reconn/s: 0.00
[ 180s ] thds: 8 tps: 1689.51 qps: 49364.80 (r/w/o: 22701.14/23284.64/3379.02) lat (ms,95%): 8.90 err/s: 0.00 reconn/s: 0.00
[ 182s ] thds: 8 tps: 1852.37 qps: 52845.32 (r/w/o: 24268.31/24872.27/3704.74) lat (ms,95%): 8.28 err/s: 0.00 reconn/s: 0.00
[ 184s ] thds: 8 tps: 1668.04 qps: 48363.30 (r/w/o: 22322.10/22705.11/3336.09) lat (ms,95%): 8.74 err/s: 0.00 reconn/s: 0.00
[ 186s ] thds: 8 tps: 1807.00 qps: 51652.47 (r/w/o: 23716.99/24321.49/3614.00) lat (ms,95%): 8.58 err/s: 0.00 reconn/s: 0.00
[ 188s ] thds: 8 tps: 1689.05 qps: 48647.89 (r/w/o: 22371.14/22898.66/3378.10) lat (ms,95%): 8.74 err/s: 0.00 reconn/s: 0.00
[ 190s ] thds: 8 tps: 618.31 qps: 18204.33 (r/w/o: 8394.39/8573.33/1236.62) lat (ms,95%): 41.85 err/s: 0.00 reconn/s: 0.00
[ 192s ] thds: 8 tps: 423.64 qps: 12437.75 (r/w/o: 5702.95/5887.51/847.29) lat (ms,95%): 34.33 err/s: 0.00 reconn/s: 0.00
[ 194s ] thds: 8 tps: 1187.91 qps: 34591.34 (r/w/o: 15920.27/16295.24/2375.82) lat (ms,95%): 17.63 err/s: 0.00 reconn/s: 0.00
[ 196s ] thds: 8 tps: 1827.56 qps: 52267.16 (r/w/o: 24024.26/24587.78/3655.12) lat (ms,95%): 8.43 err/s: 0.00 reconn/s: 0.00
[ 198s ] thds: 8 tps: 1361.93 qps: 39306.99 (r/w/o: 18116.07/18467.05/2723.86) lat (ms,95%): 13.22 err/s: 0.00 reconn/s: 0.00
[ 200s ] thds: 8 tps: 482.99 qps: 13782.80 (r/w/o: 6325.41/6491.40/965.99) lat (ms,95%): 38.94 err/s: 0.00 reconn/s: 0.00
[ 202s ] thds: 8 tps: 505.00 qps: 14852.58 (r/w/o: 6846.54/6996.04/1010.01) lat (ms,95%): 33.12 err/s: 0.00 reconn/s: 0.00
[ 204s ] thds: 8 tps: 516.56 qps: 14848.14 (r/w/o: 6851.26/6963.77/1033.11) lat (ms,95%): 38.94 err/s: 0.00 reconn/s: 0.00
[ 206s ] thds: 8 tps: 423.45 qps: 12131.54 (r/w/o: 5599.33/5685.32/846.90) lat (ms,95%): 52.89 err/s: 0.00 reconn/s: 0.00
[ 208s ] thds: 8 tps: 432.00 qps: 12695.10 (r/w/o: 5826.04/6005.05/864.01) lat (ms,95%): 41.10 err/s: 0.00 reconn/s: 0.00
[ 210s ] thds: 8 tps: 381.49 qps: 10991.31 (r/w/o: 5005.41/5222.91/762.99) lat (ms,95%): 48.34 err/s: 0.00 reconn/s: 0.00
[ 212s ] thds: 8 tps: 373.51 qps: 10702.89 (r/w/o: 4960.18/4995.68/747.03) lat (ms,95%): 51.94 err/s: 0.00 reconn/s: 0.00
[ 214s ] thds: 8 tps: 379.89 qps: 10925.93 (r/w/o: 5029.59/5136.56/759.79) lat (ms,95%): 52.89 err/s: 0.00 reconn/s: 0.00
[ 216s ] thds: 8 tps: 332.08 qps: 9456.14 (r/w/o: 4345.48/4446.51/664.15) lat (ms,95%): 62.19 err/s: 0.00 reconn/s: 0.00
[ 218s ] thds: 8 tps: 409.02 qps: 11836.54 (r/w/o: 5436.25/5582.25/818.04) lat (ms,95%): 46.63 err/s: 0.00 reconn/s: 0.00
[ 220s ] thds: 8 tps: 315.52 qps: 9020.52 (r/w/o: 4140.24/4249.25/631.04) lat (ms,95%): 61.08 err/s: 0.00 reconn/s: 0.00
[ 222s ] thds: 8 tps: 422.47 qps: 12057.56 (r/w/o: 5534.07/5678.56/844.93) lat (ms,95%): 40.37 err/s: 0.00 reconn/s: 0.00
[ 224s ] thds: 8 tps: 402.04 qps: 11619.51 (r/w/o: 5352.47/5462.48/804.57) lat (ms,95%): 44.98 err/s: 0.00 reconn/s: 0.00
[ 226s ] thds: 8 tps: 436.94 qps: 12384.84 (r/w/o: 5700.74/5810.72/873.38) lat (ms,95%): 41.10 err/s: 0.00 reconn/s: 0.00
[ 228s ] thds: 8 tps: 391.54 qps: 10992.57 (r/w/o: 5028.99/5180.51/783.08) lat (ms,95%): 44.17 err/s: 0.00 reconn/s: 0.00
[ 230s ] thds: 8 tps: 394.48 qps: 11613.51 (r/w/o: 5336.77/5487.77/788.97) lat (ms,95%): 49.21 err/s: 0.00 reconn/s: 0.00
[ 232s ] thds: 8 tps: 442.50 qps: 13086.37 (r/w/o: 6025.94/6175.44/884.99) lat (ms,95%): 54.83 err/s: 0.00 reconn/s: 0.00
[ 234s ] thds: 8 tps: 497.55 qps: 14354.57 (r/w/o: 6596.22/6763.24/995.11) lat (ms,95%): 41.10 err/s: 0.00 reconn/s: 0.00
[ 236s ] thds: 8 tps: 225.47 qps: 6380.19 (r/w/o: 2940.63/2988.62/450.94) lat (ms,95%): 101.13 err/s: 0.00 reconn/s: 0.00
[ 238s ] thds: 8 tps: 159.00 qps: 4409.93 (r/w/o: 2009.97/2081.97/317.99) lat (ms,95%): 132.49 err/s: 0.00 reconn/s: 0.00
[ 240s ] thds: 8 tps: 184.51 qps: 5483.76 (r/w/o: 2523.62/2591.12/369.02) lat (ms,95%): 144.97 err/s: 0.00 reconn/s: 0.00
[ 242s ] thds: 8 tps: 55.51 qps: 1643.67 (r/w/o: 762.08/770.58/111.01) lat (ms,95%): 331.91 err/s: 0.00 reconn/s: 0.00
[ 244s ] thds: 8 tps: 7.00 qps: 235.47 (r/w/o: 104.99/116.49/14.00) lat (ms,95%): 2828.87 err/s: 0.00 reconn/s: 0.00
[ 246s ] thds: 8 tps: 171.02 qps: 4944.54 (r/w/o: 2273.25/2329.26/342.04) lat (ms,95%): 95.81 err/s: 0.00 reconn/s: 0.00
[ 248s ] thds: 8 tps: 451.50 qps: 13334.03 (r/w/o: 6140.51/6292.01/901.50) lat (ms,95%): 50.11 err/s: 0.00 reconn/s: 0.00
[ 250s ] thds: 8 tps: 1330.96 qps: 38649.46 (r/w/o: 17849.02/18137.01/2663.43) lat (ms,95%): 14.21 err/s: 0.00 reconn/s: 0.00
[ 252s ] thds: 8 tps: 1831.98 qps: 53648.40 (r/w/o: 24696.72/25287.72/3663.96) lat (ms,95%): 8.28 err/s: 0.00 reconn/s: 0.00
[ 254s ] thds: 8 tps: 1651.98 qps: 48321.27 (r/w/o: 22236.67/22780.66/3303.95) lat (ms,95%): 8.74 err/s: 0.00 reconn/s: 0.00
[ 256s ] thds: 8 tps: 1784.56 qps: 52083.81 (r/w/o: 23966.83/24547.85/3569.12) lat (ms,95%): 8.58 err/s: 0.00 reconn/s: 0.00
[ 258s ] thds: 8 tps: 1668.47 qps: 48858.24 (r/w/o: 22520.65/23000.64/3336.95) lat (ms,95%): 8.74 err/s: 0.00 reconn/s: 0.00
[ 260s ] thds: 8 tps: 1840.02 qps: 52859.57 (r/w/o: 24329.76/24849.77/3680.04) lat (ms,95%): 8.28 err/s: 0.00 reconn/s: 0.00
[ 262s ] thds: 8 tps: 1587.96 qps: 47241.33 (r/w/o: 21771.46/22293.95/3175.92) lat (ms,95%): 9.56 err/s: 0.00 reconn/s: 0.00
[ 264s ] thds: 8 tps: 1799.02 qps: 51826.70 (r/w/o: 23897.32/24331.33/3598.05) lat (ms,95%): 8.58 err/s: 0.00 reconn/s: 0.00
[ 266s ] thds: 8 tps: 1785.50 qps: 52196.63 (r/w/o: 24072.56/24553.06/3571.01) lat (ms,95%): 8.58 err/s: 0.00 reconn/s: 0.00
[ 268s ] thds: 8 tps: 1681.99 qps: 49089.29 (r/w/o: 22643.40/23081.90/3363.99) lat (ms,95%): 8.43 err/s: 0.00 reconn/s: 0.00
[ 270s ] thds: 8 tps: 637.84 qps: 18693.37 (r/w/o: 8598.37/8819.32/1275.68) lat (ms,95%): 36.89 err/s: 0.00 reconn/s: 0.00
[ 272s ] thds: 8 tps: 336.50 qps: 9937.97 (r/w/o: 4573.98/4690.98/673.00) lat (ms,95%): 42.61 err/s: 0.00 reconn/s: 0.00
[ 274s ] thds: 8 tps: 326.09 qps: 9499.67 (r/w/o: 4374.23/4473.26/652.18) lat (ms,95%): 44.98 err/s: 0.00 reconn/s: 0.00
[ 276s ] thds: 8 tps: 1669.92 qps: 47652.86 (r/w/o: 21899.02/22413.99/3339.85) lat (ms,95%): 10.09 err/s: 0.00 reconn/s: 0.00
[ 278s ] thds: 8 tps: 1724.48 qps: 49270.93 (r/w/o: 22664.74/23157.23/3448.96) lat (ms,95%): 8.28 err/s: 0.00 reconn/s: 0.00
[ 280s ] thds: 8 tps: 1788.01 qps: 51831.68 (r/w/o: 23845.08/24410.58/3576.01) lat (ms,95%): 8.74 err/s: 0.00 reconn/s: 0.00
[ 282s ] thds: 8 tps: 482.02 qps: 14393.59 (r/w/o: 6639.77/6789.78/964.04) lat (ms,95%): 42.61 err/s: 0.00 reconn/s: 0.00
[ 284s ] thds: 8 tps: 516.51 qps: 14903.86 (r/w/o: 6864.67/7006.17/1033.02) lat (ms,95%): 38.94 err/s: 0.00 reconn/s: 0.00
[ 286s ] thds: 8 tps: 477.46 qps: 13657.97 (r/w/o: 6279.53/6423.52/954.93) lat (ms,95%): 41.85 err/s: 0.00 reconn/s: 0.00
[ 288s ] thds: 8 tps: 367.02 qps: 10748.14 (r/w/o: 4949.30/5064.80/734.04) lat (ms,95%): 49.21 err/s: 0.00 reconn/s: 0.00
[ 290s ] thds: 8 tps: 394.51 qps: 11883.25 (r/w/o: 5498.12/5596.12/789.02) lat (ms,95%): 48.34 err/s: 0.00 reconn/s: 0.00
[ 292s ] thds: 8 tps: 355.44 qps: 10145.86 (r/w/o: 4675.75/4759.23/710.89) lat (ms,95%): 51.94 err/s: 0.00 reconn/s: 0.00
[ 294s ] thds: 8 tps: 310.02 qps: 9076.94 (r/w/o: 4192.71/4264.21/620.03) lat (ms,95%): 69.29 err/s: 0.00 reconn/s: 0.00
[ 296s ] thds: 8 tps: 326.97 qps: 9338.27 (r/w/o: 4282.17/4402.16/653.95) lat (ms,95%): 57.87 err/s: 0.00 reconn/s: 0.00
[ 298s ] thds: 8 tps: 351.56 qps: 10393.91 (r/w/o: 4806.38/4884.40/703.13) lat (ms,95%): 59.99 err/s: 0.00 reconn/s: 0.00
[ 300s ] thds: 8 tps: 375.46 qps: 10961.21 (r/w/o: 5045.41/5164.89/750.91) lat (ms,95%): 50.11 err/s: 0.00 reconn/s: 0.00
SQL statistics:
    queries performed:
        read:                            3341904
        write:                           3418387
        other:                           500488
        total:                           7260779
    transactions:                        250236 (834.07 per sec.)
    queries:                             7260779 (24201.11 per sec.)
    ignored errors:                      0      (0.00 per sec.)
    reconnects:                          0      (0.00 per sec.)

Throughput:
    events/s (eps):                      834.0688
    time elapsed:                        300.0184s
    total number of events:              250236

Latency (ms):
         min:                                    0.22
         avg:                                    9.59
         max:                                 3138.07
         95th percentile:                       31.94
         sum:                              2399551.41

Threads fairness:
    events (avg/stddev):           31279.5000/93.35
    execution time (avg/stddev):   299.9439/0.00

sysbench 1.1.0 (using bundled LuaJIT 2.1.0-beta3)

Running the test with following options:
Number of threads: 16
Report intermediate results every 2 second(s)
Initializing random number generator from current time


Initializing worker threads...

** Using FOR UPDATE : 1
** FORCE_PRIMARY : 0
** FORCE_NULL : 0
=> Using SESSION ops: 
Threads started!

[ 2s ] thds: 16 tps: 805.16 qps: 24026.75 (r/w/o: 11110.76/11281.69/1634.30) lat (ms,95%): 45.79 err/s: 0.00 reconn/s: 0.00
[ 4s ] thds: 16 tps: 686.63 qps: 19243.04 (r/w/o: 8862.63/9007.16/1373.25) lat (ms,95%): 56.84 err/s: 0.00 reconn/s: 0.00
[ 6s ] thds: 16 tps: 629.98 qps: 18383.90 (r/w/o: 8450.22/8673.72/1259.96) lat (ms,95%): 68.05 err/s: 0.00 reconn/s: 0.00
[ 8s ] thds: 16 tps: 1247.01 qps: 36417.90 (r/w/o: 16744.82/17179.06/2494.02) lat (ms,95%): 53.85 err/s: 0.00 reconn/s: 0.00
[ 10s ] thds: 16 tps: 2277.85 qps: 67444.15 (r/w/o: 31092.74/31796.70/4554.71) lat (ms,95%): 14.46 err/s: 0.00 reconn/s: 0.00
[ 12s ] thds: 16 tps: 1228.40 qps: 36185.64 (r/w/o: 16665.03/17062.81/2457.80) lat (ms,95%): 49.21 err/s: 0.00 reconn/s: 0.00
[ 14s ] thds: 16 tps: 446.67 qps: 13211.65 (r/w/o: 6088.37/6229.93/893.35) lat (ms,95%): 84.47 err/s: 0.00 reconn/s: 0.00
[ 16s ] thds: 16 tps: 529.54 qps: 15194.51 (r/w/o: 6994.47/7140.98/1059.07) lat (ms,95%): 71.83 err/s: 0.00 reconn/s: 0.00
[ 18s ] thds: 16 tps: 519.51 qps: 14858.41 (r/w/o: 6839.69/6979.69/1039.03) lat (ms,95%): 58.92 err/s: 0.00 reconn/s: 0.00
[ 20s ] thds: 16 tps: 2031.84 qps: 58795.81 (r/w/o: 27054.84/27677.29/4063.68) lat (ms,95%): 21.50 err/s: 0.00 reconn/s: 0.00
[ 22s ] thds: 16 tps: 2281.59 qps: 66284.98 (r/w/o: 30547.64/31174.17/4563.17) lat (ms,95%): 15.27 err/s: 0.00 reconn/s: 0.00
[ 24s ] thds: 16 tps: 1102.44 qps: 31854.33 (r/w/o: 14666.23/14983.22/2204.88) lat (ms,95%): 50.11 err/s: 0.00 reconn/s: 0.00
[ 26s ] thds: 16 tps: 534.50 qps: 15752.86 (r/w/o: 7273.44/7410.93/1068.49) lat (ms,95%): 69.29 err/s: 0.00 reconn/s: 0.00
[ 28s ] thds: 16 tps: 782.47 qps: 22624.16 (r/w/o: 10392.11/10667.10/1564.94) lat (ms,95%): 56.84 err/s: 0.00 reconn/s: 0.00
[ 30s ] thds: 16 tps: 2681.27 qps: 77740.69 (r/w/o: 35743.03/36634.62/5363.03) lat (ms,95%): 11.87 err/s: 0.00 reconn/s: 0.00
[ 32s ] thds: 16 tps: 2346.10 qps: 68651.12 (r/w/o: 31580.37/32379.56/4691.20) lat (ms,95%): 15.00 err/s: 0.00 reconn/s: 0.00
[ 34s ] thds: 16 tps: 1796.07 qps: 52056.59 (r/w/o: 23941.63/24521.81/3593.15) lat (ms,95%): 31.37 err/s: 0.00 reconn/s: 0.00
[ 36s ] thds: 16 tps: 443.56 qps: 12746.10 (r/w/o: 5873.74/5985.25/887.11) lat (ms,95%): 69.29 err/s: 0.00 reconn/s: 0.00
[ 38s ] thds: 16 tps: 711.16 qps: 21114.16 (r/w/o: 9742.62/9949.23/1422.32) lat (ms,95%): 53.85 err/s: 0.00 reconn/s: 0.00
[ 40s ] thds: 16 tps: 2002.19 qps: 57746.81 (r/w/o: 26571.42/27171.02/4004.37) lat (ms,95%): 22.28 err/s: 0.00 reconn/s: 0.00
[ 42s ] thds: 16 tps: 2160.73 qps: 61634.32 (r/w/o: 28319.14/28993.72/4321.46) lat (ms,95%): 16.71 err/s: 0.00 reconn/s: 0.00
[ 44s ] thds: 16 tps: 2068.40 qps: 60315.68 (r/w/o: 27720.62/28458.26/4136.79) lat (ms,95%): 21.89 err/s: 0.00 reconn/s: 0.00
[ 46s ] thds: 16 tps: 1084.07 qps: 31017.62 (r/w/o: 14226.97/14622.50/2168.15) lat (ms,95%): 51.02 err/s: 0.00 reconn/s: 0.00
[ 48s ] thds: 16 tps: 458.90 qps: 13775.45 (r/w/o: 6370.72/6486.94/917.80) lat (ms,95%): 75.82 err/s: 0.00 reconn/s: 0.00
[ 50s ] thds: 16 tps: 901.95 qps: 26159.94 (r/w/o: 12054.96/12301.08/1803.89) lat (ms,95%): 47.47 err/s: 0.00 reconn/s: 0.00
[ 52s ] thds: 16 tps: 2192.11 qps: 63400.88 (r/w/o: 29200.76/29815.90/4384.22) lat (ms,95%): 17.32 err/s: 0.00 reconn/s: 0.00
[ 54s ] thds: 16 tps: 1147.41 qps: 33473.45 (r/w/o: 15417.25/15761.37/2294.83) lat (ms,95%): 50.11 err/s: 0.00 reconn/s: 0.00
[ 56s ] thds: 16 tps: 658.64 qps: 19557.02 (r/w/o: 9003.25/9236.48/1317.28) lat (ms,95%): 69.29 err/s: 0.00 reconn/s: 0.00
[ 58s ] thds: 16 tps: 509.56 qps: 14953.88 (r/w/o: 6902.25/7032.51/1019.12) lat (ms,95%): 69.29 err/s: 0.00 reconn/s: 0.00
[ 60s ] thds: 16 tps: 535.84 qps: 16244.15 (r/w/o: 7476.27/7696.20/1071.68) lat (ms,95%): 63.32 err/s: 0.00 reconn/s: 0.00
[ 62s ] thds: 16 tps: 1196.55 qps: 34817.58 (r/w/o: 16036.62/16387.87/2393.09) lat (ms,95%): 47.47 err/s: 0.00 reconn/s: 0.00
[ 64s ] thds: 16 tps: 1406.54 qps: 40960.59 (r/w/o: 18817.34/19330.17/2813.08) lat (ms,95%): 47.47 err/s: 0.00 reconn/s: 0.00
[ 66s ] thds: 16 tps: 451.94 qps: 13420.83 (r/w/o: 6199.23/6319.22/902.39) lat (ms,95%): 73.13 err/s: 0.00 reconn/s: 0.00
[ 68s ] thds: 16 tps: 768.29 qps: 22223.32 (r/w/o: 10218.33/10466.92/1538.08) lat (ms,95%): 54.83 err/s: 0.00 reconn/s: 0.00
[ 70s ] thds: 16 tps: 1671.03 qps: 48051.77 (r/w/o: 22090.35/22619.36/3342.05) lat (ms,95%): 32.53 err/s: 0.00 reconn/s: 0.00
[ 72s ] thds: 16 tps: 2201.09 qps: 63386.52 (r/w/o: 29217.84/29766.49/4402.19) lat (ms,95%): 19.29 err/s: 0.00 reconn/s: 0.00
[ 74s ] thds: 16 tps: 2008.30 qps: 58197.71 (r/w/o: 26789.86/27391.25/4016.60) lat (ms,95%): 24.38 err/s: 0.00 reconn/s: 0.00
[ 76s ] thds: 16 tps: 2196.07 qps: 62982.62 (r/w/o: 28964.97/29625.50/4392.15) lat (ms,95%): 15.00 err/s: 0.00 reconn/s: 0.00
[ 78s ] thds: 16 tps: 2393.89 qps: 69994.92 (r/w/o: 32170.58/33036.55/4787.79) lat (ms,95%): 13.46 err/s: 0.00 reconn/s: 0.00
[ 80s ] thds: 16 tps: 1836.20 qps: 52598.76 (r/w/o: 24201.15/24725.21/3672.40) lat (ms,95%): 23.95 err/s: 0.00 reconn/s: 0.00
[ 82s ] thds: 16 tps: 483.59 qps: 13359.99 (r/w/o: 6136.01/6256.79/967.19) lat (ms,95%): 69.29 err/s: 0.00 reconn/s: 0.00
[ 84s ] thds: 16 tps: 749.81 qps: 21675.50 (r/w/o: 9966.98/10208.90/1499.63) lat (ms,95%): 51.94 err/s: 0.00 reconn/s: 0.00
[ 86s ] thds: 16 tps: 1782.10 qps: 51147.34 (r/w/o: 23553.31/24029.83/3564.20) lat (ms,95%): 31.94 err/s: 0.00 reconn/s: 0.00
[ 88s ] thds: 16 tps: 1495.89 qps: 43047.28 (r/w/o: 19843.33/20212.18/2991.77) lat (ms,95%): 39.65 err/s: 0.00 reconn/s: 0.00
[ 90s ] thds: 16 tps: 472.39 qps: 13385.98 (r/w/o: 6130.12/6311.08/944.79) lat (ms,95%): 71.83 err/s: 0.00 reconn/s: 0.00
[ 92s ] thds: 16 tps: 724.47 qps: 20922.87 (r/w/o: 9628.50/9845.44/1448.93) lat (ms,95%): 52.89 err/s: 0.00 reconn/s: 0.00
[ 94s ] thds: 16 tps: 1675.95 qps: 49283.97 (r/w/o: 22703.30/23228.78/3351.90) lat (ms,95%): 33.12 err/s: 0.00 reconn/s: 0.00
[ 96s ] thds: 16 tps: 1496.04 qps: 43394.15 (r/w/o: 19945.55/20456.51/2992.08) lat (ms,95%): 40.37 err/s: 0.00 reconn/s: 0.00
[ 98s ] thds: 16 tps: 1557.21 qps: 45396.91 (r/w/o: 20872.18/21410.32/3114.41) lat (ms,95%): 43.39 err/s: 0.00 reconn/s: 0.00
[ 100s ] thds: 16 tps: 2344.44 qps: 68159.63 (r/w/o: 31336.14/32134.62/4688.87) lat (ms,95%): 14.73 err/s: 0.00 reconn/s: 0.00
[ 102s ] thds: 16 tps: 2378.47 qps: 70440.97 (r/w/o: 32485.53/33198.52/4756.93) lat (ms,95%): 13.95 err/s: 0.00 reconn/s: 0.00
[ 104s ] thds: 16 tps: 591.49 qps: 17416.10 (r/w/o: 8014.82/8218.31/1182.97) lat (ms,95%): 70.55 err/s: 0.00 reconn/s: 0.00
[ 106s ] thds: 16 tps: 631.39 qps: 18432.29 (r/w/o: 8476.52/8693.98/1261.78) lat (ms,95%): 57.87 err/s: 0.00 reconn/s: 0.00
[ 108s ] thds: 16 tps: 617.67 qps: 18492.63 (r/w/o: 8487.36/8768.93/1236.34) lat (ms,95%): 59.99 err/s: 0.00 reconn/s: 0.00
[ 110s ] thds: 16 tps: 660.51 qps: 18641.19 (r/w/o: 8557.09/8763.09/1321.01) lat (ms,95%): 61.08 err/s: 0.00 reconn/s: 0.00
[ 112s ] thds: 16 tps: 656.26 qps: 18997.96 (r/w/o: 8735.26/8950.18/1312.51) lat (ms,95%): 59.99 err/s: 0.00 reconn/s: 0.00
[ 114s ] thds: 16 tps: 640.00 qps: 18183.68 (r/w/o: 8380.95/8522.73/1280.01) lat (ms,95%): 59.99 err/s: 0.00 reconn/s: 0.00
[ 116s ] thds: 16 tps: 1138.11 qps: 32946.72 (r/w/o: 15166.68/15503.81/2276.23) lat (ms,95%): 43.39 err/s: 0.00 reconn/s: 0.00
[ 118s ] thds: 16 tps: 1081.97 qps: 31202.22 (r/w/o: 14334.98/14703.30/2163.94) lat (ms,95%): 51.02 err/s: 0.00 reconn/s: 0.00
[ 120s ] thds: 16 tps: 606.66 qps: 17573.08 (r/w/o: 8081.77/8278.00/1213.31) lat (ms,95%): 70.55 err/s: 0.00 reconn/s: 0.00
[ 122s ] thds: 16 tps: 1601.54 qps: 45541.02 (r/w/o: 20927.26/21410.68/3203.09) lat (ms,95%): 36.89 err/s: 0.00 reconn/s: 0.00
[ 124s ] thds: 16 tps: 1693.94 qps: 48927.37 (r/w/o: 22480.75/23058.73/3387.89) lat (ms,95%): 34.33 err/s: 0.00 reconn/s: 0.00
[ 126s ] thds: 16 tps: 684.07 qps: 20146.94 (r/w/o: 9282.62/9496.17/1368.14) lat (ms,95%): 53.85 err/s: 0.00 reconn/s: 0.00
[ 128s ] thds: 16 tps: 1139.28 qps: 33256.19 (r/w/o: 15317.77/15659.85/2278.56) lat (ms,95%): 46.63 err/s: 0.00 reconn/s: 0.00
[ 130s ] thds: 16 tps: 561.03 qps: 16423.86 (r/w/o: 7569.40/7732.41/1122.06) lat (ms,95%): 70.55 err/s: 0.00 reconn/s: 0.00
[ 132s ] thds: 16 tps: 745.55 qps: 21862.26 (r/w/o: 10086.19/10284.97/1491.10) lat (ms,95%): 52.89 err/s: 0.00 reconn/s: 0.00
[ 134s ] thds: 16 tps: 882.87 qps: 26008.46 (r/w/o: 11979.55/12263.17/1765.74) lat (ms,95%): 54.83 err/s: 0.00 reconn/s: 0.00
[ 136s ] thds: 16 tps: 632.83 qps: 18289.08 (r/w/o: 8420.88/8602.55/1265.65) lat (ms,95%): 57.87 err/s: 0.00 reconn/s: 0.00
[ 138s ] thds: 16 tps: 756.92 qps: 22128.38 (r/w/o: 10210.09/10404.46/1513.83) lat (ms,95%): 57.87 err/s: 0.00 reconn/s: 0.00
[ 140s ] thds: 16 tps: 734.27 qps: 20838.59 (r/w/o: 9569.56/9800.49/1468.55) lat (ms,95%): 52.89 err/s: 0.00 reconn/s: 0.00
[ 142s ] thds: 16 tps: 563.19 qps: 16376.90 (r/w/o: 7551.99/7698.54/1126.37) lat (ms,95%): 75.82 err/s: 0.00 reconn/s: 0.00
[ 144s ] thds: 16 tps: 379.62 qps: 11059.41 (r/w/o: 5077.75/5222.41/759.24) lat (ms,95%): 101.13 err/s: 0.00 reconn/s: 0.00
[ 146s ] thds: 16 tps: 515.69 qps: 15036.29 (r/w/o: 6915.00/7089.91/1031.39) lat (ms,95%): 82.96 err/s: 0.00 reconn/s: 0.00
[ 148s ] thds: 16 tps: 730.97 qps: 21313.12 (r/w/o: 9839.59/10011.59/1461.94) lat (ms,95%): 65.65 err/s: 0.00 reconn/s: 0.00
[ 150s ] thds: 16 tps: 567.62 qps: 16704.53 (r/w/o: 7714.51/7854.79/1135.24) lat (ms,95%): 74.46 err/s: 0.00 reconn/s: 0.00
[ 152s ] thds: 16 tps: 657.05 qps: 19753.64 (r/w/o: 9109.59/9329.95/1314.11) lat (ms,95%): 63.32 err/s: 0.00 reconn/s: 0.00
[ 154s ] thds: 16 tps: 688.99 qps: 19741.32 (r/w/o: 9083.92/9279.41/1377.99) lat (ms,95%): 53.85 err/s: 0.00 reconn/s: 0.00
[ 156s ] thds: 16 tps: 964.51 qps: 27212.24 (r/w/o: 12472.61/12810.61/1929.02) lat (ms,95%): 50.11 err/s: 0.00 reconn/s: 0.00
[ 158s ] thds: 16 tps: 567.96 qps: 16095.43 (r/w/o: 7414.01/7545.50/1135.92) lat (ms,95%): 63.32 err/s: 0.00 reconn/s: 0.00
[ 160s ] thds: 16 tps: 763.54 qps: 22606.22 (r/w/o: 10409.56/10669.57/1527.08) lat (ms,95%): 51.94 err/s: 0.00 reconn/s: 0.00
[ 162s ] thds: 16 tps: 2126.87 qps: 61279.90 (r/w/o: 28183.34/28842.80/4253.75) lat (ms,95%): 17.63 err/s: 0.00 reconn/s: 0.00
[ 164s ] thds: 16 tps: 2112.58 qps: 60294.91 (r/w/o: 27780.61/28289.13/4225.17) lat (ms,95%): 19.65 err/s: 0.00 reconn/s: 0.00
[ 166s ] thds: 16 tps: 705.76 qps: 20366.34 (r/w/o: 9373.09/9581.72/1411.53) lat (ms,95%): 71.83 err/s: 0.00 reconn/s: 0.00
[ 168s ] thds: 16 tps: 547.46 qps: 15616.25 (r/w/o: 7187.54/7333.80/1094.91) lat (ms,95%): 64.47 err/s: 0.00 reconn/s: 0.00
[ 170s ] thds: 16 tps: 891.96 qps: 25740.46 (r/w/o: 11845.02/12111.51/1783.93) lat (ms,95%): 44.98 err/s: 0.00 reconn/s: 0.00
[ 172s ] thds: 16 tps: 1657.94 qps: 47755.86 (r/w/o: 21970.24/22469.73/3315.89) lat (ms,95%): 34.33 err/s: 0.00 reconn/s: 0.00
[ 174s ] thds: 16 tps: 481.01 qps: 13445.88 (r/w/o: 6175.81/6308.04/962.02) lat (ms,95%): 70.55 err/s: 0.00 reconn/s: 0.00
[ 176s ] thds: 16 tps: 803.73 qps: 23434.08 (r/w/o: 10790.29/11036.32/1607.47) lat (ms,95%): 44.17 err/s: 0.00 reconn/s: 0.00
[ 178s ] thds: 16 tps: 597.41 qps: 16919.54 (r/w/o: 7775.37/7949.35/1194.83) lat (ms,95%): 66.84 err/s: 0.00 reconn/s: 0.00
[ 180s ] thds: 16 tps: 788.57 qps: 23230.29 (r/w/o: 10733.50/10919.66/1577.13) lat (ms,95%): 47.47 err/s: 0.00 reconn/s: 0.00
[ 182s ] thds: 16 tps: 2147.51 qps: 61908.71 (r/w/o: 28466.71/29147.98/4294.03) lat (ms,95%): 18.61 err/s: 0.00 reconn/s: 0.00
[ 184s ] thds: 16 tps: 2022.68 qps: 58572.18 (r/w/o: 26941.38/27584.44/4046.36) lat (ms,95%): 24.38 err/s: 0.00 reconn/s: 0.00
[ 186s ] thds: 16 tps: 1635.97 qps: 47557.27 (r/w/o: 21885.16/22400.16/3271.95) lat (ms,95%): 35.59 err/s: 0.00 reconn/s: 0.00
[ 188s ] thds: 16 tps: 2203.08 qps: 63824.47 (r/w/o: 29380.74/30037.57/4406.16) lat (ms,95%): 16.41 err/s: 0.00 reconn/s: 0.00
[ 190s ] thds: 16 tps: 493.34 qps: 14840.72 (r/w/o: 6853.65/7000.39/986.68) lat (ms,95%): 69.29 err/s: 0.00 reconn/s: 0.00
[ 192s ] thds: 16 tps: 526.89 qps: 15919.61 (r/w/o: 7338.44/7527.40/1053.78) lat (ms,95%): 66.84 err/s: 0.00 reconn/s: 0.00
[ 194s ] thds: 16 tps: 912.76 qps: 26337.43 (r/w/o: 12131.92/12379.99/1825.51) lat (ms,95%): 51.02 err/s: 0.00 reconn/s: 0.00
[ 196s ] thds: 16 tps: 2400.47 qps: 69248.28 (r/w/o: 31804.67/32642.66/4800.95) lat (ms,95%): 13.46 err/s: 0.00 reconn/s: 0.00
[ 198s ] thds: 16 tps: 2410.41 qps: 71009.88 (r/w/o: 32684.80/33504.77/4820.32) lat (ms,95%): 13.95 err/s: 0.00 reconn/s: 0.00
[ 200s ] thds: 16 tps: 1035.58 qps: 29979.45 (r/w/o: 13811.13/14096.65/2071.67) lat (ms,95%): 48.34 err/s: 0.00 reconn/s: 0.00
[ 202s ] thds: 16 tps: 495.99 qps: 14185.16 (r/w/o: 6485.85/6707.34/991.98) lat (ms,95%): 69.29 err/s: 0.00 reconn/s: 0.00
[ 204s ] thds: 16 tps: 823.48 qps: 23556.06 (r/w/o: 10846.80/11062.80/1646.47) lat (ms,95%): 51.02 err/s: 0.00 reconn/s: 0.00
[ 206s ] thds: 16 tps: 2435.58 qps: 69609.47 (r/w/o: 32013.97/32723.85/4871.66) lat (ms,95%): 14.46 err/s: 0.00 reconn/s: 0.00
[ 208s ] thds: 16 tps: 1838.41 qps: 52454.09 (r/w/o: 24119.33/24657.95/3676.81) lat (ms,95%): 32.53 err/s: 0.00 reconn/s: 0.00
[ 210s ] thds: 16 tps: 471.45 qps: 13542.43 (r/w/o: 6236.78/6362.76/942.89) lat (ms,95%): 70.55 err/s: 0.00 reconn/s: 0.00
[ 212s ] thds: 16 tps: 668.58 qps: 19620.20 (r/w/o: 9045.02/9238.04/1337.15) lat (ms,95%): 56.84 err/s: 0.00 reconn/s: 0.00
[ 214s ] thds: 16 tps: 623.44 qps: 17680.77 (r/w/o: 8116.20/8317.68/1246.88) lat (ms,95%): 59.99 err/s: 0.00 reconn/s: 0.00
[ 216s ] thds: 16 tps: 664.55 qps: 19037.30 (r/w/o: 8734.60/8973.61/1329.09) lat (ms,95%): 62.19 err/s: 0.00 reconn/s: 0.00
[ 218s ] thds: 16 tps: 546.52 qps: 15376.99 (r/w/o: 7069.23/7214.73/1093.04) lat (ms,95%): 70.55 err/s: 0.00 reconn/s: 0.00
[ 220s ] thds: 16 tps: 698.95 qps: 19630.51 (r/w/o: 9014.31/9218.30/1397.89) lat (ms,95%): 55.82 err/s: 0.00 reconn/s: 0.00
[ 222s ] thds: 16 tps: 1109.81 qps: 32510.95 (r/w/o: 14956.54/15334.79/2219.63) lat (ms,95%): 50.11 err/s: 0.00 reconn/s: 0.00
[ 224s ] thds: 16 tps: 1611.67 qps: 46398.21 (r/w/o: 21354.98/21820.39/3222.84) lat (ms,95%): 33.72 err/s: 0.00 reconn/s: 0.00
[ 226s ] thds: 16 tps: 1610.46 qps: 47179.87 (r/w/o: 21715.48/22242.97/3221.42) lat (ms,95%): 33.72 err/s: 0.00 reconn/s: 0.00
[ 228s ] thds: 16 tps: 470.79 qps: 13577.64 (r/w/o: 6214.91/6421.16/941.58) lat (ms,95%): 70.55 err/s: 0.00 reconn/s: 0.00
[ 230s ] thds: 16 tps: 472.26 qps: 13536.58 (r/w/o: 6231.28/6360.77/944.53) lat (ms,95%): 74.46 err/s: 0.00 reconn/s: 0.00
[ 232s ] thds: 16 tps: 1357.77 qps: 41018.92 (r/w/o: 18936.03/19367.34/2715.55) lat (ms,95%): 41.10 err/s: 0.00 reconn/s: 0.00
[ 234s ] thds: 16 tps: 673.96 qps: 19940.28 (r/w/o: 9211.56/9380.80/1347.91) lat (ms,95%): 64.47 err/s: 0.00 reconn/s: 0.00
[ 236s ] thds: 16 tps: 503.61 qps: 14882.99 (r/w/o: 6861.79/7013.98/1007.22) lat (ms,95%): 68.05 err/s: 0.00 reconn/s: 0.00
[ 238s ] thds: 16 tps: 613.19 qps: 17830.42 (r/w/o: 8186.52/8417.52/1226.38) lat (ms,95%): 62.19 err/s: 0.00 reconn/s: 0.00
[ 240s ] thds: 16 tps: 2158.00 qps: 62253.76 (r/w/o: 28681.79/29255.96/4316.01) lat (ms,95%): 18.28 err/s: 0.00 reconn/s: 0.00
[ 242s ] thds: 16 tps: 2148.76 qps: 62758.62 (r/w/o: 28900.95/29560.64/4297.03) lat (ms,95%): 18.95 err/s: 0.00 reconn/s: 0.00
[ 244s ] thds: 16 tps: 1876.42 qps: 54470.75 (r/w/o: 25028.96/25688.44/3753.34) lat (ms,95%): 27.66 err/s: 0.00 reconn/s: 0.00
[ 246s ] thds: 16 tps: 1933.94 qps: 55909.48 (r/w/o: 25745.06/26296.55/3867.87) lat (ms,95%): 24.38 err/s: 0.00 reconn/s: 0.00
[ 248s ] thds: 16 tps: 446.00 qps: 12790.89 (r/w/o: 5892.45/6006.45/891.99) lat (ms,95%): 82.96 err/s: 0.00 reconn/s: 0.00
[ 250s ] thds: 16 tps: 668.21 qps: 19004.45 (r/w/o: 8738.34/8929.69/1336.42) lat (ms,95%): 56.84 err/s: 0.00 reconn/s: 0.00
[ 252s ] thds: 16 tps: 1165.11 qps: 34372.76 (r/w/o: 15817.00/16225.54/2330.22) lat (ms,95%): 46.63 err/s: 0.00 reconn/s: 0.00
[ 254s ] thds: 16 tps: 1165.45 qps: 34125.99 (r/w/o: 15746.80/16048.29/2330.90) lat (ms,95%): 49.21 err/s: 0.00 reconn/s: 0.00
[ 256s ] thds: 16 tps: 1293.59 qps: 36598.11 (r/w/o: 16788.29/17223.14/2586.69) lat (ms,95%): 47.47 err/s: 0.00 reconn/s: 0.00
[ 258s ] thds: 16 tps: 1408.74 qps: 40034.92 (r/w/o: 18372.34/18844.59/2817.99) lat (ms,95%): 43.39 err/s: 0.00 reconn/s: 0.00
[ 260s ] thds: 16 tps: 1082.52 qps: 30533.64 (r/w/o: 14037.29/14331.30/2165.05) lat (ms,95%): 57.87 err/s: 0.00 reconn/s: 0.00
[ 262s ] thds: 16 tps: 473.96 qps: 14100.80 (r/w/o: 6510.45/6642.43/947.92) lat (ms,95%): 70.55 err/s: 0.00 reconn/s: 0.00
[ 264s ] thds: 16 tps: 708.02 qps: 20780.01 (r/w/o: 9610.24/9753.74/1416.03) lat (ms,95%): 57.87 err/s: 0.00 reconn/s: 0.00
[ 266s ] thds: 16 tps: 1738.99 qps: 50939.23 (r/w/o: 23416.26/24044.99/3477.98) lat (ms,95%): 33.12 err/s: 0.00 reconn/s: 0.00
[ 268s ] thds: 16 tps: 1361.28 qps: 39422.76 (r/w/o: 18124.30/18576.89/2721.57) lat (ms,95%): 49.21 err/s: 0.00 reconn/s: 0.00
[ 270s ] thds: 16 tps: 2279.07 qps: 66753.29 (r/w/o: 30754.59/31439.56/4559.13) lat (ms,95%): 14.46 err/s: 0.00 reconn/s: 0.00
[ 272s ] thds: 16 tps: 634.00 qps: 18090.51 (r/w/o: 8299.00/8523.50/1268.00) lat (ms,95%): 74.46 err/s: 0.00 reconn/s: 0.00
[ 274s ] thds: 16 tps: 497.03 qps: 14910.46 (r/w/o: 6892.45/7025.45/992.56) lat (ms,95%): 65.65 err/s: 0.00 reconn/s: 0.00
[ 276s ] thds: 16 tps: 526.60 qps: 14770.69 (r/w/o: 6819.81/6896.18/1054.69) lat (ms,95%): 62.19 err/s: 0.00 reconn/s: 0.00
[ 278s ] thds: 16 tps: 639.41 qps: 19147.28 (r/w/o: 8824.24/9044.21/1278.82) lat (ms,95%): 68.05 err/s: 0.00 reconn/s: 0.00
[ 280s ] thds: 16 tps: 540.52 qps: 15782.81 (r/w/o: 7272.23/7429.53/1081.04) lat (ms,95%): 70.55 err/s: 0.00 reconn/s: 0.00
[ 282s ] thds: 16 tps: 710.52 qps: 20506.05 (r/w/o: 9436.58/9648.94/1420.53) lat (ms,95%): 56.84 err/s: 0.00 reconn/s: 0.00
[ 284s ] thds: 16 tps: 467.58 qps: 13343.78 (r/w/o: 6149.05/6259.07/935.66) lat (ms,95%): 75.82 err/s: 0.00 reconn/s: 0.00
[ 286s ] thds: 16 tps: 2288.10 qps: 66786.64 (r/w/o: 30769.81/31440.63/4576.20) lat (ms,95%): 15.55 err/s: 0.00 reconn/s: 0.00
[ 288s ] thds: 16 tps: 1533.81 qps: 44470.06 (r/w/o: 20496.94/20905.50/3067.62) lat (ms,95%): 44.17 err/s: 0.00 reconn/s: 0.00
[ 290s ] thds: 16 tps: 361.84 qps: 11104.28 (r/w/o: 5134.76/5245.86/723.67) lat (ms,95%): 97.55 err/s: 0.00 reconn/s: 0.00
[ 292s ] thds: 16 tps: 414.53 qps: 12139.83 (r/w/o: 5604.38/5706.39/829.06) lat (ms,95%): 89.16 err/s: 0.00 reconn/s: 0.00
[ 294s ] thds: 16 tps: 539.52 qps: 15940.21 (r/w/o: 7335.33/7525.83/1079.05) lat (ms,95%): 69.29 err/s: 0.00 reconn/s: 0.00
[ 296s ] thds: 16 tps: 1480.58 qps: 42597.69 (r/w/o: 19574.51/20062.03/2961.15) lat (ms,95%): 37.56 err/s: 0.00 reconn/s: 0.00
[ 298s ] thds: 16 tps: 1265.18 qps: 36675.20 (r/w/o: 16883.52/17261.33/2530.36) lat (ms,95%): 52.89 err/s: 0.00 reconn/s: 0.00
[ 300s ] thds: 16 tps: 943.84 qps: 27599.68 (r/w/o: 12701.11/13010.89/1887.68) lat (ms,95%): 62.19 err/s: 0.00 reconn/s: 0.00
SQL statistics:
    queries performed:
        read:                            4525472
        write:                           4629547
        other:                           678012
        total:                           9833031
    transactions:                        338990 (1129.85 per sec.)
    queries:                             9833031 (32773.35 per sec.)
    ignored errors:                      0      (0.00 per sec.)
    reconnects:                          0      (0.00 per sec.)

Throughput:
    events/s (eps):                      1129.8487
    time elapsed:                        300.0313s
    total number of events:              338990

Latency (ms):
         min:                                    0.26
         avg:                                   14.16
         max:                                  387.05
         95th percentile:                       49.21
         sum:                              4799057.28

Threads fairness:
    events (avg/stddev):           21186.8750/65.67
    execution time (avg/stddev):   299.9411/0.01

sysbench 1.1.0 (using bundled LuaJIT 2.1.0-beta3)

Running the test with following options:
Number of threads: 32
Report intermediate results every 2 second(s)
Initializing random number generator from current time


Initializing worker threads...

** Using FOR UPDATE : 1
** FORCE_PRIMARY : 0
** FORCE_NULL : 0
=> Using SESSION ops: 
Threads started!

[ 2s ] thds: 32 tps: 2078.33 qps: 61375.83 (r/w/o: 28289.93/28881.24/4204.65) lat (ms,95%): 46.63 err/s: 0.00 reconn/s: 0.00
[ 4s ] thds: 32 tps: 2692.11 qps: 79502.28 (r/w/o: 36552.51/37565.55/5384.22) lat (ms,95%): 28.16 err/s: 0.00 reconn/s: 0.00
[ 6s ] thds: 32 tps: 2979.61 qps: 86209.24 (r/w/o: 39724.63/40525.39/5959.22) lat (ms,95%): 26.68 err/s: 0.00 reconn/s: 0.00
[ 8s ] thds: 32 tps: 2117.56 qps: 60603.06 (r/w/o: 27900.39/28467.54/4235.12) lat (ms,95%): 52.89 err/s: 0.00 reconn/s: 0.00
[ 10s ] thds: 32 tps: 613.06 qps: 17148.62 (r/w/o: 7868.13/8054.39/1226.11) lat (ms,95%): 137.35 err/s: 0.00 reconn/s: 0.00
[ 12s ] thds: 32 tps: 534.75 qps: 15691.24 (r/w/o: 7236.94/7384.79/1069.50) lat (ms,95%): 137.35 err/s: 0.00 reconn/s: 0.00
[ 14s ] thds: 32 tps: 557.98 qps: 16122.65 (r/w/o: 7404.38/7602.31/1115.95) lat (ms,95%): 153.02 err/s: 0.00 reconn/s: 0.00
[ 16s ] thds: 32 tps: 682.86 qps: 19731.57 (r/w/o: 9083.71/9282.13/1365.73) lat (ms,95%): 139.85 err/s: 0.00 reconn/s: 0.00
[ 18s ] thds: 32 tps: 735.02 qps: 21139.47 (r/w/o: 9710.21/9959.22/1470.03) lat (ms,95%): 108.68 err/s: 0.00 reconn/s: 0.00
[ 20s ] thds: 32 tps: 792.42 qps: 22550.23 (r/w/o: 10390.45/10574.93/1584.84) lat (ms,95%): 118.92 err/s: 0.00 reconn/s: 0.00
[ 22s ] thds: 32 tps: 1310.52 qps: 37542.21 (r/w/o: 17271.83/17648.83/2621.55) lat (ms,95%): 77.19 err/s: 0.00 reconn/s: 0.00
[ 24s ] thds: 32 tps: 979.55 qps: 29120.36 (r/w/o: 13409.63/13753.14/1957.59) lat (ms,95%): 110.66 err/s: 0.00 reconn/s: 0.00
[ 26s ] thds: 32 tps: 548.97 qps: 15607.57 (r/w/o: 7202.57/7306.07/1098.93) lat (ms,95%): 134.90 err/s: 0.00 reconn/s: 0.00
[ 28s ] thds: 32 tps: 1218.59 qps: 34930.44 (r/w/o: 16098.12/16395.15/2437.17) lat (ms,95%): 90.78 err/s: 0.00 reconn/s: 0.00
[ 30s ] thds: 32 tps: 2616.72 qps: 75231.08 (r/w/o: 34654.85/35342.78/5233.45) lat (ms,95%): 30.26 err/s: 0.00 reconn/s: 0.00
[ 32s ] thds: 32 tps: 1751.99 qps: 50686.65 (r/w/o: 23299.75/23882.92/3503.98) lat (ms,95%): 68.05 err/s: 0.00 reconn/s: 0.00
[ 34s ] thds: 32 tps: 515.72 qps: 14045.74 (r/w/o: 6458.99/6555.31/1031.43) lat (ms,95%): 173.58 err/s: 0.00 reconn/s: 0.00
[ 36s ] thds: 32 tps: 586.95 qps: 16648.72 (r/w/o: 7657.35/7817.47/1173.90) lat (ms,95%): 139.85 err/s: 0.00 reconn/s: 0.00
[ 38s ] thds: 32 tps: 893.02 qps: 25471.51 (r/w/o: 11701.23/11984.24/1786.04) lat (ms,95%): 116.80 err/s: 0.00 reconn/s: 0.00
[ 40s ] thds: 32 tps: 1479.53 qps: 42899.38 (r/w/o: 19760.08/20180.24/2959.06) lat (ms,95%): 77.19 err/s: 0.00 reconn/s: 0.00
[ 42s ] thds: 32 tps: 512.43 qps: 14981.99 (r/w/o: 6918.77/7039.37/1023.85) lat (ms,95%): 227.40 err/s: 0.00 reconn/s: 0.00
[ 44s ] thds: 32 tps: 666.12 qps: 19923.99 (r/w/o: 9159.29/9431.46/1333.25) lat (ms,95%): 121.08 err/s: 0.00 reconn/s: 0.00
[ 46s ] thds: 32 tps: 2233.65 qps: 63442.60 (r/w/o: 29197.62/29778.18/4466.80) lat (ms,95%): 37.56 err/s: 0.00 reconn/s: 0.00
[ 48s ] thds: 32 tps: 2822.29 qps: 83203.12 (r/w/o: 38242.96/39315.57/5644.58) lat (ms,95%): 25.28 err/s: 0.00 reconn/s: 0.00
[ 50s ] thds: 32 tps: 2842.44 qps: 81376.71 (r/w/o: 37510.67/38180.66/5685.37) lat (ms,95%): 25.74 err/s: 0.00 reconn/s: 0.00
[ 52s ] thds: 32 tps: 2405.77 qps: 70197.34 (r/w/o: 32346.34/33039.97/4811.03) lat (ms,95%): 29.19 err/s: 0.00 reconn/s: 0.00
[ 54s ] thds: 32 tps: 554.60 qps: 16221.73 (r/w/o: 7456.32/7655.71/1109.70) lat (ms,95%): 147.61 err/s: 0.00 reconn/s: 0.00
[ 56s ] thds: 32 tps: 509.48 qps: 14898.06 (r/w/o: 6858.30/7020.79/1018.97) lat (ms,95%): 158.63 err/s: 0.00 reconn/s: 0.00
[ 58s ] thds: 32 tps: 599.64 qps: 17954.81 (r/w/o: 8262.58/8492.94/1199.29) lat (ms,95%): 127.81 err/s: 0.00 reconn/s: 0.00
[ 60s ] thds: 32 tps: 589.90 qps: 17585.32 (r/w/o: 8125.96/8281.57/1177.79) lat (ms,95%): 127.81 err/s: 0.00 reconn/s: 0.00
[ 62s ] thds: 32 tps: 1294.93 qps: 37875.94 (r/w/o: 17437.55/17846.53/2591.86) lat (ms,95%): 90.78 err/s: 0.00 reconn/s: 0.00
[ 64s ] thds: 32 tps: 2692.58 qps: 78471.56 (r/w/o: 36091.69/36995.70/5384.17) lat (ms,95%): 25.74 err/s: 0.00 reconn/s: 0.00
[ 66s ] thds: 32 tps: 1891.63 qps: 55520.30 (r/w/o: 25561.24/26174.80/3784.26) lat (ms,95%): 56.84 err/s: 0.00 reconn/s: 0.00
[ 68s ] thds: 32 tps: 1044.87 qps: 30099.87 (r/w/o: 13849.24/14160.89/2089.73) lat (ms,95%): 108.68 err/s: 0.00 reconn/s: 0.00
[ 70s ] thds: 32 tps: 504.24 qps: 15230.60 (r/w/o: 7023.96/7199.67/1006.98) lat (ms,95%): 153.02 err/s: 0.00 reconn/s: 0.00
[ 72s ] thds: 32 tps: 532.94 qps: 15493.30 (r/w/o: 7125.89/7300.03/1067.38) lat (ms,95%): 153.02 err/s: 0.00 reconn/s: 0.00
[ 74s ] thds: 32 tps: 474.22 qps: 14193.61 (r/w/o: 6546.05/6699.12/948.44) lat (ms,95%): 179.94 err/s: 0.00 reconn/s: 0.00
[ 76s ] thds: 32 tps: 2086.68 qps: 60099.51 (r/w/o: 27665.04/28261.10/4173.37) lat (ms,95%): 44.98 err/s: 0.00 reconn/s: 0.00
[ 78s ] thds: 32 tps: 553.14 qps: 16353.06 (r/w/o: 7539.97/7706.81/1106.27) lat (ms,95%): 142.39 err/s: 0.00 reconn/s: 0.00
[ 80s ] thds: 32 tps: 622.42 qps: 18137.09 (r/w/o: 8364.39/8527.87/1244.83) lat (ms,95%): 123.28 err/s: 0.00 reconn/s: 0.00
[ 82s ] thds: 32 tps: 1953.52 qps: 56016.69 (r/w/o: 25785.32/26324.32/3907.05) lat (ms,95%): 55.82 err/s: 0.00 reconn/s: 0.00
[ 84s ] thds: 32 tps: 2220.28 qps: 63816.95 (r/w/o: 29311.65/30064.75/4440.55) lat (ms,95%): 41.85 err/s: 0.00 reconn/s: 0.00
[ 86s ] thds: 32 tps: 2069.47 qps: 61272.12 (r/w/o: 28196.01/28938.17/4137.94) lat (ms,95%): 44.17 err/s: 0.00 reconn/s: 0.00
[ 88s ] thds: 32 tps: 2385.51 qps: 70194.86 (r/w/o: 32382.89/33039.95/4772.01) lat (ms,95%): 35.59 err/s: 0.00 reconn/s: 0.00
[ 90s ] thds: 32 tps: 528.95 qps: 16321.88 (r/w/o: 7523.26/7740.73/1057.90) lat (ms,95%): 158.63 err/s: 0.00 reconn/s: 0.00
[ 92s ] thds: 32 tps: 616.06 qps: 17440.63 (r/w/o: 8033.25/8175.26/1232.12) lat (ms,95%): 132.49 err/s: 0.00 reconn/s: 0.00
[ 94s ] thds: 32 tps: 1236.20 qps: 36118.15 (r/w/o: 16632.42/17013.33/2472.39) lat (ms,95%): 87.56 err/s: 0.00 reconn/s: 0.00
[ 96s ] thds: 32 tps: 1804.78 qps: 52165.14 (r/w/o: 24008.75/24546.83/3609.56) lat (ms,95%): 66.84 err/s: 0.00 reconn/s: 0.00
[ 98s ] thds: 32 tps: 1418.96 qps: 41140.40 (r/w/o: 18955.09/19347.39/2837.92) lat (ms,95%): 82.96 err/s: 0.00 reconn/s: 0.00
[ 100s ] thds: 32 tps: 1860.01 qps: 54206.40 (r/w/o: 24961.15/25525.22/3720.03) lat (ms,95%): 66.84 err/s: 0.00 reconn/s: 0.00
[ 102s ] thds: 32 tps: 689.44 qps: 19447.79 (r/w/o: 8936.21/9132.70/1378.88) lat (ms,95%): 125.52 err/s: 0.00 reconn/s: 0.00
[ 104s ] thds: 32 tps: 513.63 qps: 14247.59 (r/w/o: 6542.16/6678.67/1026.76) lat (ms,95%): 193.38 err/s: 0.00 reconn/s: 0.00
[ 106s ] thds: 32 tps: 671.08 qps: 19627.95 (r/w/o: 9008.73/9276.57/1342.65) lat (ms,95%): 139.85 err/s: 0.00 reconn/s: 0.00
[ 108s ] thds: 32 tps: 466.24 qps: 13874.20 (r/w/o: 6363.00/6578.73/932.47) lat (ms,95%): 179.94 err/s: 0.00 reconn/s: 0.00
[ 110s ] thds: 32 tps: 556.48 qps: 15795.04 (r/w/o: 7228.29/7453.78/1112.97) lat (ms,95%): 139.85 err/s: 0.00 reconn/s: 0.00
[ 112s ] thds: 32 tps: 517.83 qps: 15069.60 (r/w/o: 6949.06/7084.88/1035.67) lat (ms,95%): 137.35 err/s: 0.00 reconn/s: 0.00
[ 114s ] thds: 32 tps: 610.77 qps: 17191.43 (r/w/o: 7909.40/8061.48/1220.55) lat (ms,95%): 142.39 err/s: 0.00 reconn/s: 0.00
[ 116s ] thds: 32 tps: 498.94 qps: 14488.94 (r/w/o: 6682.85/6807.71/998.38) lat (ms,95%): 150.29 err/s: 0.00 reconn/s: 0.00
[ 118s ] thds: 32 tps: 641.00 qps: 18511.33 (r/w/o: 8538.17/8690.65/1282.51) lat (ms,95%): 158.63 err/s: 0.00 reconn/s: 0.00
[ 120s ] thds: 32 tps: 3118.02 qps: 91125.72 (r/w/o: 41999.83/42889.84/6236.05) lat (ms,95%): 23.95 err/s: 0.00 reconn/s: 0.00
[ 122s ] thds: 32 tps: 572.02 qps: 15983.00 (r/w/o: 7343.73/7495.23/1144.04) lat (ms,95%): 139.85 err/s: 0.00 reconn/s: 0.00
[ 124s ] thds: 32 tps: 475.13 qps: 13328.03 (r/w/o: 6108.87/6268.90/950.27) lat (ms,95%): 189.93 err/s: 0.00 reconn/s: 0.00
[ 126s ] thds: 32 tps: 681.88 qps: 19183.59 (r/w/o: 8819.28/9001.55/1362.76) lat (ms,95%): 134.90 err/s: 0.00 reconn/s: 0.00
[ 128s ] thds: 32 tps: 455.13 qps: 13274.95 (r/w/o: 6109.67/6254.53/910.76) lat (ms,95%): 164.45 err/s: 0.00 reconn/s: 0.00
[ 130s ] thds: 32 tps: 1221.00 qps: 35879.75 (r/w/o: 16502.09/16935.15/2442.51) lat (ms,95%): 106.75 err/s: 0.00 reconn/s: 0.00
[ 132s ] thds: 32 tps: 473.22 qps: 13074.20 (r/w/o: 6004.29/6123.47/946.44) lat (ms,95%): 153.02 err/s: 0.00 reconn/s: 0.00
[ 134s ] thds: 32 tps: 467.71 qps: 13062.44 (r/w/o: 6011.73/6115.78/934.93) lat (ms,95%): 150.29 err/s: 0.00 reconn/s: 0.00
[ 136s ] thds: 32 tps: 626.39 qps: 18541.26 (r/w/o: 8534.49/8753.48/1253.29) lat (ms,95%): 164.45 err/s: 0.00 reconn/s: 0.00
[ 138s ] thds: 32 tps: 665.37 qps: 18687.21 (r/w/o: 8570.26/8786.22/1330.73) lat (ms,95%): 137.35 err/s: 0.00 reconn/s: 0.00
[ 140s ] thds: 32 tps: 520.82 qps: 15093.34 (r/w/o: 6917.35/7134.35/1041.64) lat (ms,95%): 155.80 err/s: 0.00 reconn/s: 0.00
[ 142s ] thds: 32 tps: 591.31 qps: 16596.28 (r/w/o: 7617.03/7796.62/1182.63) lat (ms,95%): 121.08 err/s: 0.00 reconn/s: 0.00
[ 144s ] thds: 32 tps: 732.59 qps: 21615.40 (r/w/o: 9988.77/10161.94/1464.68) lat (ms,95%): 139.85 err/s: 0.00 reconn/s: 0.00
[ 146s ] thds: 32 tps: 2749.14 qps: 79871.13 (r/w/o: 36773.83/37598.52/5498.78) lat (ms,95%): 27.17 err/s: 0.00 reconn/s: 0.00
[ 148s ] thds: 32 tps: 709.00 qps: 20453.53 (r/w/o: 9410.22/9625.81/1417.51) lat (ms,95%): 132.49 err/s: 0.00 reconn/s: 0.00
[ 150s ] thds: 32 tps: 1709.71 qps: 50297.46 (r/w/o: 23142.53/23734.52/3420.41) lat (ms,95%): 78.60 err/s: 0.00 reconn/s: 0.00
[ 152s ] thds: 32 tps: 1003.92 qps: 28484.93 (r/w/o: 13120.72/13356.87/2007.34) lat (ms,95%): 106.75 err/s: 0.00 reconn/s: 0.00
[ 154s ] thds: 32 tps: 2813.93 qps: 81016.00 (r/w/o: 37267.56/38121.58/5626.86) lat (ms,95%): 26.68 err/s: 0.00 reconn/s: 0.00
[ 156s ] thds: 32 tps: 561.31 qps: 16706.99 (r/w/o: 7697.05/7886.32/1123.62) lat (ms,95%): 155.80 err/s: 0.00 reconn/s: 0.00
[ 158s ] thds: 32 tps: 582.95 qps: 15961.59 (r/w/o: 7321.85/7473.84/1165.90) lat (ms,95%): 144.97 err/s: 0.00 reconn/s: 0.00
[ 160s ] thds: 32 tps: 607.60 qps: 17550.96 (r/w/o: 8069.53/8266.22/1215.21) lat (ms,95%): 130.13 err/s: 0.00 reconn/s: 0.00
[ 162s ] thds: 32 tps: 1782.10 qps: 51959.42 (r/w/o: 23951.03/24444.19/3564.19) lat (ms,95%): 80.03 err/s: 0.00 reconn/s: 0.00
[ 164s ] thds: 32 tps: 2972.07 qps: 86511.92 (r/w/o: 39861.88/40705.90/5944.13) lat (ms,95%): 24.83 err/s: 0.00 reconn/s: 0.00
[ 166s ] thds: 32 tps: 2712.56 qps: 78904.72 (r/w/o: 36331.57/37148.02/5425.13) lat (ms,95%): 27.66 err/s: 0.00 reconn/s: 0.00
[ 168s ] thds: 32 tps: 870.17 qps: 25072.54 (r/w/o: 11522.67/11810.04/1739.83) lat (ms,95%): 125.52 err/s: 0.00 reconn/s: 0.00
[ 170s ] thds: 32 tps: 546.65 qps: 15686.37 (r/w/o: 7227.01/7365.55/1093.80) lat (ms,95%): 147.61 err/s: 0.00 reconn/s: 0.00
[ 172s ] thds: 32 tps: 775.78 qps: 22782.21 (r/w/o: 10515.91/10715.24/1551.07) lat (ms,95%): 121.08 err/s: 0.00 reconn/s: 0.00
[ 174s ] thds: 32 tps: 787.26 qps: 22112.59 (r/w/o: 10130.18/10407.39/1575.02) lat (ms,95%): 142.39 err/s: 0.00 reconn/s: 0.00
[ 176s ] thds: 32 tps: 580.64 qps: 16510.22 (r/w/o: 7585.37/7764.07/1160.78) lat (ms,95%): 155.80 err/s: 0.00 reconn/s: 0.00
[ 178s ] thds: 32 tps: 457.72 qps: 13862.82 (r/w/o: 6377.54/6569.34/915.94) lat (ms,95%): 200.47 err/s: 0.00 reconn/s: 0.00
[ 180s ] thds: 32 tps: 516.29 qps: 15463.64 (r/w/o: 7149.69/7281.88/1032.07) lat (ms,95%): 150.29 err/s: 0.00 reconn/s: 0.00
[ 182s ] thds: 32 tps: 521.39 qps: 15121.77 (r/w/o: 6954.52/7123.98/1043.28) lat (ms,95%): 142.39 err/s: 0.00 reconn/s: 0.00
[ 184s ] thds: 32 tps: 732.07 qps: 22002.58 (r/w/o: 10135.55/10403.39/1463.64) lat (ms,95%): 147.61 err/s: 0.00 reconn/s: 0.00
[ 186s ] thds: 32 tps: 460.68 qps: 13828.83 (r/w/o: 6371.37/6535.61/921.86) lat (ms,95%): 167.44 err/s: 0.00 reconn/s: 0.00
[ 188s ] thds: 32 tps: 486.76 qps: 13993.00 (r/w/o: 6454.46/6565.02/973.52) lat (ms,95%): 144.97 err/s: 0.00 reconn/s: 0.00
[ 190s ] thds: 32 tps: 536.20 qps: 15070.74 (r/w/o: 6932.14/7066.69/1071.91) lat (ms,95%): 139.85 err/s: 0.00 reconn/s: 0.00
[ 192s ] thds: 32 tps: 1517.85 qps: 43028.86 (r/w/o: 19808.66/20184.00/3036.21) lat (ms,95%): 92.42 err/s: 0.00 reconn/s: 0.00
[ 194s ] thds: 32 tps: 1605.40 qps: 46979.01 (r/w/o: 21641.48/22126.72/3210.81) lat (ms,95%): 82.96 err/s: 0.00 reconn/s: 0.00
[ 196s ] thds: 32 tps: 418.24 qps: 11828.75 (r/w/o: 5443.16/5549.10/836.48) lat (ms,95%): 179.94 err/s: 0.00 reconn/s: 0.00
[ 198s ] thds: 32 tps: 489.19 qps: 14800.26 (r/w/o: 6798.55/7023.33/978.39) lat (ms,95%): 155.80 err/s: 0.00 reconn/s: 0.00
[ 200s ] thds: 32 tps: 577.11 qps: 16598.39 (r/w/o: 7677.45/7766.73/1154.21) lat (ms,95%): 132.49 err/s: 0.00 reconn/s: 0.00
[ 202s ] thds: 32 tps: 581.90 qps: 16861.20 (r/w/o: 7756.55/7940.84/1163.81) lat (ms,95%): 127.81 err/s: 0.00 reconn/s: 0.00
[ 204s ] thds: 32 tps: 467.78 qps: 13399.29 (r/w/o: 6167.26/6296.97/935.06) lat (ms,95%): 170.48 err/s: 0.00 reconn/s: 0.00
[ 206s ] thds: 32 tps: 411.50 qps: 11571.32 (r/w/o: 5317.48/5430.85/822.99) lat (ms,95%): 193.38 err/s: 0.00 reconn/s: 0.00
[ 208s ] thds: 32 tps: 1357.30 qps: 39227.91 (r/w/o: 18109.16/18403.66/2715.10) lat (ms,95%): 104.84 err/s: 0.00 reconn/s: 0.00
[ 210s ] thds: 32 tps: 764.09 qps: 21906.44 (r/w/o: 10087.02/10291.24/1528.17) lat (ms,95%): 121.08 err/s: 0.00 reconn/s: 0.00
[ 212s ] thds: 32 tps: 457.83 qps: 13788.04 (r/w/o: 6357.96/6514.92/915.16) lat (ms,95%): 170.48 err/s: 0.00 reconn/s: 0.00
[ 214s ] thds: 32 tps: 2677.81 qps: 77669.50 (r/w/o: 35714.81/36598.57/5356.12) lat (ms,95%): 28.16 err/s: 0.00 reconn/s: 0.00
[ 216s ] thds: 32 tps: 875.98 qps: 25620.40 (r/w/o: 11775.22/12093.22/1751.96) lat (ms,95%): 121.08 err/s: 0.00 reconn/s: 0.00
[ 218s ] thds: 32 tps: 465.72 qps: 13069.51 (r/w/o: 5997.56/6140.51/931.44) lat (ms,95%): 167.44 err/s: 0.00 reconn/s: 0.00
[ 220s ] thds: 32 tps: 505.61 qps: 15014.23 (r/w/o: 6936.99/7067.02/1010.22) lat (ms,95%): 137.35 err/s: 0.00 reconn/s: 0.00
[ 222s ] thds: 32 tps: 494.40 qps: 14115.43 (r/w/o: 6480.83/6645.80/988.80) lat (ms,95%): 153.02 err/s: 0.00 reconn/s: 0.00
[ 224s ] thds: 32 tps: 464.13 qps: 12626.82 (r/w/o: 5801.43/5896.13/929.25) lat (ms,95%): 158.63 err/s: 0.00 reconn/s: 0.00
[ 226s ] thds: 32 tps: 403.64 qps: 12056.67 (r/w/o: 5516.08/5733.81/806.78) lat (ms,95%): 193.38 err/s: 0.00 reconn/s: 0.00
[ 228s ] thds: 32 tps: 452.99 qps: 12516.18 (r/w/o: 5741.81/5867.89/906.47) lat (ms,95%): 173.58 err/s: 0.00 reconn/s: 0.00
[ 230s ] thds: 32 tps: 487.38 qps: 14143.54 (r/w/o: 6524.09/6646.19/973.26) lat (ms,95%): 150.29 err/s: 0.00 reconn/s: 0.00
[ 232s ] thds: 32 tps: 474.41 qps: 14225.82 (r/w/o: 6552.81/6722.68/950.33) lat (ms,95%): 158.63 err/s: 0.00 reconn/s: 0.00
[ 234s ] thds: 32 tps: 466.18 qps: 13424.13 (r/w/o: 6172.03/6319.74/932.36) lat (ms,95%): 167.44 err/s: 0.00 reconn/s: 0.00
[ 236s ] thds: 32 tps: 479.60 qps: 14833.16 (r/w/o: 6857.80/7016.67/958.70) lat (ms,95%): 167.44 err/s: 0.00 reconn/s: 0.00
[ 238s ] thds: 32 tps: 1235.00 qps: 36140.33 (r/w/o: 16691.06/16978.76/2470.50) lat (ms,95%): 102.97 err/s: 0.00 reconn/s: 0.00
[ 240s ] thds: 32 tps: 571.64 qps: 17483.08 (r/w/o: 8061.47/8278.83/1142.79) lat (ms,95%): 137.35 err/s: 0.00 reconn/s: 0.00
[ 242s ] thds: 32 tps: 608.20 qps: 17816.49 (r/w/o: 8217.76/8381.82/1216.91) lat (ms,95%): 132.49 err/s: 0.00 reconn/s: 0.00
[ 244s ] thds: 32 tps: 582.31 qps: 16818.65 (r/w/o: 7750.81/7903.23/1164.61) lat (ms,95%): 144.97 err/s: 0.00 reconn/s: 0.00
[ 246s ] thds: 32 tps: 2632.49 qps: 77258.03 (r/w/o: 35656.28/36336.78/5264.98) lat (ms,95%): 28.67 err/s: 0.00 reconn/s: 0.00
[ 248s ] thds: 32 tps: 998.52 qps: 29203.25 (r/w/o: 13451.31/13754.90/1997.03) lat (ms,95%): 106.75 err/s: 0.00 reconn/s: 0.00
[ 250s ] thds: 32 tps: 571.21 qps: 16790.89 (r/w/o: 7752.14/7896.32/1142.42) lat (ms,95%): 134.90 err/s: 0.00 reconn/s: 0.00
[ 252s ] thds: 32 tps: 599.57 qps: 17606.35 (r/w/o: 8105.68/8301.53/1199.14) lat (ms,95%): 123.28 err/s: 0.00 reconn/s: 0.00
[ 254s ] thds: 32 tps: 576.16 qps: 16986.74 (r/w/o: 7824.83/8009.60/1152.32) lat (ms,95%): 161.51 err/s: 0.00 reconn/s: 0.00
[ 256s ] thds: 32 tps: 1665.21 qps: 48323.39 (r/w/o: 22227.50/22765.46/3330.43) lat (ms,95%): 75.82 err/s: 0.00 reconn/s: 0.00
[ 258s ] thds: 32 tps: 1737.69 qps: 50698.39 (r/w/o: 23332.50/23890.51/3475.38) lat (ms,95%): 73.13 err/s: 0.00 reconn/s: 0.00
[ 260s ] thds: 32 tps: 1935.91 qps: 55719.66 (r/w/o: 25595.03/26252.81/3871.82) lat (ms,95%): 52.89 err/s: 0.00 reconn/s: 0.00
[ 262s ] thds: 32 tps: 1811.46 qps: 51963.25 (r/w/o: 23864.93/24475.41/3622.91) lat (ms,95%): 65.65 err/s: 0.00 reconn/s: 0.00
[ 264s ] thds: 32 tps: 577.12 qps: 16760.95 (r/w/o: 7728.46/7878.25/1154.23) lat (ms,95%): 153.02 err/s: 0.00 reconn/s: 0.00
[ 266s ] thds: 32 tps: 634.90 qps: 18501.26 (r/w/o: 8528.59/8702.87/1269.80) lat (ms,95%): 127.81 err/s: 0.00 reconn/s: 0.00
[ 268s ] thds: 32 tps: 1688.62 qps: 49868.95 (r/w/o: 22913.81/23577.91/3377.24) lat (ms,95%): 74.46 err/s: 0.00 reconn/s: 0.00
[ 270s ] thds: 32 tps: 2631.31 qps: 76832.42 (r/w/o: 35405.43/36164.87/5262.12) lat (ms,95%): 28.67 err/s: 0.00 reconn/s: 0.00
[ 272s ] thds: 32 tps: 1602.33 qps: 46884.93 (r/w/o: 21596.09/22084.17/3204.67) lat (ms,95%): 84.47 err/s: 0.00 reconn/s: 0.00
[ 274s ] thds: 32 tps: 1485.58 qps: 44168.78 (r/w/o: 20359.82/20837.79/2971.17) lat (ms,95%): 97.55 err/s: 0.00 reconn/s: 0.00
[ 276s ] thds: 32 tps: 3008.30 qps: 87704.57 (r/w/o: 40395.77/41291.71/6017.09) lat (ms,95%): 23.95 err/s: 0.00 reconn/s: 0.00
[ 278s ] thds: 32 tps: 2541.71 qps: 73794.19 (r/w/o: 33921.85/34788.92/5083.43) lat (ms,95%): 30.26 err/s: 0.00 reconn/s: 0.00
[ 280s ] thds: 32 tps: 1588.15 qps: 46157.24 (r/w/o: 21232.78/21748.17/3176.29) lat (ms,95%): 73.13 err/s: 0.00 reconn/s: 0.00
[ 282s ] thds: 32 tps: 590.85 qps: 16574.83 (r/w/o: 7617.71/7775.41/1181.71) lat (ms,95%): 167.44 err/s: 0.00 reconn/s: 0.00
[ 284s ] thds: 32 tps: 605.21 qps: 17975.06 (r/w/o: 8288.71/8475.93/1210.42) lat (ms,95%): 142.39 err/s: 0.00 reconn/s: 0.00
[ 286s ] thds: 32 tps: 1770.30 qps: 52493.21 (r/w/o: 24163.00/24790.12/3540.09) lat (ms,95%): 71.83 err/s: 0.00 reconn/s: 0.00
[ 288s ] thds: 32 tps: 1356.06 qps: 38767.12 (r/w/o: 17815.72/18238.77/2712.63) lat (ms,95%): 92.42 err/s: 0.00 reconn/s: 0.00
[ 290s ] thds: 32 tps: 648.85 qps: 18405.42 (r/w/o: 8470.51/8637.21/1297.70) lat (ms,95%): 132.49 err/s: 0.00 reconn/s: 0.00
[ 292s ] thds: 32 tps: 680.78 qps: 19796.08 (r/w/o: 9114.19/9320.33/1361.56) lat (ms,95%): 112.67 err/s: 0.00 reconn/s: 0.00
[ 294s ] thds: 32 tps: 2786.25 qps: 81522.26 (r/w/o: 37540.36/38409.90/5572.00) lat (ms,95%): 27.17 err/s: 0.00 reconn/s: 0.00
[ 296s ] thds: 32 tps: 1990.14 qps: 56644.61 (r/w/o: 26004.79/26659.04/3980.78) lat (ms,95%): 53.85 err/s: 0.00 reconn/s: 0.00
[ 298s ] thds: 32 tps: 1955.63 qps: 56409.53 (r/w/o: 25913.74/26584.53/3911.26) lat (ms,95%): 61.08 err/s: 0.00 reconn/s: 0.00
[ 300s ] thds: 32 tps: 566.35 qps: 16324.84 (r/w/o: 7486.14/7706.50/1132.19) lat (ms,95%): 144.97 err/s: 0.00 reconn/s: 0.00
SQL statistics:
    queries performed:
        read:                            4531881
        write:                           4635102
        other:                           678418
        total:                           9845401
    transactions:                        339177 (1130.24 per sec.)
    queries:                             9845401 (32807.88 per sec.)
    ignored errors:                      0      (0.00 per sec.)
    reconnects:                          0      (0.00 per sec.)

Throughput:
    events/s (eps):                      1130.2412
    time elapsed:                        300.0926s
    total number of events:              339177

Latency (ms):
         min:                                    0.26
         avg:                                   28.30
         max:                                  654.29
         95th percentile:                      104.84
         sum:                              9599635.35

Threads fairness:
    events (avg/stddev):           10599.2812/58.23
    execution time (avg/stddev):   299.9886/0.03

sysbench 1.1.0 (using bundled LuaJIT 2.1.0-beta3)

Running the test with following options:
Number of threads: 64
Report intermediate results every 2 second(s)
Initializing random number generator from current time


Initializing worker threads...

** Using FOR UPDATE : 1
** FORCE_PRIMARY : 0
** FORCE_NULL : 0
=> Using SESSION ops: 
Threads started!

[ 2s ] thds: 64 tps: 2457.06 qps: 72115.84 (r/w/o: 33205.76/33900.00/5010.08) lat (ms,95%): 82.96 err/s: 0.00 reconn/s: 0.00
[ 4s ] thds: 64 tps: 2703.15 qps: 79563.88 (r/w/o: 36613.52/37544.07/5406.30) lat (ms,95%): 71.83 err/s: 0.00 reconn/s: 0.00
[ 6s ] thds: 64 tps: 1742.63 qps: 50804.82 (r/w/o: 23383.76/23935.80/3485.26) lat (ms,95%): 118.92 err/s: 0.00 reconn/s: 0.00
[ 8s ] thds: 64 tps: 646.99 qps: 18985.64 (r/w/o: 8731.84/8959.83/1293.98) lat (ms,95%): 337.94 err/s: 0.00 reconn/s: 0.00
[ 10s ] thds: 64 tps: 814.94 qps: 23148.37 (r/w/o: 10645.25/10873.23/1629.89) lat (ms,95%): 253.35 err/s: 0.00 reconn/s: 0.00
[ 12s ] thds: 64 tps: 2262.55 qps: 65157.88 (r/w/o: 29998.63/30634.15/4525.10) lat (ms,95%): 108.68 err/s: 0.00 reconn/s: 0.00
[ 14s ] thds: 64 tps: 2061.39 qps: 59919.83 (r/w/o: 27562.54/28235.50/4121.78) lat (ms,95%): 108.68 err/s: 0.00 reconn/s: 0.00
[ 16s ] thds: 64 tps: 1771.83 qps: 51608.57 (r/w/o: 23825.33/24238.59/3544.65) lat (ms,95%): 125.52 err/s: 0.00 reconn/s: 0.00
[ 18s ] thds: 64 tps: 537.46 qps: 16578.53 (r/w/o: 7610.06/7893.56/1074.91) lat (ms,95%): 337.94 err/s: 0.00 reconn/s: 0.00
[ 20s ] thds: 64 tps: 708.88 qps: 21223.52 (r/w/o: 9783.74/10022.02/1417.76) lat (ms,95%): 314.45 err/s: 0.00 reconn/s: 0.00
[ 22s ] thds: 64 tps: 1267.85 qps: 37029.33 (r/w/o: 17039.69/17453.95/2535.69) lat (ms,95%): 200.47 err/s: 0.00 reconn/s: 0.00
[ 24s ] thds: 64 tps: 2039.48 qps: 59240.81 (r/w/o: 27297.18/27864.68/4078.95) lat (ms,95%): 112.67 err/s: 0.00 reconn/s: 0.00
[ 26s ] thds: 64 tps: 2230.01 qps: 64246.85 (r/w/o: 29555.16/30231.66/4460.02) lat (ms,95%): 102.97 err/s: 0.00 reconn/s: 0.00
[ 28s ] thds: 64 tps: 2585.08 qps: 74110.66 (r/w/o: 34128.49/34813.01/5169.15) lat (ms,95%): 80.03 err/s: 0.00 reconn/s: 0.00
[ 30s ] thds: 64 tps: 2589.16 qps: 74687.87 (r/w/o: 34357.40/35151.14/5179.33) lat (ms,95%): 77.19 err/s: 0.00 reconn/s: 0.00
[ 32s ] thds: 64 tps: 682.40 qps: 19512.03 (r/w/o: 8988.01/9159.23/1364.80) lat (ms,95%): 350.33 err/s: 0.00 reconn/s: 0.00
[ 34s ] thds: 64 tps: 776.58 qps: 22195.81 (r/w/o: 10211.67/10430.98/1553.16) lat (ms,95%): 314.45 err/s: 0.00 reconn/s: 0.00
[ 36s ] thds: 64 tps: 735.65 qps: 21423.72 (r/w/o: 9870.94/10081.49/1471.30) lat (ms,95%): 282.25 err/s: 0.00 reconn/s: 0.00
[ 38s ] thds: 64 tps: 640.03 qps: 18564.98 (r/w/o: 8539.95/8744.96/1280.07) lat (ms,95%): 292.60 err/s: 0.00 reconn/s: 0.00
[ 40s ] thds: 64 tps: 952.01 qps: 27002.66 (r/w/o: 12423.07/12675.58/1904.01) lat (ms,95%): 248.83 err/s: 0.00 reconn/s: 0.00
[ 42s ] thds: 64 tps: 1006.84 qps: 28467.85 (r/w/o: 13086.39/13367.79/2013.67) lat (ms,95%): 248.83 err/s: 0.00 reconn/s: 0.00
[ 44s ] thds: 64 tps: 697.47 qps: 20749.70 (r/w/o: 9577.17/9777.59/1394.94) lat (ms,95%): 308.84 err/s: 0.00 reconn/s: 0.00
[ 46s ] thds: 64 tps: 820.06 qps: 23440.20 (r/w/o: 10758.78/11041.30/1640.12) lat (ms,95%): 272.27 err/s: 0.00 reconn/s: 0.00
[ 48s ] thds: 64 tps: 603.38 qps: 18007.12 (r/w/o: 8314.51/8486.34/1206.27) lat (ms,95%): 320.17 err/s: 0.00 reconn/s: 0.00
[ 50s ] thds: 64 tps: 892.42 qps: 25659.31 (r/w/o: 11763.06/12110.92/1785.33) lat (ms,95%): 331.91 err/s: 0.00 reconn/s: 0.00
[ 52s ] thds: 64 tps: 1806.01 qps: 53199.68 (r/w/o: 24545.08/25042.59/3612.01) lat (ms,95%): 139.85 err/s: 0.00 reconn/s: 0.00
[ 54s ] thds: 64 tps: 593.66 qps: 17007.55 (r/w/o: 7857.73/7962.50/1187.32) lat (ms,95%): 331.91 err/s: 0.00 reconn/s: 0.00
[ 56s ] thds: 64 tps: 615.72 qps: 17633.95 (r/w/o: 8097.05/8305.46/1231.44) lat (ms,95%): 475.79 err/s: 0.00 reconn/s: 0.00
[ 58s ] thds: 64 tps: 654.66 qps: 19337.16 (r/w/o: 8889.14/9138.70/1309.32) lat (ms,95%): 297.92 err/s: 0.00 reconn/s: 0.00
[ 60s ] thds: 64 tps: 583.02 qps: 16161.54 (r/w/o: 7412.75/7582.75/1166.04) lat (ms,95%): 383.33 err/s: 0.00 reconn/s: 0.00
[ 62s ] thds: 64 tps: 2930.49 qps: 86017.34 (r/w/o: 39573.92/40582.92/5860.49) lat (ms,95%): 64.47 err/s: 0.00 reconn/s: 0.00
[ 64s ] thds: 64 tps: 1335.12 qps: 39388.11 (r/w/o: 18090.01/18627.35/2670.74) lat (ms,95%): 193.38 err/s: 0.00 reconn/s: 0.00
[ 66s ] thds: 64 tps: 625.88 qps: 18640.47 (r/w/o: 8596.89/8791.82/1251.75) lat (ms,95%): 350.33 err/s: 0.00 reconn/s: 0.00
[ 68s ] thds: 64 tps: 632.01 qps: 18342.38 (r/w/o: 8441.18/8637.18/1264.03) lat (ms,95%): 262.64 err/s: 0.00 reconn/s: 0.00
[ 70s ] thds: 64 tps: 2819.15 qps: 81190.80 (r/w/o: 37360.81/38192.20/5637.79) lat (ms,95%): 77.19 err/s: 0.00 reconn/s: 0.00
[ 72s ] thds: 64 tps: 1663.54 qps: 47688.17 (r/w/o: 21958.54/22402.55/3327.08) lat (ms,95%): 132.49 err/s: 0.00 reconn/s: 0.00
[ 74s ] thds: 64 tps: 2824.09 qps: 81679.01 (r/w/o: 37540.65/38489.68/5648.67) lat (ms,95%): 70.55 err/s: 0.00 reconn/s: 0.00
[ 76s ] thds: 64 tps: 1713.03 qps: 51006.78 (r/w/o: 23494.36/24086.85/3425.56) lat (ms,95%): 121.08 err/s: 0.00 reconn/s: 0.00
[ 78s ] thds: 64 tps: 625.05 qps: 18221.14 (r/w/o: 8397.44/8573.10/1250.61) lat (ms,95%): 356.70 err/s: 0.00 reconn/s: 0.00
[ 80s ] thds: 64 tps: 619.91 qps: 17772.66 (r/w/o: 8161.36/8371.48/1239.81) lat (ms,95%): 308.84 err/s: 0.00 reconn/s: 0.00
[ 82s ] thds: 64 tps: 1853.21 qps: 54016.32 (r/w/o: 24839.38/25470.51/3706.43) lat (ms,95%): 132.49 err/s: 0.00 reconn/s: 0.00
[ 84s ] thds: 64 tps: 2170.19 qps: 62881.71 (r/w/o: 28931.07/29610.25/4340.38) lat (ms,95%): 89.16 err/s: 0.00 reconn/s: 0.00
[ 86s ] thds: 64 tps: 875.76 qps: 25034.96 (r/w/o: 11531.50/11751.94/1751.52) lat (ms,95%): 257.95 err/s: 0.00 reconn/s: 0.00
[ 88s ] thds: 64 tps: 771.54 qps: 23012.63 (r/w/o: 10636.76/10832.78/1543.09) lat (ms,95%): 292.60 err/s: 0.00 reconn/s: 0.00
[ 90s ] thds: 64 tps: 1546.44 qps: 44106.72 (r/w/o: 20271.68/20743.16/3091.88) lat (ms,95%): 132.49 err/s: 0.00 reconn/s: 0.00
[ 92s ] thds: 64 tps: 532.38 qps: 15803.86 (r/w/o: 7288.22/7449.88/1065.77) lat (ms,95%): 331.91 err/s: 0.00 reconn/s: 0.00
[ 94s ] thds: 64 tps: 584.93 qps: 16656.98 (r/w/o: 7657.07/7830.05/1169.86) lat (ms,95%): 344.08 err/s: 0.00 reconn/s: 0.00
[ 96s ] thds: 64 tps: 552.07 qps: 16441.54 (r/w/o: 7596.37/7741.02/1104.14) lat (ms,95%): 442.73 err/s: 0.00 reconn/s: 0.00
[ 98s ] thds: 64 tps: 650.28 qps: 19430.23 (r/w/o: 8966.22/9163.96/1300.05) lat (ms,95%): 369.77 err/s: 0.00 reconn/s: 0.00
[ 100s ] thds: 64 tps: 828.06 qps: 23989.10 (r/w/o: 11045.24/11287.25/1656.61) lat (ms,95%): 240.02 err/s: 0.00 reconn/s: 0.00
[ 102s ] thds: 64 tps: 508.94 qps: 14648.13 (r/w/o: 6750.14/6880.62/1017.37) lat (ms,95%): 520.62 err/s: 0.00 reconn/s: 0.00
[ 104s ] thds: 64 tps: 582.22 qps: 17053.17 (r/w/o: 7866.16/8022.08/1164.93) lat (ms,95%): 404.61 err/s: 0.00 reconn/s: 0.00
[ 106s ] thds: 64 tps: 514.12 qps: 14825.10 (r/w/o: 6834.73/6962.14/1028.23) lat (ms,95%): 383.33 err/s: 0.00 reconn/s: 0.00
[ 108s ] thds: 64 tps: 1117.64 qps: 32143.70 (r/w/o: 14797.28/15112.14/2234.28) lat (ms,95%): 253.35 err/s: 0.00 reconn/s: 0.00
[ 110s ] thds: 64 tps: 1777.54 qps: 52571.31 (r/w/o: 24191.10/24825.12/3555.09) lat (ms,95%): 130.13 err/s: 0.00 reconn/s: 0.00
[ 112s ] thds: 64 tps: 729.96 qps: 21720.37 (r/w/o: 10016.48/10242.97/1460.92) lat (ms,95%): 303.33 err/s: 0.00 reconn/s: 0.00
[ 114s ] thds: 64 tps: 565.98 qps: 15869.90 (r/w/o: 7287.22/7450.72/1131.96) lat (ms,95%): 369.77 err/s: 0.00 reconn/s: 0.00
[ 116s ] thds: 64 tps: 698.76 qps: 20193.28 (r/w/o: 9291.87/9504.39/1397.02) lat (ms,95%): 303.33 err/s: 0.00 reconn/s: 0.00
[ 118s ] thds: 64 tps: 2783.61 qps: 81126.62 (r/w/o: 37370.92/38187.98/5567.71) lat (ms,95%): 68.05 err/s: 0.00 reconn/s: 0.00
[ 120s ] thds: 64 tps: 748.56 qps: 21576.79 (r/w/o: 9922.21/10157.45/1497.13) lat (ms,95%): 297.92 err/s: 0.00 reconn/s: 0.00
[ 122s ] thds: 64 tps: 715.95 qps: 20378.32 (r/w/o: 9379.13/9567.28/1431.91) lat (ms,95%): 376.49 err/s: 0.00 reconn/s: 0.00
[ 124s ] thds: 64 tps: 587.42 qps: 17254.61 (r/w/o: 7968.89/8111.37/1174.34) lat (ms,95%): 314.45 err/s: 0.00 reconn/s: 0.00
[ 126s ] thds: 64 tps: 670.19 qps: 19130.47 (r/w/o: 8835.02/8954.56/1340.88) lat (ms,95%): 363.18 err/s: 0.00 reconn/s: 0.00
[ 128s ] thds: 64 tps: 688.56 qps: 19451.09 (r/w/o: 8950.23/9123.75/1377.11) lat (ms,95%): 262.64 err/s: 0.00 reconn/s: 0.00
[ 130s ] thds: 64 tps: 573.56 qps: 17007.71 (r/w/o: 7819.79/8040.81/1147.12) lat (ms,95%): 356.70 err/s: 0.00 reconn/s: 0.00
[ 132s ] thds: 64 tps: 754.19 qps: 21311.02 (r/w/o: 9804.98/9997.65/1508.38) lat (ms,95%): 292.60 err/s: 0.00 reconn/s: 0.00
[ 134s ] thds: 64 tps: 546.08 qps: 15222.23 (r/w/o: 7003.64/7126.43/1092.15) lat (ms,95%): 325.98 err/s: 0.00 reconn/s: 0.00
[ 136s ] thds: 64 tps: 526.99 qps: 15453.87 (r/w/o: 7118.62/7282.77/1052.48) lat (ms,95%): 369.77 err/s: 0.00 reconn/s: 0.00
[ 138s ] thds: 64 tps: 802.52 qps: 24052.01 (r/w/o: 11071.35/11374.62/1606.04) lat (ms,95%): 314.45 err/s: 0.00 reconn/s: 0.00
[ 140s ] thds: 64 tps: 2482.01 qps: 73352.42 (r/w/o: 33749.19/34638.70/4964.53) lat (ms,95%): 75.82 err/s: 0.00 reconn/s: 0.00
[ 142s ] thds: 64 tps: 1722.65 qps: 51457.41 (r/w/o: 23696.12/24316.50/3444.79) lat (ms,95%): 127.81 err/s: 0.00 reconn/s: 0.00
[ 144s ] thds: 64 tps: 582.87 qps: 17089.16 (r/w/o: 7858.77/8066.15/1164.24) lat (ms,95%): 390.30 err/s: 0.00 reconn/s: 0.00
[ 146s ] thds: 64 tps: 551.84 qps: 16252.54 (r/w/o: 7469.17/7678.68/1104.69) lat (ms,95%): 350.33 err/s: 0.00 reconn/s: 0.00
[ 148s ] thds: 64 tps: 516.08 qps: 15057.51 (r/w/o: 6943.84/7082.00/1031.67) lat (ms,95%): 337.94 err/s: 0.00 reconn/s: 0.00
[ 150s ] thds: 64 tps: 2007.99 qps: 59198.22 (r/w/o: 27293.78/27887.96/4016.49) lat (ms,95%): 112.67 err/s: 0.00 reconn/s: 0.00
[ 152s ] thds: 64 tps: 1692.07 qps: 48670.87 (r/w/o: 22440.04/22846.19/3384.64) lat (ms,95%): 132.49 err/s: 0.00 reconn/s: 0.00
[ 154s ] thds: 64 tps: 532.44 qps: 15279.45 (r/w/o: 7026.62/7187.45/1065.38) lat (ms,95%): 419.45 err/s: 0.00 reconn/s: 0.00
[ 156s ] thds: 64 tps: 563.44 qps: 16457.17 (r/w/o: 7541.02/7789.77/1126.38) lat (ms,95%): 376.49 err/s: 0.00 reconn/s: 0.00
[ 158s ] thds: 64 tps: 637.02 qps: 19370.12 (r/w/o: 8940.29/9155.29/1274.54) lat (ms,95%): 314.45 err/s: 0.00 reconn/s: 0.00
[ 160s ] thds: 64 tps: 442.78 qps: 12909.92 (r/w/o: 5920.66/6103.69/885.57) lat (ms,95%): 434.83 err/s: 0.00 reconn/s: 0.00
[ 162s ] thds: 64 tps: 672.43 qps: 19283.93 (r/w/o: 8863.05/9076.03/1344.86) lat (ms,95%): 314.45 err/s: 0.00 reconn/s: 0.00
[ 164s ] thds: 64 tps: 825.57 qps: 24056.06 (r/w/o: 11052.95/11351.97/1651.14) lat (ms,95%): 240.02 err/s: 0.00 reconn/s: 0.00
[ 166s ] thds: 64 tps: 808.04 qps: 23645.82 (r/w/o: 10893.11/11136.62/1616.09) lat (ms,95%): 253.35 err/s: 0.00 reconn/s: 0.00
[ 168s ] thds: 64 tps: 1948.90 qps: 56062.52 (r/w/o: 25750.13/26414.60/3897.79) lat (ms,95%): 118.92 err/s: 0.00 reconn/s: 0.00
[ 170s ] thds: 64 tps: 722.00 qps: 20755.01 (r/w/o: 9576.81/9734.20/1443.99) lat (ms,95%): 272.27 err/s: 0.00 reconn/s: 0.00
[ 172s ] thds: 64 tps: 781.22 qps: 21956.13 (r/w/o: 10096.51/10297.68/1561.95) lat (ms,95%): 253.35 err/s: 0.00 reconn/s: 0.00
[ 174s ] thds: 64 tps: 476.17 qps: 13855.13 (r/w/o: 6365.02/6537.26/952.85) lat (ms,95%): 411.96 err/s: 0.00 reconn/s: 0.00
[ 176s ] thds: 64 tps: 840.82 qps: 23994.99 (r/w/o: 11065.33/11248.01/1681.65) lat (ms,95%): 292.60 err/s: 0.00 reconn/s: 0.00
[ 178s ] thds: 64 tps: 1788.89 qps: 52605.82 (r/w/o: 24214.04/24814.00/3577.78) lat (ms,95%): 121.08 err/s: 0.00 reconn/s: 0.00
[ 180s ] thds: 64 tps: 2282.53 qps: 67056.98 (r/w/o: 30900.95/31590.96/4565.07) lat (ms,95%): 106.75 err/s: 0.00 reconn/s: 0.00
[ 182s ] thds: 64 tps: 2572.06 qps: 74992.62 (r/w/o: 34500.75/35347.77/5144.11) lat (ms,95%): 82.96 err/s: 0.00 reconn/s: 0.00
[ 184s ] thds: 64 tps: 635.68 qps: 18260.18 (r/w/o: 8431.04/8557.77/1271.37) lat (ms,95%): 325.98 err/s: 0.00 reconn/s: 0.00
[ 186s ] thds: 64 tps: 607.26 qps: 17056.89 (r/w/o: 7838.76/8003.61/1214.52) lat (ms,95%): 363.18 err/s: 0.00 reconn/s: 0.00
[ 188s ] thds: 64 tps: 717.99 qps: 21421.70 (r/w/o: 9871.86/10113.86/1435.98) lat (ms,95%): 272.27 err/s: 0.00 reconn/s: 0.00
[ 190s ] thds: 64 tps: 2187.88 qps: 63783.25 (r/w/o: 29307.67/30099.83/4375.75) lat (ms,95%): 90.78 err/s: 0.00 reconn/s: 0.00
[ 192s ] thds: 64 tps: 575.80 qps: 17123.77 (r/w/o: 7891.46/8080.71/1151.59) lat (ms,95%): 411.96 err/s: 0.00 reconn/s: 0.00
[ 194s ] thds: 64 tps: 549.02 qps: 16117.12 (r/w/o: 7415.29/7604.79/1097.04) lat (ms,95%): 331.91 err/s: 0.00 reconn/s: 0.00
[ 196s ] thds: 64 tps: 634.90 qps: 18485.79 (r/w/o: 8511.49/8703.51/1270.79) lat (ms,95%): 287.38 err/s: 0.00 reconn/s: 0.00
[ 198s ] thds: 64 tps: 635.85 qps: 18510.65 (r/w/o: 8527.63/8711.80/1271.21) lat (ms,95%): 277.21 err/s: 0.00 reconn/s: 0.00
[ 200s ] thds: 64 tps: 518.53 qps: 15159.36 (r/w/o: 6976.99/7145.31/1037.05) lat (ms,95%): 411.96 err/s: 0.00 reconn/s: 0.00
[ 202s ] thds: 64 tps: 665.63 qps: 19768.67 (r/w/o: 9127.15/9310.27/1331.25) lat (ms,95%): 356.70 err/s: 0.00 reconn/s: 0.00
[ 204s ] thds: 64 tps: 575.09 qps: 16384.35 (r/w/o: 7516.21/7717.47/1150.67) lat (ms,95%): 331.91 err/s: 0.00 reconn/s: 0.00
[ 206s ] thds: 64 tps: 1145.95 qps: 33443.76 (r/w/o: 15395.50/15756.37/2291.89) lat (ms,95%): 223.34 err/s: 0.00 reconn/s: 0.00
[ 208s ] thds: 64 tps: 2638.07 qps: 75895.06 (r/w/o: 34900.03/35719.39/5275.65) lat (ms,95%): 75.82 err/s: 0.00 reconn/s: 0.00
[ 210s ] thds: 64 tps: 1736.72 qps: 49796.64 (r/w/o: 22896.12/23426.59/3473.94) lat (ms,95%): 158.63 err/s: 0.00 reconn/s: 0.00
[ 212s ] thds: 64 tps: 1193.72 qps: 35133.44 (r/w/o: 16156.36/16589.63/2387.45) lat (ms,95%): 167.44 err/s: 0.00 reconn/s: 0.00
[ 214s ] thds: 64 tps: 567.51 qps: 16094.09 (r/w/o: 7415.81/7543.76/1134.52) lat (ms,95%): 404.61 err/s: 0.00 reconn/s: 0.00
[ 216s ] thds: 64 tps: 509.00 qps: 14913.78 (r/w/o: 6871.27/7024.51/1018.00) lat (ms,95%): 356.70 err/s: 0.00 reconn/s: 0.00
[ 218s ] thds: 64 tps: 434.27 qps: 12589.18 (r/w/o: 5791.70/5928.44/869.03) lat (ms,95%): 475.79 err/s: 0.00 reconn/s: 0.00
[ 220s ] thds: 64 tps: 424.00 qps: 13075.28 (r/w/o: 6031.20/6196.59/847.50) lat (ms,95%): 520.62 err/s: 0.00 reconn/s: 0.00
[ 222s ] thds: 64 tps: 501.88 qps: 14692.49 (r/w/o: 6728.03/6961.71/1002.75) lat (ms,95%): 442.73 err/s: 0.00 reconn/s: 0.00
[ 224s ] thds: 64 tps: 906.53 qps: 25799.22 (r/w/o: 11865.83/12118.84/1814.55) lat (ms,95%): 248.83 err/s: 0.00 reconn/s: 0.00
[ 226s ] thds: 64 tps: 2129.03 qps: 61070.50 (r/w/o: 28082.57/28729.88/4258.06) lat (ms,95%): 104.84 err/s: 0.00 reconn/s: 0.00
[ 228s ] thds: 64 tps: 2760.13 qps: 80698.38 (r/w/o: 37146.29/38033.33/5518.77) lat (ms,95%): 75.82 err/s: 0.00 reconn/s: 0.00
[ 230s ] thds: 64 tps: 2754.04 qps: 79844.11 (r/w/o: 36717.51/37617.02/5509.58) lat (ms,95%): 71.83 err/s: 0.00 reconn/s: 0.00
[ 232s ] thds: 64 tps: 1476.14 qps: 43122.12 (r/w/o: 19830.32/20340.51/2951.29) lat (ms,95%): 147.61 err/s: 0.00 reconn/s: 0.00
[ 234s ] thds: 64 tps: 582.79 qps: 17140.21 (r/w/o: 7875.11/8098.53/1166.57) lat (ms,95%): 397.39 err/s: 0.00 reconn/s: 0.00
[ 236s ] thds: 64 tps: 657.49 qps: 18853.10 (r/w/o: 8677.81/8860.31/1314.97) lat (ms,95%): 350.33 err/s: 0.00 reconn/s: 0.00
[ 238s ] thds: 64 tps: 1353.03 qps: 39819.69 (r/w/o: 18362.03/18751.60/2706.06) lat (ms,95%): 176.73 err/s: 0.00 reconn/s: 0.00
[ 240s ] thds: 64 tps: 628.35 qps: 18420.55 (r/w/o: 8486.00/8677.84/1256.71) lat (ms,95%): 331.91 err/s: 0.00 reconn/s: 0.00
[ 242s ] thds: 64 tps: 692.41 qps: 19699.53 (r/w/o: 9093.79/9221.92/1383.82) lat (ms,95%): 308.84 err/s: 0.00 reconn/s: 0.00
[ 244s ] thds: 64 tps: 975.86 qps: 27597.83 (r/w/o: 12713.16/12935.97/1948.71) lat (ms,95%): 231.53 err/s: 0.00 reconn/s: 0.00
[ 246s ] thds: 64 tps: 634.45 qps: 19241.45 (r/w/o: 8866.29/9103.27/1271.90) lat (ms,95%): 308.84 err/s: 0.00 reconn/s: 0.00
[ 248s ] thds: 64 tps: 1290.77 qps: 37413.83 (r/w/o: 17231.12/17600.19/2582.53) lat (ms,95%): 183.21 err/s: 0.00 reconn/s: 0.00
[ 250s ] thds: 64 tps: 580.39 qps: 16839.40 (r/w/o: 7756.93/7921.68/1160.79) lat (ms,95%): 383.33 err/s: 0.00 reconn/s: 0.00
[ 252s ] thds: 64 tps: 637.11 qps: 18910.02 (r/w/o: 8705.31/8930.49/1274.22) lat (ms,95%): 434.83 err/s: 0.00 reconn/s: 0.00
[ 254s ] thds: 64 tps: 1526.07 qps: 44739.10 (r/w/o: 20625.58/21062.39/3051.14) lat (ms,95%): 158.63 err/s: 0.00 reconn/s: 0.00
[ 256s ] thds: 64 tps: 1608.87 qps: 46735.50 (r/w/o: 21547.30/21969.46/3218.74) lat (ms,95%): 139.85 err/s: 0.00 reconn/s: 0.00
[ 258s ] thds: 64 tps: 554.50 qps: 16721.93 (r/w/o: 7715.97/7896.97/1109.00) lat (ms,95%): 383.33 err/s: 0.00 reconn/s: 0.00
[ 260s ] thds: 64 tps: 530.64 qps: 16650.85 (r/w/o: 7675.67/7913.91/1061.27) lat (ms,95%): 404.61 err/s: 0.00 reconn/s: 0.00
[ 262s ] thds: 64 tps: 599.90 qps: 16941.60 (r/w/o: 7816.59/7926.71/1198.30) lat (ms,95%): 350.33 err/s: 0.00 reconn/s: 0.00
[ 264s ] thds: 64 tps: 1234.63 qps: 35794.64 (r/w/o: 16448.34/16875.55/2470.75) lat (ms,95%): 196.89 err/s: 0.00 reconn/s: 0.00
[ 266s ] thds: 64 tps: 622.48 qps: 18735.49 (r/w/o: 8624.39/8866.15/1244.95) lat (ms,95%): 344.08 err/s: 0.00 reconn/s: 0.00
[ 268s ] thds: 64 tps: 698.13 qps: 20710.72 (r/w/o: 9542.21/9773.75/1394.75) lat (ms,95%): 297.92 err/s: 0.00 reconn/s: 0.00
[ 270s ] thds: 64 tps: 526.41 qps: 14888.29 (r/w/o: 6825.33/7008.64/1054.33) lat (ms,95%): 475.79 err/s: 0.00 reconn/s: 0.00
[ 272s ] thds: 64 tps: 2307.49 qps: 67712.74 (r/w/o: 31158.05/31939.71/4614.97) lat (ms,95%): 87.56 err/s: 0.00 reconn/s: 0.00
[ 274s ] thds: 64 tps: 2419.12 qps: 70909.06 (r/w/o: 32671.27/33400.04/4837.74) lat (ms,95%): 90.78 err/s: 0.00 reconn/s: 0.00
[ 276s ] thds: 64 tps: 2425.78 qps: 69940.27 (r/w/o: 32168.17/32920.03/4852.07) lat (ms,95%): 102.97 err/s: 0.00 reconn/s: 0.00
[ 278s ] thds: 64 tps: 2101.69 qps: 61486.60 (r/w/o: 28265.58/29017.64/4203.38) lat (ms,95%): 106.75 err/s: 0.00 reconn/s: 0.00
[ 280s ] thds: 64 tps: 506.95 qps: 14507.17 (r/w/o: 6670.51/6822.75/1013.91) lat (ms,95%): 419.45 err/s: 0.00 reconn/s: 0.00
[ 282s ] thds: 64 tps: 516.77 qps: 15248.04 (r/w/o: 7027.80/7186.19/1034.05) lat (ms,95%): 344.08 err/s: 0.00 reconn/s: 0.00
[ 284s ] thds: 64 tps: 983.55 qps: 27972.88 (r/w/o: 12858.53/13147.75/1966.59) lat (ms,95%): 253.35 err/s: 0.00 reconn/s: 0.00
[ 286s ] thds: 64 tps: 849.23 qps: 24691.38 (r/w/o: 11356.84/11636.07/1698.46) lat (ms,95%): 267.41 err/s: 0.00 reconn/s: 0.00
[ 288s ] thds: 64 tps: 880.58 qps: 26600.34 (r/w/o: 12268.74/12570.43/1761.17) lat (ms,95%): 262.64 err/s: 0.00 reconn/s: 0.00
[ 290s ] thds: 64 tps: 560.05 qps: 16998.98 (r/w/o: 7860.18/8018.70/1120.10) lat (ms,95%): 434.83 err/s: 0.00 reconn/s: 0.00
[ 292s ] thds: 64 tps: 578.06 qps: 16625.42 (r/w/o: 7671.03/7798.27/1156.12) lat (ms,95%): 397.39 err/s: 0.00 reconn/s: 0.00
[ 294s ] thds: 64 tps: 663.04 qps: 19097.84 (r/w/o: 8762.77/9009.49/1325.58) lat (ms,95%): 383.33 err/s: 0.00 reconn/s: 0.00
[ 296s ] thds: 64 tps: 1296.83 qps: 37723.08 (r/w/o: 17349.83/17779.09/2594.16) lat (ms,95%): 200.47 err/s: 0.00 reconn/s: 0.00
[ 298s ] thds: 64 tps: 491.50 qps: 14359.03 (r/w/o: 6631.01/6745.01/983.00) lat (ms,95%): 363.18 err/s: 0.00 reconn/s: 0.00
[ 300s ] thds: 64 tps: 465.08 qps: 13257.84 (r/w/o: 6089.98/6237.69/930.16) lat (ms,95%): 549.52 err/s: 0.00 reconn/s: 0.00
SQL statistics:
    queries performed:
        read:                            4459320
        write:                           4562639
        other:                           666006
        total:                           9687965
    transactions:                        332939 (1109.56 per sec.)
    queries:                             9687965 (32286.33 per sec.)
    ignored errors:                      0      (0.00 per sec.)
    reconnects:                          0      (0.00 per sec.)

Throughput:
    events/s (eps):                      1109.5599
    time elapsed:                        300.0640s
    total number of events:              332939

Latency (ms):
         min:                                    0.26
         avg:                                   57.67
         max:                                 1319.24
         95th percentile:                      223.34
         sum:                             19199926.13

Threads fairness:
    events (avg/stddev):           5202.1719/74.93
    execution time (avg/stddev):   299.9988/0.02

sysbench 1.1.0 (using bundled LuaJIT 2.1.0-beta3)

Running the test with following options:
Number of threads: 128
Report intermediate results every 2 second(s)
Initializing random number generator from current time


Initializing worker threads...

** Using FOR UPDATE : 1
** FORCE_PRIMARY : 0
** FORCE_NULL : 0
=> Using SESSION ops: 
Threads started!

[ 2s ] thds: 128 tps: 997.79 qps: 29663.49 (r/w/o: 13640.57/13839.64/2183.28) lat (ms,95%): 369.77 err/s: 0.00 reconn/s: 0.00
[ 4s ] thds: 128 tps: 1157.54 qps: 34100.30 (r/w/o: 15686.69/16097.01/2316.60) lat (ms,95%): 511.33 err/s: 0.00 reconn/s: 0.00
[ 6s ] thds: 128 tps: 1357.25 qps: 39418.98 (r/w/o: 18107.85/18597.14/2713.99) lat (ms,95%): 484.44 err/s: 0.00 reconn/s: 0.00
[ 8s ] thds: 128 tps: 778.73 qps: 22835.72 (r/w/o: 10512.09/10765.17/1558.46) lat (ms,95%): 707.07 err/s: 0.00 reconn/s: 0.00
[ 10s ] thds: 128 tps: 1660.99 qps: 46779.81 (r/w/o: 21503.41/21954.41/3321.99) lat (ms,95%): 325.98 err/s: 0.00 reconn/s: 0.00
[ 12s ] thds: 128 tps: 678.35 qps: 19534.73 (r/w/o: 9013.53/9164.50/1356.70) lat (ms,95%): 787.74 err/s: 0.00 reconn/s: 0.00
[ 14s ] thds: 128 tps: 913.61 qps: 26117.13 (r/w/o: 12047.68/12242.22/1827.23) lat (ms,95%): 601.29 err/s: 0.00 reconn/s: 0.00
[ 16s ] thds: 128 tps: 1423.90 qps: 42013.17 (r/w/o: 19339.57/19825.79/2847.80) lat (ms,95%): 404.61 err/s: 0.00 reconn/s: 0.00
[ 18s ] thds: 128 tps: 2204.86 qps: 63645.82 (r/w/o: 29273.58/29962.53/4409.71) lat (ms,95%): 193.38 err/s: 0.00 reconn/s: 0.00
[ 20s ] thds: 128 tps: 2114.14 qps: 61992.63 (r/w/o: 28504.90/29259.45/4228.28) lat (ms,95%): 231.53 err/s: 0.00 reconn/s: 0.00
[ 22s ] thds: 128 tps: 2479.87 qps: 71465.69 (r/w/o: 32938.24/33568.70/4958.75) lat (ms,95%): 231.53 err/s: 0.00 reconn/s: 0.00
[ 24s ] thds: 128 tps: 1074.51 qps: 31635.64 (r/w/o: 14596.88/14888.74/2150.02) lat (ms,95%): 539.71 err/s: 0.00 reconn/s: 0.00
[ 26s ] thds: 128 tps: 578.43 qps: 16718.13 (r/w/o: 7702.78/7858.49/1156.86) lat (ms,95%): 861.95 err/s: 0.00 reconn/s: 0.00
[ 28s ] thds: 128 tps: 638.15 qps: 18420.51 (r/w/o: 8464.25/8680.46/1275.80) lat (ms,95%): 787.74 err/s: 0.00 reconn/s: 0.00
[ 30s ] thds: 128 tps: 2106.00 qps: 61208.03 (r/w/o: 28192.14/28803.40/4212.50) lat (ms,95%): 292.60 err/s: 0.00 reconn/s: 0.00
[ 32s ] thds: 128 tps: 1156.27 qps: 33852.49 (r/w/o: 15541.61/15998.83/2312.05) lat (ms,95%): 390.30 err/s: 0.00 reconn/s: 0.00
[ 34s ] thds: 128 tps: 1933.26 qps: 55614.33 (r/w/o: 25554.04/26193.78/3866.52) lat (ms,95%): 303.33 err/s: 0.00 reconn/s: 0.00
[ 36s ] thds: 128 tps: 1066.36 qps: 31353.33 (r/w/o: 14432.83/14787.28/2133.22) lat (ms,95%): 390.30 err/s: 0.00 reconn/s: 0.00
[ 38s ] thds: 128 tps: 541.87 qps: 15748.22 (r/w/o: 7246.93/7417.55/1083.74) lat (ms,95%): 1069.86 err/s: 0.00 reconn/s: 0.00
[ 40s ] thds: 128 tps: 693.44 qps: 19845.54 (r/w/o: 9121.63/9337.03/1386.87) lat (ms,95%): 682.06 err/s: 0.00 reconn/s: 0.00
[ 42s ] thds: 128 tps: 2108.73 qps: 61611.40 (r/w/o: 28292.12/29102.32/4216.96) lat (ms,95%): 292.60 err/s: 0.00 reconn/s: 0.00
[ 44s ] thds: 128 tps: 1673.55 qps: 48578.92 (r/w/o: 22365.63/22865.69/3347.60) lat (ms,95%): 325.98 err/s: 0.00 reconn/s: 0.00
[ 46s ] thds: 128 tps: 546.16 qps: 15377.16 (r/w/o: 7057.06/7227.77/1092.33) lat (ms,95%): 926.33 err/s: 0.00 reconn/s: 0.00
[ 48s ] thds: 128 tps: 533.49 qps: 15264.63 (r/w/o: 7014.73/7182.92/1066.98) lat (ms,95%): 802.05 err/s: 0.00 reconn/s: 0.00
[ 50s ] thds: 128 tps: 646.48 qps: 18417.51 (r/w/o: 8437.33/8687.21/1292.97) lat (ms,95%): 707.07 err/s: 0.00 reconn/s: 0.00
[ 52s ] thds: 128 tps: 1119.32 qps: 32885.31 (r/w/o: 15168.29/15478.88/2238.13) lat (ms,95%): 511.33 err/s: 0.00 reconn/s: 0.00
[ 54s ] thds: 128 tps: 2648.92 qps: 75180.75 (r/w/o: 34613.46/35268.94/5298.34) lat (ms,95%): 196.89 err/s: 0.00 reconn/s: 0.00
[ 56s ] thds: 128 tps: 662.59 qps: 19256.43 (r/w/o: 8880.87/9050.38/1325.18) lat (ms,95%): 657.93 err/s: 0.00 reconn/s: 0.00
[ 58s ] thds: 128 tps: 598.89 qps: 17743.24 (r/w/o: 8156.56/8388.91/1197.77) lat (ms,95%): 943.16 err/s: 0.00 reconn/s: 0.00
[ 60s ] thds: 128 tps: 745.20 qps: 21899.93 (r/w/o: 10099.44/10310.08/1490.41) lat (ms,95%): 816.63 err/s: 0.00 reconn/s: 0.00
[ 62s ] thds: 128 tps: 1869.48 qps: 53286.16 (r/w/o: 24511.84/25035.87/3738.46) lat (ms,95%): 282.25 err/s: 0.00 reconn/s: 0.00
[ 64s ] thds: 128 tps: 1017.80 qps: 29793.72 (r/w/o: 13690.51/14067.62/2035.60) lat (ms,95%): 646.19 err/s: 0.00 reconn/s: 0.00
[ 66s ] thds: 128 tps: 2273.39 qps: 64727.05 (r/w/o: 29805.77/30373.99/4547.29) lat (ms,95%): 164.45 err/s: 0.00 reconn/s: 0.00
[ 68s ] thds: 128 tps: 2484.82 qps: 70734.13 (r/w/o: 32538.03/33227.45/4968.65) lat (ms,95%): 200.47 err/s: 0.00 reconn/s: 0.00
[ 70s ] thds: 128 tps: 692.72 qps: 20353.29 (r/w/o: 9362.65/9604.20/1386.43) lat (ms,95%): 773.68 err/s: 0.00 reconn/s: 0.00
[ 72s ] thds: 128 tps: 587.25 qps: 17420.79 (r/w/o: 8010.79/8235.50/1174.50) lat (ms,95%): 1129.24 err/s: 0.00 reconn/s: 0.00
[ 74s ] thds: 128 tps: 497.44 qps: 13852.36 (r/w/o: 6360.89/6497.10/994.37) lat (ms,95%): 1235.62 err/s: 0.00 reconn/s: 0.00
[ 76s ] thds: 128 tps: 1011.13 qps: 29240.91 (r/w/o: 13446.24/13771.90/2022.77) lat (ms,95%): 861.95 err/s: 0.00 reconn/s: 0.00
[ 78s ] thds: 128 tps: 2765.17 qps: 81657.10 (r/w/o: 37616.85/38509.90/5530.35) lat (ms,95%): 219.36 err/s: 0.00 reconn/s: 0.00
[ 80s ] thds: 128 tps: 2408.59 qps: 67754.85 (r/w/o: 31122.86/31815.80/4816.18) lat (ms,95%): 186.54 err/s: 0.00 reconn/s: 0.00
[ 82s ] thds: 128 tps: 2614.72 qps: 75999.55 (r/w/o: 34999.80/35769.31/5230.44) lat (ms,95%): 167.44 err/s: 0.00 reconn/s: 0.00
[ 84s ] thds: 128 tps: 1030.49 qps: 30531.96 (r/w/o: 14060.07/14410.90/2060.98) lat (ms,95%): 434.83 err/s: 0.00 reconn/s: 0.00
[ 86s ] thds: 128 tps: 519.05 qps: 15082.72 (r/w/o: 6927.58/7117.55/1037.59) lat (ms,95%): 1213.57 err/s: 0.00 reconn/s: 0.00
[ 88s ] thds: 128 tps: 753.85 qps: 21520.62 (r/w/o: 9907.40/10105.02/1508.20) lat (ms,95%): 694.45 err/s: 0.00 reconn/s: 0.00
[ 90s ] thds: 128 tps: 2026.63 qps: 59246.87 (r/w/o: 27295.78/27903.82/4047.26) lat (ms,95%): 219.36 err/s: 0.00 reconn/s: 0.00
[ 92s ] thds: 128 tps: 1860.66 qps: 53511.16 (r/w/o: 24575.14/25208.70/3727.32) lat (ms,95%): 331.91 err/s: 0.00 reconn/s: 0.00
[ 94s ] thds: 128 tps: 2549.14 qps: 73504.43 (r/w/o: 33799.38/34609.75/5095.30) lat (ms,95%): 167.44 err/s: 0.00 reconn/s: 0.00
[ 96s ] thds: 128 tps: 530.30 qps: 15365.00 (r/w/o: 7053.50/7247.89/1063.61) lat (ms,95%): 846.57 err/s: 0.00 reconn/s: 0.00
[ 98s ] thds: 128 tps: 708.10 qps: 20640.71 (r/w/o: 9504.72/9719.79/1416.20) lat (ms,95%): 831.46 err/s: 0.00 reconn/s: 0.00
[ 100s ] thds: 128 tps: 578.92 qps: 16075.46 (r/w/o: 7366.30/7551.32/1157.84) lat (ms,95%): 634.66 err/s: 0.00 reconn/s: 0.00
[ 102s ] thds: 128 tps: 592.96 qps: 16761.64 (r/w/o: 7678.28/7898.44/1184.92) lat (ms,95%): 1013.60 err/s: 0.00 reconn/s: 0.00
[ 104s ] thds: 128 tps: 673.20 qps: 19557.34 (r/w/o: 9016.14/9194.79/1346.41) lat (ms,95%): 733.00 err/s: 0.00 reconn/s: 0.00
[ 106s ] thds: 128 tps: 897.38 qps: 25991.87 (r/w/o: 11973.22/12222.89/1795.76) lat (ms,95%): 646.19 err/s: 0.00 reconn/s: 0.00
[ 108s ] thds: 128 tps: 1937.90 qps: 56251.33 (r/w/o: 25878.32/26497.22/3875.79) lat (ms,95%): 277.21 err/s: 0.00 reconn/s: 0.00
[ 110s ] thds: 128 tps: 598.29 qps: 17068.49 (r/w/o: 7851.24/8020.68/1196.58) lat (ms,95%): 773.68 err/s: 0.00 reconn/s: 0.00
[ 112s ] thds: 128 tps: 567.69 qps: 17202.36 (r/w/o: 7941.13/8125.84/1135.38) lat (ms,95%): 1069.86 err/s: 0.00 reconn/s: 0.00
[ 114s ] thds: 128 tps: 472.64 qps: 13909.91 (r/w/o: 6411.62/6553.01/945.28) lat (ms,95%): 1013.60 err/s: 0.00 reconn/s: 0.00
[ 116s ] thds: 128 tps: 988.23 qps: 28242.87 (r/w/o: 13005.81/13261.61/1975.45) lat (ms,95%): 909.80 err/s: 0.00 reconn/s: 0.00
[ 118s ] thds: 128 tps: 966.52 qps: 28071.86 (r/w/o: 12912.82/13227.01/1932.04) lat (ms,95%): 539.71 err/s: 0.00 reconn/s: 0.00
[ 120s ] thds: 128 tps: 490.57 qps: 14095.34 (r/w/o: 6466.15/6646.04/983.15) lat (ms,95%): 1213.57 err/s: 0.00 reconn/s: 0.00
[ 122s ] thds: 128 tps: 686.38 qps: 19899.16 (r/w/o: 9155.79/9370.60/1372.77) lat (ms,95%): 1149.76 err/s: 0.00 reconn/s: 0.00
[ 124s ] thds: 128 tps: 720.96 qps: 20920.48 (r/w/o: 9615.69/9864.37/1440.42) lat (ms,95%): 960.30 err/s: 0.00 reconn/s: 0.00
[ 126s ] thds: 128 tps: 2035.95 qps: 59529.78 (r/w/o: 27454.11/28002.79/4072.88) lat (ms,95%): 331.91 err/s: 0.00 reconn/s: 0.00
[ 128s ] thds: 128 tps: 2333.28 qps: 68029.41 (r/w/o: 31300.68/32063.69/4665.04) lat (ms,95%): 223.34 err/s: 0.00 reconn/s: 0.00
[ 130s ] thds: 128 tps: 1221.21 qps: 35432.20 (r/w/o: 16301.68/16686.59/2443.93) lat (ms,95%): 484.44 err/s: 0.00 reconn/s: 0.00
[ 132s ] thds: 128 tps: 1196.22 qps: 35073.48 (r/w/o: 16149.48/16531.05/2392.94) lat (ms,95%): 419.45 err/s: 0.00 reconn/s: 0.00
[ 134s ] thds: 128 tps: 566.42 qps: 15808.74 (r/w/o: 7255.11/7420.80/1132.83) lat (ms,95%): 909.80 err/s: 0.00 reconn/s: 0.00
[ 136s ] thds: 128 tps: 624.13 qps: 18003.25 (r/w/o: 8289.40/8466.58/1247.26) lat (ms,95%): 694.45 err/s: 0.00 reconn/s: 0.00
[ 138s ] thds: 128 tps: 926.18 qps: 27299.93 (r/w/o: 12561.67/12884.90/1853.35) lat (ms,95%): 719.92 err/s: 0.00 reconn/s: 0.00
[ 140s ] thds: 128 tps: 2303.11 qps: 67034.71 (r/w/o: 30893.98/31535.51/4605.22) lat (ms,95%): 211.60 err/s: 0.00 reconn/s: 0.00
[ 142s ] thds: 128 tps: 2677.59 qps: 78043.62 (r/w/o: 35940.44/36748.50/5354.68) lat (ms,95%): 193.38 err/s: 0.00 reconn/s: 0.00
[ 144s ] thds: 128 tps: 2232.41 qps: 64741.47 (r/w/o: 29816.29/30459.35/4465.83) lat (ms,95%): 248.83 err/s: 0.00 reconn/s: 0.00
[ 146s ] thds: 128 tps: 2643.14 qps: 77235.05 (r/w/o: 35518.36/36430.41/5286.28) lat (ms,95%): 193.38 err/s: 0.00 reconn/s: 0.00
[ 148s ] thds: 128 tps: 2687.39 qps: 78139.44 (r/w/o: 35997.59/36768.06/5373.79) lat (ms,95%): 170.48 err/s: 0.00 reconn/s: 0.00
[ 150s ] thds: 128 tps: 1592.97 qps: 47730.78 (r/w/o: 21982.40/22561.44/3186.94) lat (ms,95%): 320.17 err/s: 0.00 reconn/s: 0.00
[ 152s ] thds: 128 tps: 751.88 qps: 22200.53 (r/w/o: 10196.00/10503.27/1501.26) lat (ms,95%): 682.06 err/s: 0.00 reconn/s: 0.00
[ 154s ] thds: 128 tps: 540.82 qps: 14853.67 (r/w/o: 6813.22/6956.84/1083.62) lat (ms,95%): 787.74 err/s: 0.00 reconn/s: 0.00
[ 156s ] thds: 128 tps: 520.90 qps: 15023.92 (r/w/o: 6883.36/7097.76/1042.80) lat (ms,95%): 995.51 err/s: 0.00 reconn/s: 0.00
[ 158s ] thds: 128 tps: 533.59 qps: 15231.18 (r/w/o: 7024.12/7139.88/1067.18) lat (ms,95%): 787.74 err/s: 0.00 reconn/s: 0.00
[ 160s ] thds: 128 tps: 1175.03 qps: 34362.48 (r/w/o: 15850.31/16162.11/2350.05) lat (ms,95%): 623.33 err/s: 0.00 reconn/s: 0.00
[ 162s ] thds: 128 tps: 616.65 qps: 18234.04 (r/w/o: 8408.91/8591.84/1233.29) lat (ms,95%): 802.05 err/s: 0.00 reconn/s: 0.00
[ 164s ] thds: 128 tps: 540.49 qps: 16033.42 (r/w/o: 7402.04/7550.90/1080.48) lat (ms,95%): 877.61 err/s: 0.00 reconn/s: 0.00
[ 166s ] thds: 128 tps: 1002.72 qps: 28765.40 (r/w/o: 13237.85/13521.62/2005.93) lat (ms,95%): 719.92 err/s: 0.00 reconn/s: 0.00
[ 168s ] thds: 128 tps: 2965.41 qps: 84260.54 (r/w/o: 38793.37/39536.34/5930.83) lat (ms,95%): 153.02 err/s: 0.00 reconn/s: 0.00
[ 170s ] thds: 128 tps: 1689.08 qps: 49022.81 (r/w/o: 22580.38/23064.26/3378.16) lat (ms,95%): 287.38 err/s: 0.00 reconn/s: 0.00
[ 172s ] thds: 128 tps: 1793.17 qps: 52012.57 (r/w/o: 23968.52/24457.70/3586.35) lat (ms,95%): 287.38 err/s: 0.00 reconn/s: 0.00
[ 174s ] thds: 128 tps: 581.54 qps: 16751.39 (r/w/o: 7721.46/7866.84/1163.09) lat (ms,95%): 816.63 err/s: 0.00 reconn/s: 0.00
[ 176s ] thds: 128 tps: 555.83 qps: 16772.73 (r/w/o: 7732.07/7929.51/1111.15) lat (ms,95%): 943.16 err/s: 0.00 reconn/s: 0.00
[ 178s ] thds: 128 tps: 675.43 qps: 19684.35 (r/w/o: 9070.33/9262.66/1351.36) lat (ms,95%): 831.46 err/s: 0.00 reconn/s: 0.00
[ 180s ] thds: 128 tps: 1817.81 qps: 51757.11 (r/w/o: 23793.33/24328.65/3635.13) lat (ms,95%): 303.33 err/s: 0.00 reconn/s: 0.00
[ 182s ] thds: 128 tps: 1720.64 qps: 50177.77 (r/w/o: 23108.14/23627.84/3441.79) lat (ms,95%): 308.84 err/s: 0.00 reconn/s: 0.00
[ 184s ] thds: 128 tps: 2463.11 qps: 70300.68 (r/w/o: 32328.75/33046.70/4925.23) lat (ms,95%): 207.82 err/s: 0.00 reconn/s: 0.00
[ 186s ] thds: 128 tps: 937.39 qps: 27375.07 (r/w/o: 12590.33/12908.97/1875.77) lat (ms,95%): 580.02 err/s: 0.00 reconn/s: 0.00
[ 188s ] thds: 128 tps: 528.23 qps: 15077.22 (r/w/o: 6914.00/7106.77/1056.45) lat (ms,95%): 1013.60 err/s: 0.00 reconn/s: 0.00
[ 190s ] thds: 128 tps: 690.99 qps: 20433.74 (r/w/o: 9425.99/9625.77/1381.98) lat (ms,95%): 861.95 err/s: 0.00 reconn/s: 0.00
[ 192s ] thds: 128 tps: 2405.81 qps: 69437.42 (r/w/o: 31936.44/32689.85/4811.13) lat (ms,95%): 253.35 err/s: 0.00 reconn/s: 0.00
[ 194s ] thds: 128 tps: 2666.50 qps: 77044.49 (r/w/o: 35469.99/36240.99/5333.50) lat (ms,95%): 186.54 err/s: 0.00 reconn/s: 0.00
[ 196s ] thds: 128 tps: 2150.21 qps: 62963.92 (r/w/o: 28980.13/29683.36/4300.43) lat (ms,95%): 235.74 err/s: 0.00 reconn/s: 0.00
[ 198s ] thds: 128 tps: 1441.50 qps: 41577.99 (r/w/o: 19134.99/19559.99/2883.00) lat (ms,95%): 390.30 err/s: 0.00 reconn/s: 0.00
[ 200s ] thds: 128 tps: 510.53 qps: 14602.84 (r/w/o: 6694.89/6886.90/1021.06) lat (ms,95%): 943.16 err/s: 0.00 reconn/s: 0.00
[ 202s ] thds: 128 tps: 627.41 qps: 18302.29 (r/w/o: 8419.25/8628.72/1254.31) lat (ms,95%): 861.95 err/s: 0.00 reconn/s: 0.00
[ 204s ] thds: 128 tps: 898.58 qps: 25845.42 (r/w/o: 11897.61/12150.64/1797.17) lat (ms,95%): 634.66 err/s: 0.00 reconn/s: 0.00
[ 206s ] thds: 128 tps: 1715.55 qps: 50089.02 (r/w/o: 23103.20/23554.22/3431.60) lat (ms,95%): 314.45 err/s: 0.00 reconn/s: 0.00
[ 208s ] thds: 128 tps: 2240.34 qps: 65543.35 (r/w/o: 30171.86/30890.81/4480.68) lat (ms,95%): 231.53 err/s: 0.00 reconn/s: 0.00
[ 210s ] thds: 128 tps: 1836.09 qps: 54788.88 (r/w/o: 25270.43/25846.27/3672.19) lat (ms,95%): 267.41 err/s: 0.00 reconn/s: 0.00
[ 212s ] thds: 128 tps: 644.61 qps: 18349.58 (r/w/o: 8410.91/8649.95/1288.72) lat (ms,95%): 773.68 err/s: 0.00 reconn/s: 0.00
[ 214s ] thds: 128 tps: 635.80 qps: 18202.80 (r/w/o: 8378.50/8552.21/1272.09) lat (ms,95%): 846.57 err/s: 0.00 reconn/s: 0.00
[ 216s ] thds: 128 tps: 551.88 qps: 15952.11 (r/w/o: 7355.62/7492.72/1103.77) lat (ms,95%): 926.33 err/s: 0.00 reconn/s: 0.00
[ 218s ] thds: 128 tps: 1824.64 qps: 52132.09 (r/w/o: 24021.28/24461.54/3649.27) lat (ms,95%): 369.77 err/s: 0.00 reconn/s: 0.00
[ 220s ] thds: 128 tps: 2294.82 qps: 66800.56 (r/w/o: 30731.33/31481.10/4588.13) lat (ms,95%): 248.83 err/s: 0.00 reconn/s: 0.00
[ 222s ] thds: 128 tps: 836.65 qps: 24863.94 (r/w/o: 11463.12/11726.03/1674.79) lat (ms,95%): 511.33 err/s: 0.00 reconn/s: 0.00
[ 224s ] thds: 128 tps: 542.02 qps: 15692.60 (r/w/o: 7206.96/7401.61/1084.04) lat (ms,95%): 1376.60 err/s: 0.00 reconn/s: 0.00
[ 226s ] thds: 128 tps: 667.12 qps: 19542.97 (r/w/o: 9005.38/9203.36/1334.24) lat (ms,95%): 802.05 err/s: 0.00 reconn/s: 0.00
[ 228s ] thds: 128 tps: 1072.89 qps: 30382.40 (r/w/o: 14014.40/14223.20/2144.79) lat (ms,95%): 530.08 err/s: 0.00 reconn/s: 0.00
[ 230s ] thds: 128 tps: 579.36 qps: 16730.11 (r/w/o: 7682.43/7889.96/1157.72) lat (ms,95%): 733.00 err/s: 0.00 reconn/s: 0.00
[ 232s ] thds: 128 tps: 539.72 qps: 15801.67 (r/w/o: 7288.16/7433.08/1080.43) lat (ms,95%): 816.63 err/s: 0.00 reconn/s: 0.00
[ 234s ] thds: 128 tps: 946.79 qps: 27354.35 (r/w/o: 12575.50/12884.26/1894.58) lat (ms,95%): 657.93 err/s: 0.00 reconn/s: 0.00
[ 236s ] thds: 128 tps: 2038.48 qps: 58896.24 (r/w/o: 27094.22/27725.55/4076.47) lat (ms,95%): 240.02 err/s: 0.00 reconn/s: 0.00
[ 238s ] thds: 128 tps: 2160.42 qps: 63934.52 (r/w/o: 29470.09/30143.09/4321.34) lat (ms,95%): 325.98 err/s: 0.00 reconn/s: 0.00
[ 240s ] thds: 128 tps: 1872.33 qps: 55124.84 (r/w/o: 25341.19/26039.00/3744.65) lat (ms,95%): 272.27 err/s: 0.00 reconn/s: 0.00
[ 242s ] thds: 128 tps: 567.89 qps: 16183.18 (r/w/o: 7422.55/7624.84/1135.78) lat (ms,95%): 502.20 err/s: 0.00 reconn/s: 0.00
[ 244s ] thds: 128 tps: 806.38 qps: 23630.34 (r/w/o: 10870.89/11146.69/1612.76) lat (ms,95%): 580.02 err/s: 0.00 reconn/s: 0.00
[ 246s ] thds: 128 tps: 816.43 qps: 23712.28 (r/w/o: 10899.33/11181.09/1631.86) lat (ms,95%): 802.05 err/s: 0.00 reconn/s: 0.00
[ 248s ] thds: 128 tps: 1913.47 qps: 55692.15 (r/w/o: 25634.03/26230.17/3827.95) lat (ms,95%): 331.91 err/s: 0.00 reconn/s: 0.00
[ 250s ] thds: 128 tps: 1138.12 qps: 33428.21 (r/w/o: 15411.80/15740.68/2275.73) lat (ms,95%): 390.30 err/s: 0.00 reconn/s: 0.00
[ 252s ] thds: 128 tps: 1730.50 qps: 49248.95 (r/w/o: 22655.32/23133.13/3460.51) lat (ms,95%): 320.17 err/s: 0.00 reconn/s: 0.00
[ 254s ] thds: 128 tps: 1012.72 qps: 29042.44 (r/w/o: 13346.72/13669.27/2026.45) lat (ms,95%): 590.56 err/s: 0.00 reconn/s: 0.00
[ 256s ] thds: 128 tps: 2651.98 qps: 76832.83 (r/w/o: 35287.69/36241.18/5303.95) lat (ms,95%): 204.11 err/s: 0.00 reconn/s: 0.00
[ 258s ] thds: 128 tps: 814.25 qps: 23624.79 (r/w/o: 10875.33/11120.95/1628.50) lat (ms,95%): 590.56 err/s: 0.00 reconn/s: 0.00
[ 260s ] thds: 128 tps: 577.26 qps: 16770.87 (r/w/o: 7754.50/7861.86/1154.51) lat (ms,95%): 787.74 err/s: 0.00 reconn/s: 0.00
[ 262s ] thds: 128 tps: 914.35 qps: 26813.91 (r/w/o: 12348.68/12637.03/1828.20) lat (ms,95%): 646.19 err/s: 0.00 reconn/s: 0.00
[ 264s ] thds: 128 tps: 2417.06 qps: 72134.43 (r/w/o: 33251.50/34048.30/4834.63) lat (ms,95%): 204.11 err/s: 0.00 reconn/s: 0.00
[ 266s ] thds: 128 tps: 2198.04 qps: 63399.60 (r/w/o: 29183.68/29819.84/4396.08) lat (ms,95%): 223.34 err/s: 0.00 reconn/s: 0.00
[ 268s ] thds: 128 tps: 545.47 qps: 15776.71 (r/w/o: 7280.14/7405.63/1090.95) lat (ms,95%): 733.00 err/s: 0.00 reconn/s: 0.00
[ 270s ] thds: 128 tps: 558.02 qps: 16238.10 (r/w/o: 7507.28/7614.78/1116.04) lat (ms,95%): 787.74 err/s: 0.00 reconn/s: 0.00
[ 272s ] thds: 128 tps: 1442.51 qps: 41371.20 (r/w/o: 19082.59/19403.59/2885.01) lat (ms,95%): 442.73 err/s: 0.00 reconn/s: 0.00
[ 274s ] thds: 128 tps: 2020.68 qps: 58200.65 (r/w/o: 26776.42/27382.87/4041.36) lat (ms,95%): 240.02 err/s: 0.00 reconn/s: 0.00
[ 276s ] thds: 128 tps: 2262.32 qps: 65628.15 (r/w/o: 30173.04/30930.48/4524.63) lat (ms,95%): 363.18 err/s: 0.00 reconn/s: 0.00
[ 278s ] thds: 128 tps: 571.33 qps: 16764.89 (r/w/o: 7693.00/7929.23/1142.66) lat (ms,95%): 746.32 err/s: 0.00 reconn/s: 0.00
[ 280s ] thds: 128 tps: 622.99 qps: 17818.65 (r/w/o: 8181.00/8391.67/1245.99) lat (ms,95%): 960.30 err/s: 0.00 reconn/s: 0.00
[ 282s ] thds: 128 tps: 657.37 qps: 19173.89 (r/w/o: 8819.68/9039.47/1314.74) lat (ms,95%): 909.80 err/s: 0.00 reconn/s: 0.00
[ 284s ] thds: 128 tps: 1485.74 qps: 43155.17 (r/w/o: 19853.53/20330.66/2970.98) lat (ms,95%): 325.98 err/s: 0.00 reconn/s: 0.00
[ 286s ] thds: 128 tps: 1624.11 qps: 47739.29 (r/w/o: 21982.55/22508.03/3248.71) lat (ms,95%): 297.92 err/s: 0.00 reconn/s: 0.00
[ 288s ] thds: 128 tps: 598.25 qps: 17633.48 (r/w/o: 8123.03/8313.93/1196.51) lat (ms,95%): 943.16 err/s: 0.00 reconn/s: 0.00
[ 290s ] thds: 128 tps: 618.77 qps: 17882.48 (r/w/o: 8239.35/8408.11/1235.02) lat (ms,95%): 682.06 err/s: 0.00 reconn/s: 0.00
[ 292s ] thds: 128 tps: 836.91 qps: 25316.85 (r/w/o: 11693.15/11947.38/1676.32) lat (ms,95%): 977.74 err/s: 0.00 reconn/s: 0.00
[ 294s ] thds: 128 tps: 1847.61 qps: 54884.02 (r/w/o: 25315.70/25874.59/3693.73) lat (ms,95%): 308.84 err/s: 0.00 reconn/s: 0.00
[ 296s ] thds: 128 tps: 1384.43 qps: 39453.84 (r/w/o: 18124.17/18559.30/2770.37) lat (ms,95%): 331.91 err/s: 0.00 reconn/s: 0.00
[ 298s ] thds: 128 tps: 579.52 qps: 17037.19 (r/w/o: 7854.32/8023.82/1159.05) lat (ms,95%): 773.68 err/s: 0.00 reconn/s: 0.00
[ 300s ] thds: 128 tps: 623.94 qps: 18612.99 (r/w/o: 8619.02/8746.59/1247.38) lat (ms,95%): 1089.30 err/s: 0.00 reconn/s: 0.00
SQL statistics:
    queries performed:
        read:                            5072561
        write:                           5188535
        other:                           760054
        total:                           11021150
    transactions:                        379899 (1264.70 per sec.)
    queries:                             11021150 (36689.95 per sec.)
    ignored errors:                      0      (0.00 per sec.)
    reconnects:                          0      (0.00 per sec.)

Throughput:
    events/s (eps):                      1264.7024
    time elapsed:                        300.3861s
    total number of events:              379899

Latency (ms):
         min:                                    0.34
         avg:                                  101.12
         max:                                 2608.23
         95th percentile:                      442.73
         sum:                             38414198.99

Threads fairness:
    events (avg/stddev):           2967.9609/88.71
    execution time (avg/stddev):   300.1109/0.10

