sysbench 1.1.0 (using bundled LuaJIT 2.1.0-beta3)

Running the test with following options:
Number of threads: 4
Report intermediate results every 2 second(s)
Initializing random number generator from current time


Initializing worker threads...

** Using FOR UPDATE : 1
** FORCE_PRIMARY : 0
** FORCE_NULL : 0
=> Using SESSION ops: 
Threads started!

[ 2s ] thds: 4 tps: 169.92 qps: 4828.74 (r/w/o: 2216.96/2265.94/345.84) lat (ms,95%): 33.72 err/s: 0.00 reconn/s: 0.00
[ 4s ] thds: 4 tps: 699.13 qps: 21167.80 (r/w/o: 9722.24/10047.30/1398.25) lat (ms,95%): 27.17 err/s: 0.00 reconn/s: 0.00
[ 6s ] thds: 4 tps: 186.48 qps: 5647.99 (r/w/o: 2615.26/2659.76/372.97) lat (ms,95%): 35.59 err/s: 0.00 reconn/s: 0.00
[ 8s ] thds: 4 tps: 391.07 qps: 11038.05 (r/w/o: 5074.94/5180.96/782.15) lat (ms,95%): 25.28 err/s: 0.00 reconn/s: 0.00
[ 10s ] thds: 4 tps: 1527.98 qps: 44637.41 (r/w/o: 20610.23/20971.22/3055.96) lat (ms,95%): 5.67 err/s: 0.00 reconn/s: 0.00
[ 12s ] thds: 4 tps: 1565.97 qps: 44800.66 (r/w/o: 20578.12/21090.61/3131.94) lat (ms,95%): 5.47 err/s: 0.00 reconn/s: 0.00
[ 14s ] thds: 4 tps: 780.01 qps: 21883.85 (r/w/o: 10085.16/10238.67/1560.03) lat (ms,95%): 25.74 err/s: 0.00 reconn/s: 0.00
[ 16s ] thds: 4 tps: 201.99 qps: 5937.20 (r/w/o: 2735.36/2797.86/403.98) lat (ms,95%): 28.67 err/s: 0.00 reconn/s: 0.00
[ 18s ] thds: 4 tps: 825.56 qps: 24142.12 (r/w/o: 11092.25/11398.77/1651.11) lat (ms,95%): 13.46 err/s: 0.00 reconn/s: 0.00
[ 20s ] thds: 4 tps: 1579.44 qps: 45224.72 (r/w/o: 20770.18/21295.66/3158.88) lat (ms,95%): 5.57 err/s: 0.00 reconn/s: 0.00
[ 22s ] thds: 4 tps: 1562.50 qps: 45027.59 (r/w/o: 20726.04/21176.54/3125.01) lat (ms,95%): 5.57 err/s: 0.00 reconn/s: 0.00
[ 24s ] thds: 4 tps: 1583.99 qps: 44698.33 (r/w/o: 20587.42/20942.92/3167.99) lat (ms,95%): 5.28 err/s: 0.00 reconn/s: 0.00
[ 26s ] thds: 4 tps: 1499.03 qps: 44029.87 (r/w/o: 20311.40/20720.41/2998.06) lat (ms,95%): 5.57 err/s: 0.00 reconn/s: 0.00
[ 28s ] thds: 4 tps: 1464.50 qps: 44404.02 (r/w/o: 20467.51/21007.51/2929.00) lat (ms,95%): 5.77 err/s: 0.00 reconn/s: 0.00
[ 30s ] thds: 4 tps: 1485.48 qps: 43305.02 (r/w/o: 19940.78/20393.28/2970.97) lat (ms,95%): 5.88 err/s: 0.00 reconn/s: 0.00
[ 32s ] thds: 4 tps: 315.98 qps: 8928.53 (r/w/o: 4115.28/4181.28/631.97) lat (ms,95%): 41.10 err/s: 0.00 reconn/s: 0.00
[ 34s ] thds: 4 tps: 669.03 qps: 19219.82 (r/w/o: 8876.38/9005.38/1338.06) lat (ms,95%): 13.70 err/s: 0.00 reconn/s: 0.00
[ 36s ] thds: 4 tps: 1563.03 qps: 45390.50 (r/w/o: 20860.46/21403.97/3126.07) lat (ms,95%): 5.57 err/s: 0.00 reconn/s: 0.00
[ 38s ] thds: 4 tps: 1539.96 qps: 45164.80 (r/w/o: 20782.95/21301.93/3079.92) lat (ms,95%): 5.67 err/s: 0.00 reconn/s: 0.00
[ 40s ] thds: 4 tps: 1531.03 qps: 44748.33 (r/w/o: 20650.88/21035.89/3061.56) lat (ms,95%): 5.57 err/s: 0.00 reconn/s: 0.00
[ 42s ] thds: 4 tps: 1546.49 qps: 44871.14 (r/w/o: 20650.33/21127.33/3093.48) lat (ms,95%): 5.67 err/s: 0.00 reconn/s: 0.00
[ 44s ] thds: 4 tps: 1606.50 qps: 45049.51 (r/w/o: 20683.01/21153.51/3213.00) lat (ms,95%): 5.47 err/s: 0.00 reconn/s: 0.00
[ 46s ] thds: 4 tps: 1578.00 qps: 45278.87 (r/w/o: 20834.44/21288.44/3155.99) lat (ms,95%): 5.37 err/s: 0.00 reconn/s: 0.00
[ 48s ] thds: 4 tps: 689.02 qps: 20620.22 (r/w/o: 9503.83/9738.34/1378.05) lat (ms,95%): 30.26 err/s: 0.00 reconn/s: 0.00
[ 50s ] thds: 4 tps: 370.99 qps: 10403.74 (r/w/o: 4768.88/4892.88/741.98) lat (ms,95%): 16.41 err/s: 0.00 reconn/s: 0.00
[ 52s ] thds: 4 tps: 1459.51 qps: 41354.88 (r/w/o: 19026.67/19409.18/2919.03) lat (ms,95%): 6.21 err/s: 0.00 reconn/s: 0.00
[ 54s ] thds: 4 tps: 1583.02 qps: 45859.48 (r/w/o: 21107.22/21586.22/3166.03) lat (ms,95%): 5.47 err/s: 0.00 reconn/s: 0.00
[ 56s ] thds: 4 tps: 1543.96 qps: 45685.89 (r/w/o: 21037.99/21559.98/3087.93) lat (ms,95%): 5.57 err/s: 0.00 reconn/s: 0.00
[ 58s ] thds: 4 tps: 1722.48 qps: 48848.44 (r/w/o: 22419.24/22984.24/3444.96) lat (ms,95%): 5.37 err/s: 0.00 reconn/s: 0.00
[ 60s ] thds: 4 tps: 1660.51 qps: 49277.93 (r/w/o: 22743.20/23213.70/3321.03) lat (ms,95%): 5.37 err/s: 0.00 reconn/s: 0.00
[ 62s ] thds: 4 tps: 1696.05 qps: 49222.93 (r/w/o: 22683.16/23147.67/3392.10) lat (ms,95%): 5.18 err/s: 0.00 reconn/s: 0.00
[ 64s ] thds: 4 tps: 1720.47 qps: 49351.27 (r/w/o: 22707.66/23202.65/3440.95) lat (ms,95%): 5.18 err/s: 0.00 reconn/s: 0.00
[ 66s ] thds: 4 tps: 1717.03 qps: 49017.22 (r/w/o: 22565.33/23017.84/3434.05) lat (ms,95%): 5.18 err/s: 0.00 reconn/s: 0.00
[ 68s ] thds: 4 tps: 1656.46 qps: 48717.80 (r/w/o: 22444.95/22959.93/3312.92) lat (ms,95%): 5.37 err/s: 0.00 reconn/s: 0.00
[ 70s ] thds: 4 tps: 1660.53 qps: 48654.51 (r/w/o: 22425.96/22907.47/3321.07) lat (ms,95%): 5.37 err/s: 0.00 reconn/s: 0.00
[ 72s ] thds: 4 tps: 1740.92 qps: 49953.24 (r/w/o: 23015.46/23455.94/3481.84) lat (ms,95%): 5.09 err/s: 0.00 reconn/s: 0.00
[ 74s ] thds: 4 tps: 1685.58 qps: 49276.93 (r/w/o: 22692.12/23213.64/3371.17) lat (ms,95%): 5.28 err/s: 0.00 reconn/s: 0.00
[ 76s ] thds: 4 tps: 1621.94 qps: 47427.64 (r/w/o: 21892.64/22291.12/3243.87) lat (ms,95%): 5.47 err/s: 0.00 reconn/s: 0.00
[ 78s ] thds: 4 tps: 1648.01 qps: 46277.27 (r/w/o: 21263.62/21717.63/3296.02) lat (ms,95%): 5.57 err/s: 0.00 reconn/s: 0.00
[ 80s ] thds: 4 tps: 1567.00 qps: 45031.56 (r/w/o: 20674.03/21223.53/3134.00) lat (ms,95%): 5.99 err/s: 0.00 reconn/s: 0.00
[ 82s ] thds: 4 tps: 1585.49 qps: 45788.11 (r/w/o: 21093.82/21523.32/3170.97) lat (ms,95%): 5.57 err/s: 0.00 reconn/s: 0.00
[ 84s ] thds: 4 tps: 1714.51 qps: 48327.67 (r/w/o: 22205.08/22693.58/3429.01) lat (ms,95%): 5.37 err/s: 0.00 reconn/s: 0.00
[ 86s ] thds: 4 tps: 1554.96 qps: 44605.30 (r/w/o: 20576.45/20918.94/3109.92) lat (ms,95%): 5.99 err/s: 0.00 reconn/s: 0.00
[ 88s ] thds: 4 tps: 1346.01 qps: 38087.64 (r/w/o: 17549.07/17846.57/2692.01) lat (ms,95%): 7.17 err/s: 0.00 reconn/s: 0.00
[ 90s ] thds: 4 tps: 1566.60 qps: 44207.86 (r/w/o: 20338.32/20736.34/3133.20) lat (ms,95%): 5.67 err/s: 0.00 reconn/s: 0.00
[ 92s ] thds: 4 tps: 1669.97 qps: 49368.62 (r/w/o: 22786.09/23242.59/3339.94) lat (ms,95%): 5.18 err/s: 0.00 reconn/s: 0.00
[ 94s ] thds: 4 tps: 1721.01 qps: 49030.21 (r/w/o: 22512.60/23075.60/3442.01) lat (ms,95%): 5.28 err/s: 0.00 reconn/s: 0.00
[ 96s ] thds: 4 tps: 1636.50 qps: 48701.91 (r/w/o: 22439.96/22988.96/3272.99) lat (ms,95%): 5.57 err/s: 0.00 reconn/s: 0.00
[ 98s ] thds: 4 tps: 1691.00 qps: 49057.03 (r/w/o: 22598.51/23076.51/3382.00) lat (ms,95%): 5.28 err/s: 0.00 reconn/s: 0.00
[ 100s ] thds: 4 tps: 1697.94 qps: 48379.89 (r/w/o: 22234.26/22749.74/3395.89) lat (ms,95%): 5.37 err/s: 0.00 reconn/s: 0.00
[ 102s ] thds: 4 tps: 1673.57 qps: 48878.50 (r/w/o: 22528.92/23002.44/3347.14) lat (ms,95%): 5.28 err/s: 0.00 reconn/s: 0.00
[ 104s ] thds: 4 tps: 1668.87 qps: 49157.19 (r/w/o: 22644.25/23175.21/3337.74) lat (ms,95%): 5.37 err/s: 0.00 reconn/s: 0.00
[ 106s ] thds: 4 tps: 1728.12 qps: 49330.31 (r/w/o: 22705.02/23169.06/3456.23) lat (ms,95%): 5.09 err/s: 0.00 reconn/s: 0.00
[ 108s ] thds: 4 tps: 1697.99 qps: 49181.31 (r/w/o: 22638.41/23146.91/3395.99) lat (ms,95%): 5.28 err/s: 0.00 reconn/s: 0.00
[ 110s ] thds: 4 tps: 1055.04 qps: 30561.04 (r/w/o: 14079.98/14370.99/2110.07) lat (ms,95%): 8.28 err/s: 0.00 reconn/s: 0.00
[ 112s ] thds: 4 tps: 812.99 qps: 23261.21 (r/w/o: 10732.37/10902.86/1625.98) lat (ms,95%): 9.39 err/s: 0.00 reconn/s: 0.00
[ 114s ] thds: 4 tps: 772.47 qps: 22856.60 (r/w/o: 10537.08/10774.57/1544.94) lat (ms,95%): 9.39 err/s: 0.00 reconn/s: 0.00
[ 116s ] thds: 4 tps: 796.53 qps: 22892.43 (r/w/o: 10558.43/10740.94/1593.06) lat (ms,95%): 9.56 err/s: 0.00 reconn/s: 0.00
[ 118s ] thds: 4 tps: 782.92 qps: 23326.08 (r/w/o: 10769.88/10990.36/1565.84) lat (ms,95%): 9.56 err/s: 0.00 reconn/s: 0.00
[ 120s ] thds: 4 tps: 766.59 qps: 22658.09 (r/w/o: 10449.20/10675.72/1533.18) lat (ms,95%): 9.56 err/s: 0.00 reconn/s: 0.00
[ 122s ] thds: 4 tps: 778.92 qps: 23180.70 (r/w/o: 10678.94/10943.91/1557.85) lat (ms,95%): 9.56 err/s: 0.00 reconn/s: 0.00
[ 124s ] thds: 4 tps: 783.02 qps: 22572.03 (r/w/o: 10375.24/10631.75/1565.04) lat (ms,95%): 9.56 err/s: 0.00 reconn/s: 0.00
[ 126s ] thds: 4 tps: 817.50 qps: 23237.06 (r/w/o: 10690.03/10911.03/1636.00) lat (ms,95%): 9.39 err/s: 0.00 reconn/s: 0.00
[ 128s ] thds: 4 tps: 815.56 qps: 23660.63 (r/w/o: 10885.25/11144.27/1631.11) lat (ms,95%): 9.22 err/s: 0.00 reconn/s: 0.00
[ 130s ] thds: 4 tps: 801.42 qps: 23033.21 (r/w/o: 10605.95/10824.43/1602.84) lat (ms,95%): 9.39 err/s: 0.00 reconn/s: 0.00
[ 132s ] thds: 4 tps: 805.49 qps: 23552.76 (r/w/o: 10853.39/11088.39/1610.98) lat (ms,95%): 9.39 err/s: 0.00 reconn/s: 0.00
[ 134s ] thds: 4 tps: 807.51 qps: 22769.74 (r/w/o: 10471.61/10683.11/1615.02) lat (ms,95%): 9.39 err/s: 0.00 reconn/s: 0.00
[ 136s ] thds: 4 tps: 730.08 qps: 21859.29 (r/w/o: 10077.05/10322.08/1460.15) lat (ms,95%): 10.09 err/s: 0.00 reconn/s: 0.00
[ 138s ] thds: 4 tps: 800.49 qps: 23188.75 (r/w/o: 10670.89/10916.88/1600.98) lat (ms,95%): 9.39 err/s: 0.00 reconn/s: 0.00
[ 140s ] thds: 4 tps: 796.40 qps: 23773.91 (r/w/o: 10923.58/11257.54/1592.79) lat (ms,95%): 9.39 err/s: 0.00 reconn/s: 0.00
[ 142s ] thds: 4 tps: 836.53 qps: 23509.82 (r/w/o: 10830.38/11006.38/1673.06) lat (ms,95%): 9.22 err/s: 0.00 reconn/s: 0.00
[ 144s ] thds: 4 tps: 824.02 qps: 23057.94 (r/w/o: 10566.70/10843.21/1648.03) lat (ms,95%): 9.22 err/s: 0.00 reconn/s: 0.00
[ 146s ] thds: 4 tps: 807.58 qps: 23181.32 (r/w/o: 10649.57/10916.59/1615.16) lat (ms,95%): 9.22 err/s: 0.00 reconn/s: 0.00
[ 148s ] thds: 4 tps: 771.91 qps: 22249.85 (r/w/o: 10262.28/10443.76/1543.82) lat (ms,95%): 9.56 err/s: 0.00 reconn/s: 0.00
[ 150s ] thds: 4 tps: 792.52 qps: 23301.02 (r/w/o: 10748.74/10967.25/1585.04) lat (ms,95%): 9.39 err/s: 0.00 reconn/s: 0.00
[ 152s ] thds: 4 tps: 807.56 qps: 23197.86 (r/w/o: 10690.36/10892.38/1615.13) lat (ms,95%): 9.22 err/s: 0.00 reconn/s: 0.00
[ 154s ] thds: 4 tps: 793.50 qps: 23363.53 (r/w/o: 10775.51/11001.01/1587.00) lat (ms,95%): 9.39 err/s: 0.00 reconn/s: 0.00
[ 156s ] thds: 4 tps: 806.49 qps: 23710.85 (r/w/o: 10926.43/11171.43/1612.99) lat (ms,95%): 9.39 err/s: 0.00 reconn/s: 0.00
[ 158s ] thds: 4 tps: 791.87 qps: 23155.28 (r/w/o: 10660.29/10911.25/1583.75) lat (ms,95%): 9.39 err/s: 0.00 reconn/s: 0.00
[ 160s ] thds: 4 tps: 802.51 qps: 23109.15 (r/w/o: 10596.57/10907.57/1605.01) lat (ms,95%): 9.39 err/s: 0.00 reconn/s: 0.00
[ 162s ] thds: 4 tps: 788.61 qps: 22780.54 (r/w/o: 10497.40/10705.93/1577.21) lat (ms,95%): 9.39 err/s: 0.00 reconn/s: 0.00
[ 164s ] thds: 4 tps: 769.00 qps: 22623.03 (r/w/o: 10388.02/10697.02/1538.00) lat (ms,95%): 9.39 err/s: 0.00 reconn/s: 0.00
[ 166s ] thds: 4 tps: 804.39 qps: 23403.86 (r/w/o: 10780.05/11015.02/1608.78) lat (ms,95%): 9.39 err/s: 0.00 reconn/s: 0.00
[ 168s ] thds: 4 tps: 787.59 qps: 23784.84 (r/w/o: 10939.31/11270.35/1575.19) lat (ms,95%): 9.39 err/s: 0.00 reconn/s: 0.00
[ 170s ] thds: 4 tps: 804.53 qps: 22516.43 (r/w/o: 10342.43/10564.94/1609.07) lat (ms,95%): 9.22 err/s: 0.00 reconn/s: 0.00
[ 172s ] thds: 4 tps: 804.00 qps: 23343.10 (r/w/o: 10748.54/10986.55/1608.01) lat (ms,95%): 9.56 err/s: 0.00 reconn/s: 0.00
[ 174s ] thds: 4 tps: 791.49 qps: 22785.20 (r/w/o: 10520.36/10681.86/1582.98) lat (ms,95%): 9.73 err/s: 0.00 reconn/s: 0.00
[ 176s ] thds: 4 tps: 789.99 qps: 22947.10 (r/w/o: 10551.82/10815.31/1579.97) lat (ms,95%): 9.39 err/s: 0.00 reconn/s: 0.00
[ 178s ] thds: 4 tps: 800.94 qps: 23378.19 (r/w/o: 10777.67/10998.65/1601.88) lat (ms,95%): 9.39 err/s: 0.00 reconn/s: 0.00
[ 180s ] thds: 4 tps: 773.50 qps: 22818.46 (r/w/o: 10475.48/10795.98/1547.00) lat (ms,95%): 9.73 err/s: 0.00 reconn/s: 0.00
[ 182s ] thds: 4 tps: 795.48 qps: 22801.57 (r/w/o: 10479.30/10731.30/1590.97) lat (ms,95%): 9.56 err/s: 0.00 reconn/s: 0.00
[ 184s ] thds: 4 tps: 789.60 qps: 22318.81 (r/w/o: 10234.29/10505.32/1579.20) lat (ms,95%): 9.56 err/s: 0.00 reconn/s: 0.00
[ 186s ] thds: 4 tps: 824.99 qps: 23749.85 (r/w/o: 10948.43/11151.43/1649.99) lat (ms,95%): 9.06 err/s: 0.00 reconn/s: 0.00
[ 188s ] thds: 4 tps: 827.93 qps: 23423.06 (r/w/o: 10738.61/11028.59/1655.86) lat (ms,95%): 9.22 err/s: 0.00 reconn/s: 0.00
[ 190s ] thds: 4 tps: 732.56 qps: 21602.23 (r/w/o: 9907.79/10229.32/1465.12) lat (ms,95%): 10.65 err/s: 0.00 reconn/s: 0.00
[ 192s ] thds: 4 tps: 805.92 qps: 23218.21 (r/w/o: 10669.95/10936.42/1611.84) lat (ms,95%): 9.39 err/s: 0.00 reconn/s: 0.00
[ 194s ] thds: 4 tps: 800.08 qps: 23339.72 (r/w/o: 10736.52/11003.04/1600.15) lat (ms,95%): 9.39 err/s: 0.00 reconn/s: 0.00
[ 196s ] thds: 4 tps: 779.92 qps: 23215.11 (r/w/o: 10704.40/10950.87/1559.84) lat (ms,95%): 9.39 err/s: 0.00 reconn/s: 0.00
[ 198s ] thds: 4 tps: 810.09 qps: 23265.16 (r/w/o: 10714.73/10930.25/1620.19) lat (ms,95%): 9.39 err/s: 0.00 reconn/s: 0.00
[ 200s ] thds: 4 tps: 818.00 qps: 23310.37 (r/w/o: 10728.44/10946.44/1635.49) lat (ms,95%): 9.39 err/s: 0.00 reconn/s: 0.00
[ 202s ] thds: 4 tps: 822.88 qps: 23508.95 (r/w/o: 10841.86/11020.83/1646.25) lat (ms,95%): 9.22 err/s: 0.00 reconn/s: 0.00
[ 204s ] thds: 4 tps: 817.13 qps: 23278.67 (r/w/o: 10710.69/10933.72/1634.26) lat (ms,95%): 9.22 err/s: 0.00 reconn/s: 0.00
[ 206s ] thds: 4 tps: 801.50 qps: 23588.42 (r/w/o: 10885.46/11099.96/1602.99) lat (ms,95%): 9.39 err/s: 0.00 reconn/s: 0.00
[ 208s ] thds: 4 tps: 800.47 qps: 23136.69 (r/w/o: 10620.13/10915.62/1600.94) lat (ms,95%): 9.39 err/s: 0.00 reconn/s: 0.00
[ 210s ] thds: 4 tps: 788.95 qps: 22489.06 (r/w/o: 10356.34/10554.82/1577.90) lat (ms,95%): 9.56 err/s: 0.00 reconn/s: 0.00
[ 212s ] thds: 4 tps: 785.05 qps: 23385.52 (r/w/o: 10782.70/11032.72/1570.10) lat (ms,95%): 9.56 err/s: 0.00 reconn/s: 0.00
[ 214s ] thds: 4 tps: 808.97 qps: 23659.51 (r/w/o: 10905.04/11136.53/1617.93) lat (ms,95%): 9.39 err/s: 0.00 reconn/s: 0.00
[ 216s ] thds: 4 tps: 749.98 qps: 21650.40 (r/w/o: 9975.72/10174.72/1499.96) lat (ms,95%): 9.73 err/s: 0.00 reconn/s: 0.00
[ 218s ] thds: 4 tps: 817.52 qps: 23545.18 (r/w/o: 10823.81/11086.32/1635.05) lat (ms,95%): 9.22 err/s: 0.00 reconn/s: 0.00
[ 220s ] thds: 4 tps: 806.04 qps: 23005.09 (r/w/o: 10626.50/10766.51/1612.08) lat (ms,95%): 9.39 err/s: 0.00 reconn/s: 0.00
[ 222s ] thds: 4 tps: 810.94 qps: 23199.72 (r/w/o: 10668.68/10909.16/1621.88) lat (ms,95%): 9.39 err/s: 0.00 reconn/s: 0.00
[ 224s ] thds: 4 tps: 813.56 qps: 23192.68 (r/w/o: 10670.77/10894.79/1627.12) lat (ms,95%): 9.39 err/s: 0.00 reconn/s: 0.00
[ 226s ] thds: 4 tps: 813.50 qps: 23178.58 (r/w/o: 10682.03/10869.54/1627.01) lat (ms,95%): 9.39 err/s: 0.00 reconn/s: 0.00
[ 228s ] thds: 4 tps: 781.43 qps: 23128.45 (r/w/o: 10645.06/10920.53/1562.86) lat (ms,95%): 9.56 err/s: 0.00 reconn/s: 0.00
[ 230s ] thds: 4 tps: 801.09 qps: 23070.20 (r/w/o: 10613.24/10854.77/1602.19) lat (ms,95%): 9.22 err/s: 0.00 reconn/s: 0.00
[ 232s ] thds: 4 tps: 801.42 qps: 22925.08 (r/w/o: 10578.38/10743.87/1602.83) lat (ms,95%): 9.73 err/s: 0.00 reconn/s: 0.00
[ 234s ] thds: 4 tps: 780.58 qps: 23028.48 (r/w/o: 10620.64/10846.67/1561.17) lat (ms,95%): 9.73 err/s: 0.00 reconn/s: 0.00
[ 236s ] thds: 4 tps: 788.41 qps: 23050.01 (r/w/o: 10617.35/10855.83/1576.83) lat (ms,95%): 9.39 err/s: 0.00 reconn/s: 0.00
[ 238s ] thds: 4 tps: 769.08 qps: 22810.84 (r/w/o: 10501.08/10771.60/1538.16) lat (ms,95%): 9.73 err/s: 0.00 reconn/s: 0.00
[ 240s ] thds: 4 tps: 778.50 qps: 22637.63 (r/w/o: 10419.06/10661.56/1557.01) lat (ms,95%): 9.73 err/s: 0.00 reconn/s: 0.00
[ 242s ] thds: 4 tps: 769.91 qps: 22425.35 (r/w/o: 10290.28/10595.25/1539.82) lat (ms,95%): 9.73 err/s: 0.00 reconn/s: 0.00
[ 244s ] thds: 4 tps: 741.51 qps: 21105.27 (r/w/o: 9698.12/9924.13/1483.02) lat (ms,95%): 9.91 err/s: 0.00 reconn/s: 0.00
[ 246s ] thds: 4 tps: 821.59 qps: 23536.95 (r/w/o: 10835.13/11058.65/1643.17) lat (ms,95%): 9.22 err/s: 0.00 reconn/s: 0.00
[ 248s ] thds: 4 tps: 796.50 qps: 23279.50 (r/w/o: 10698.50/10988.00/1593.00) lat (ms,95%): 9.39 err/s: 0.00 reconn/s: 0.00
[ 250s ] thds: 4 tps: 789.99 qps: 23057.75 (r/w/o: 10627.89/10849.88/1579.98) lat (ms,95%): 9.56 err/s: 0.00 reconn/s: 0.00
[ 252s ] thds: 4 tps: 796.38 qps: 23411.88 (r/w/o: 10748.84/11070.29/1592.75) lat (ms,95%): 9.39 err/s: 0.00 reconn/s: 0.00
[ 254s ] thds: 4 tps: 793.54 qps: 23299.72 (r/w/o: 10735.56/10977.08/1587.08) lat (ms,95%): 9.39 err/s: 0.00 reconn/s: 0.00
[ 256s ] thds: 4 tps: 791.08 qps: 22886.34 (r/w/o: 10560.08/10744.10/1582.16) lat (ms,95%): 9.56 err/s: 0.00 reconn/s: 0.00
[ 258s ] thds: 4 tps: 806.42 qps: 23632.73 (r/w/o: 10896.96/11122.93/1612.85) lat (ms,95%): 9.39 err/s: 0.00 reconn/s: 0.00
[ 260s ] thds: 4 tps: 810.06 qps: 23272.74 (r/w/o: 10735.80/10916.82/1620.12) lat (ms,95%): 9.39 err/s: 0.00 reconn/s: 0.00
[ 262s ] thds: 4 tps: 822.03 qps: 23729.74 (r/w/o: 10939.84/11145.85/1644.05) lat (ms,95%): 9.06 err/s: 0.00 reconn/s: 0.00
[ 264s ] thds: 4 tps: 796.92 qps: 23542.54 (r/w/o: 10817.37/11131.34/1593.83) lat (ms,95%): 9.39 err/s: 0.00 reconn/s: 0.00
[ 266s ] thds: 4 tps: 796.08 qps: 23520.89 (r/w/o: 10785.09/11143.63/1592.16) lat (ms,95%): 9.39 err/s: 0.00 reconn/s: 0.00
[ 268s ] thds: 4 tps: 812.92 qps: 23042.71 (r/w/o: 10554.45/10862.42/1625.84) lat (ms,95%): 9.39 err/s: 0.00 reconn/s: 0.00
[ 270s ] thds: 4 tps: 727.58 qps: 20743.64 (r/w/o: 9531.48/9757.01/1455.15) lat (ms,95%): 10.65 err/s: 0.00 reconn/s: 0.00
[ 272s ] thds: 4 tps: 786.47 qps: 23593.72 (r/w/o: 10838.14/11182.63/1572.95) lat (ms,95%): 9.39 err/s: 0.00 reconn/s: 0.00
[ 274s ] thds: 4 tps: 804.50 qps: 23083.61 (r/w/o: 10595.55/10879.05/1609.01) lat (ms,95%): 9.56 err/s: 0.00 reconn/s: 0.00
[ 276s ] thds: 4 tps: 818.51 qps: 23103.25 (r/w/o: 10600.11/10866.12/1637.02) lat (ms,95%): 9.22 err/s: 0.00 reconn/s: 0.00
[ 278s ] thds: 4 tps: 806.01 qps: 23389.90 (r/w/o: 10769.68/11008.19/1612.03) lat (ms,95%): 9.39 err/s: 0.00 reconn/s: 0.00
[ 280s ] thds: 4 tps: 786.50 qps: 23194.54 (r/w/o: 10662.02/10959.52/1573.00) lat (ms,95%): 9.39 err/s: 0.00 reconn/s: 0.00
[ 282s ] thds: 4 tps: 809.42 qps: 23264.75 (r/w/o: 10721.46/10924.44/1618.84) lat (ms,95%): 9.22 err/s: 0.00 reconn/s: 0.00
[ 284s ] thds: 4 tps: 781.57 qps: 23112.72 (r/w/o: 10654.52/10895.05/1563.15) lat (ms,95%): 9.56 err/s: 0.00 reconn/s: 0.00
[ 286s ] thds: 4 tps: 785.00 qps: 23810.48 (r/w/o: 10989.99/11250.49/1570.00) lat (ms,95%): 9.56 err/s: 0.00 reconn/s: 0.00
[ 288s ] thds: 4 tps: 781.42 qps: 23312.53 (r/w/o: 10754.86/10994.83/1562.83) lat (ms,95%): 9.56 err/s: 0.00 reconn/s: 0.00
[ 290s ] thds: 4 tps: 782.00 qps: 22985.00 (r/w/o: 10562.00/10859.00/1564.00) lat (ms,95%): 9.73 err/s: 0.00 reconn/s: 0.00
[ 292s ] thds: 4 tps: 771.58 qps: 22741.93 (r/w/o: 10471.62/10727.15/1543.16) lat (ms,95%): 9.73 err/s: 0.00 reconn/s: 0.00
[ 294s ] thds: 4 tps: 766.51 qps: 23045.30 (r/w/o: 10642.64/10869.64/1533.02) lat (ms,95%): 9.73 err/s: 0.00 reconn/s: 0.00
[ 296s ] thds: 4 tps: 742.47 qps: 21020.64 (r/w/o: 9682.10/9853.60/1484.94) lat (ms,95%): 9.73 err/s: 0.00 reconn/s: 0.00
[ 298s ] thds: 4 tps: 772.02 qps: 22599.62 (r/w/o: 10402.79/10652.79/1544.04) lat (ms,95%): 9.56 err/s: 0.00 reconn/s: 0.00
[ 300s ] thds: 4 tps: 785.50 qps: 22452.01 (r/w/o: 10315.01/10566.01/1571.00) lat (ms,95%): 9.56 err/s: 0.00 reconn/s: 0.00
SQL statistics:
    queries performed:
        read:                            4028841
        write:                           4119124
        other:                           604072
        total:                           8752037
    transactions:                        302032 (1006.76 per sec.)
    queries:                             8752037 (29173.11 per sec.)
    ignored errors:                      0      (0.00 per sec.)
    reconnects:                          0      (0.00 per sec.)

Throughput:
    events/s (eps):                      1006.7613
    time elapsed:                        300.0036s
    total number of events:              302032

Latency (ms):
         min:                                    0.24
         avg:                                    3.97
         max:                                   80.72
         95th percentile:                        8.90
         sum:                              1199683.93

Threads fairness:
    events (avg/stddev):           75508.0000/186.29
    execution time (avg/stddev):   299.9210/0.00

sysbench 1.1.0 (using bundled LuaJIT 2.1.0-beta3)

Running the test with following options:
Number of threads: 8
Report intermediate results every 2 second(s)
Initializing random number generator from current time


Initializing worker threads...

** Using FOR UPDATE : 1
** FORCE_PRIMARY : 0
** FORCE_NULL : 0
=> Using SESSION ops: 
Threads started!

[ 2s ] thds: 8 tps: 1501.13 qps: 43582.16 (r/w/o: 20058.51/20509.40/3014.25) lat (ms,95%): 9.91 err/s: 0.00 reconn/s: 0.00
[ 4s ] thds: 8 tps: 1503.36 qps: 42819.62 (r/w/o: 19711.71/20101.18/3006.73) lat (ms,95%): 9.91 err/s: 0.00 reconn/s: 0.00
[ 6s ] thds: 8 tps: 1484.52 qps: 43931.14 (r/w/o: 20271.29/20690.80/2969.04) lat (ms,95%): 9.73 err/s: 0.00 reconn/s: 0.00
[ 8s ] thds: 8 tps: 1492.68 qps: 42781.27 (r/w/o: 19703.93/20091.97/2985.37) lat (ms,95%): 9.73 err/s: 0.00 reconn/s: 0.00
[ 10s ] thds: 8 tps: 1459.49 qps: 41878.15 (r/w/o: 19249.34/19709.84/2918.98) lat (ms,95%): 9.73 err/s: 0.00 reconn/s: 0.00
[ 12s ] thds: 8 tps: 1473.89 qps: 42262.36 (r/w/o: 19462.05/19852.52/2947.78) lat (ms,95%): 10.09 err/s: 0.00 reconn/s: 0.00
[ 14s ] thds: 8 tps: 1475.51 qps: 42051.39 (r/w/o: 19375.18/19725.18/2951.03) lat (ms,95%): 10.27 err/s: 0.00 reconn/s: 0.00
[ 16s ] thds: 8 tps: 1450.10 qps: 41935.78 (r/w/o: 19319.28/19716.31/2900.19) lat (ms,95%): 10.46 err/s: 0.00 reconn/s: 0.00
[ 18s ] thds: 8 tps: 1285.01 qps: 37614.71 (r/w/o: 17300.10/17744.60/2570.01) lat (ms,95%): 11.65 err/s: 0.00 reconn/s: 0.00
[ 20s ] thds: 8 tps: 1397.98 qps: 41131.42 (r/w/o: 18935.73/19399.73/2795.96) lat (ms,95%): 11.04 err/s: 0.00 reconn/s: 0.00
[ 22s ] thds: 8 tps: 1395.46 qps: 41737.39 (r/w/o: 19273.99/19672.48/2790.93) lat (ms,95%): 11.24 err/s: 0.00 reconn/s: 0.00
[ 24s ] thds: 8 tps: 1390.54 qps: 41386.83 (r/w/o: 19061.11/19544.63/2781.09) lat (ms,95%): 11.04 err/s: 0.00 reconn/s: 0.00
[ 26s ] thds: 8 tps: 1433.49 qps: 41541.74 (r/w/o: 19113.38/19561.38/2866.98) lat (ms,95%): 10.84 err/s: 0.00 reconn/s: 0.00
[ 28s ] thds: 8 tps: 1405.51 qps: 41328.90 (r/w/o: 19052.68/19465.19/2811.03) lat (ms,95%): 10.84 err/s: 0.00 reconn/s: 0.00
[ 30s ] thds: 8 tps: 1447.89 qps: 41606.22 (r/w/o: 19143.49/19566.96/2895.77) lat (ms,95%): 10.46 err/s: 0.00 reconn/s: 0.00
[ 32s ] thds: 8 tps: 1430.62 qps: 42148.98 (r/w/o: 19444.61/19843.14/2861.24) lat (ms,95%): 10.46 err/s: 0.00 reconn/s: 0.00
[ 34s ] thds: 8 tps: 2266.36 qps: 65597.92 (r/w/o: 30110.13/30955.08/4532.72) lat (ms,95%): 8.28 err/s: 0.00 reconn/s: 0.00
[ 36s ] thds: 8 tps: 2460.99 qps: 71287.08 (r/w/o: 32812.81/33552.30/4921.97) lat (ms,95%): 7.84 err/s: 0.00 reconn/s: 0.00
[ 38s ] thds: 8 tps: 2388.01 qps: 70554.20 (r/w/o: 32487.09/33291.09/4776.01) lat (ms,95%): 7.84 err/s: 0.00 reconn/s: 0.00
[ 40s ] thds: 8 tps: 2466.51 qps: 71637.83 (r/w/o: 32943.65/33761.15/4933.02) lat (ms,95%): 7.84 err/s: 0.00 reconn/s: 0.00
[ 42s ] thds: 8 tps: 2500.52 qps: 72149.20 (r/w/o: 33224.32/33923.83/5001.05) lat (ms,95%): 7.43 err/s: 0.00 reconn/s: 0.00
[ 44s ] thds: 8 tps: 2402.97 qps: 70329.49 (r/w/o: 32374.54/33149.03/4805.93) lat (ms,95%): 7.84 err/s: 0.00 reconn/s: 0.00
[ 46s ] thds: 8 tps: 2512.55 qps: 73248.43 (r/w/o: 33783.16/34440.17/5025.10) lat (ms,95%): 6.91 err/s: 0.00 reconn/s: 0.00
[ 48s ] thds: 8 tps: 2466.04 qps: 71640.55 (r/w/o: 32934.48/33774.00/4932.07) lat (ms,95%): 7.84 err/s: 0.00 reconn/s: 0.00
[ 50s ] thds: 8 tps: 2500.40 qps: 71775.00 (r/w/o: 32999.12/33775.09/5000.79) lat (ms,95%): 7.70 err/s: 0.00 reconn/s: 0.00
[ 52s ] thds: 8 tps: 2535.04 qps: 72222.64 (r/w/o: 33161.02/33991.53/5070.08) lat (ms,95%): 7.70 err/s: 0.00 reconn/s: 0.00
[ 54s ] thds: 8 tps: 2468.52 qps: 70469.50 (r/w/o: 32392.23/33140.24/4937.04) lat (ms,95%): 7.84 err/s: 0.00 reconn/s: 0.00
[ 56s ] thds: 8 tps: 2486.00 qps: 72297.54 (r/w/o: 33270.52/34055.02/4972.00) lat (ms,95%): 7.56 err/s: 0.00 reconn/s: 0.00
[ 58s ] thds: 8 tps: 2483.00 qps: 72192.63 (r/w/o: 33170.06/34056.56/4966.01) lat (ms,95%): 7.84 err/s: 0.00 reconn/s: 0.00
[ 60s ] thds: 8 tps: 2504.96 qps: 71740.37 (r/w/o: 32918.48/33811.97/5009.92) lat (ms,95%): 7.70 err/s: 0.00 reconn/s: 0.00
[ 62s ] thds: 8 tps: 2466.01 qps: 72404.25 (r/w/o: 33308.61/34163.62/4932.02) lat (ms,95%): 7.70 err/s: 0.00 reconn/s: 0.00
[ 64s ] thds: 8 tps: 2428.01 qps: 71266.25 (r/w/o: 32836.62/33573.62/4856.02) lat (ms,95%): 7.70 err/s: 0.00 reconn/s: 0.00
[ 66s ] thds: 8 tps: 2469.05 qps: 70710.41 (r/w/o: 32561.15/33211.16/4938.10) lat (ms,95%): 7.70 err/s: 0.00 reconn/s: 0.00
[ 68s ] thds: 8 tps: 2485.45 qps: 71823.17 (r/w/o: 33101.39/33750.87/4970.91) lat (ms,95%): 7.56 err/s: 0.00 reconn/s: 0.00
[ 70s ] thds: 8 tps: 2441.99 qps: 71071.74 (r/w/o: 32724.88/33462.88/4883.98) lat (ms,95%): 7.70 err/s: 0.00 reconn/s: 0.00
[ 72s ] thds: 8 tps: 2515.48 qps: 72337.92 (r/w/o: 33278.23/34028.73/5030.96) lat (ms,95%): 7.84 err/s: 0.00 reconn/s: 0.00
[ 74s ] thds: 8 tps: 2476.85 qps: 71302.74 (r/w/o: 32789.54/33559.49/4953.70) lat (ms,95%): 7.56 err/s: 0.00 reconn/s: 0.00
[ 76s ] thds: 8 tps: 2464.66 qps: 71309.16 (r/w/o: 32848.15/33531.69/4929.32) lat (ms,95%): 7.56 err/s: 0.00 reconn/s: 0.00
[ 78s ] thds: 8 tps: 2474.04 qps: 71406.15 (r/w/o: 32837.03/33621.04/4948.08) lat (ms,95%): 7.84 err/s: 0.00 reconn/s: 0.00
[ 80s ] thds: 8 tps: 2487.94 qps: 72390.14 (r/w/o: 33378.14/34036.13/4975.87) lat (ms,95%): 7.04 err/s: 0.00 reconn/s: 0.00
[ 82s ] thds: 8 tps: 1935.49 qps: 55960.68 (r/w/o: 25775.35/26314.35/3870.98) lat (ms,95%): 9.06 err/s: 0.00 reconn/s: 0.00
[ 84s ] thds: 8 tps: 1426.05 qps: 41387.39 (r/w/o: 19071.64/19463.66/2852.10) lat (ms,95%): 10.84 err/s: 0.00 reconn/s: 0.00
[ 86s ] thds: 8 tps: 1401.94 qps: 40478.67 (r/w/o: 18654.66/19020.14/2803.87) lat (ms,95%): 10.46 err/s: 0.00 reconn/s: 0.00
[ 88s ] thds: 8 tps: 1314.61 qps: 38824.89 (r/w/o: 17908.06/18287.60/2629.23) lat (ms,95%): 11.24 err/s: 0.00 reconn/s: 0.00
[ 90s ] thds: 8 tps: 1441.45 qps: 42424.17 (r/w/o: 19585.89/19955.38/2882.91) lat (ms,95%): 10.46 err/s: 0.00 reconn/s: 0.00
[ 92s ] thds: 8 tps: 1436.93 qps: 41903.95 (r/w/o: 19309.06/19721.04/2873.86) lat (ms,95%): 10.09 err/s: 0.00 reconn/s: 0.00
[ 94s ] thds: 8 tps: 1409.11 qps: 41444.13 (r/w/o: 19042.94/19582.98/2818.21) lat (ms,95%): 11.04 err/s: 0.00 reconn/s: 0.00
[ 96s ] thds: 8 tps: 1438.95 qps: 42455.42 (r/w/o: 19564.27/20013.25/2877.89) lat (ms,95%): 10.09 err/s: 0.00 reconn/s: 0.00
[ 98s ] thds: 8 tps: 1479.06 qps: 43087.18 (r/w/o: 19815.77/20313.29/2958.12) lat (ms,95%): 10.46 err/s: 0.00 reconn/s: 0.00
[ 100s ] thds: 8 tps: 1474.99 qps: 42281.66 (r/w/o: 19423.85/19907.84/2949.98) lat (ms,95%): 10.27 err/s: 0.00 reconn/s: 0.00
[ 102s ] thds: 8 tps: 1483.02 qps: 42428.51 (r/w/o: 19499.74/19962.74/2966.04) lat (ms,95%): 9.91 err/s: 0.00 reconn/s: 0.00
[ 104s ] thds: 8 tps: 1440.27 qps: 42331.26 (r/w/o: 19506.89/19943.82/2880.54) lat (ms,95%): 10.65 err/s: 0.00 reconn/s: 0.00
[ 106s ] thds: 8 tps: 1435.21 qps: 41616.97 (r/w/o: 19189.75/19556.81/2870.41) lat (ms,95%): 10.09 err/s: 0.00 reconn/s: 0.00
[ 108s ] thds: 8 tps: 1476.95 qps: 43124.68 (r/w/o: 19871.39/20299.38/2953.91) lat (ms,95%): 10.27 err/s: 0.00 reconn/s: 0.00
[ 110s ] thds: 8 tps: 1475.01 qps: 42609.20 (r/w/o: 19605.59/20053.59/2950.01) lat (ms,95%): 10.46 err/s: 0.00 reconn/s: 0.00
[ 112s ] thds: 8 tps: 1363.52 qps: 39469.66 (r/w/o: 18142.80/18599.81/2727.05) lat (ms,95%): 11.24 err/s: 0.00 reconn/s: 0.00
[ 114s ] thds: 8 tps: 1428.46 qps: 42102.71 (r/w/o: 19419.91/19825.89/2856.91) lat (ms,95%): 10.27 err/s: 0.00 reconn/s: 0.00
[ 116s ] thds: 8 tps: 1476.56 qps: 42167.75 (r/w/o: 19429.31/19785.82/2952.62) lat (ms,95%): 10.09 err/s: 0.00 reconn/s: 0.00
[ 118s ] thds: 8 tps: 1440.53 qps: 42247.75 (r/w/o: 19454.84/19911.35/2881.55) lat (ms,95%): 10.46 err/s: 0.00 reconn/s: 0.00
[ 120s ] thds: 8 tps: 1437.49 qps: 41629.27 (r/w/o: 19174.89/19579.39/2874.98) lat (ms,95%): 10.46 err/s: 0.00 reconn/s: 0.00
[ 122s ] thds: 8 tps: 1464.37 qps: 42140.67 (r/w/o: 19426.23/19785.70/2928.73) lat (ms,95%): 9.91 err/s: 0.00 reconn/s: 0.00
[ 124s ] thds: 8 tps: 1450.55 qps: 41758.99 (r/w/o: 19223.18/19634.70/2901.10) lat (ms,95%): 10.65 err/s: 0.00 reconn/s: 0.00
[ 126s ] thds: 8 tps: 1457.07 qps: 41626.94 (r/w/o: 19146.39/19566.41/2914.14) lat (ms,95%): 10.27 err/s: 0.00 reconn/s: 0.00
[ 128s ] thds: 8 tps: 1441.52 qps: 41780.94 (r/w/o: 19189.70/19708.21/2883.03) lat (ms,95%): 10.27 err/s: 0.00 reconn/s: 0.00
[ 130s ] thds: 8 tps: 1431.50 qps: 42297.56 (r/w/o: 19523.03/19911.53/2863.00) lat (ms,95%): 10.27 err/s: 0.00 reconn/s: 0.00
[ 132s ] thds: 8 tps: 1462.93 qps: 42331.48 (r/w/o: 19554.07/19851.55/2925.86) lat (ms,95%): 10.09 err/s: 0.00 reconn/s: 0.00
[ 134s ] thds: 8 tps: 1384.88 qps: 40484.52 (r/w/o: 18597.40/19117.35/2769.76) lat (ms,95%): 10.84 err/s: 0.00 reconn/s: 0.00
[ 136s ] thds: 8 tps: 1347.16 qps: 38466.15 (r/w/o: 17718.64/18053.18/2694.33) lat (ms,95%): 10.46 err/s: 0.00 reconn/s: 0.00
[ 138s ] thds: 8 tps: 1443.97 qps: 41505.08 (r/w/o: 19109.08/19508.07/2887.94) lat (ms,95%): 10.65 err/s: 0.00 reconn/s: 0.00
[ 140s ] thds: 8 tps: 1421.92 qps: 40980.30 (r/w/o: 18858.99/19277.47/2843.85) lat (ms,95%): 10.27 err/s: 0.00 reconn/s: 0.00
[ 142s ] thds: 8 tps: 1455.12 qps: 41603.88 (r/w/o: 19174.56/19519.08/2910.24) lat (ms,95%): 10.09 err/s: 0.00 reconn/s: 0.00
[ 144s ] thds: 8 tps: 1448.44 qps: 40409.19 (r/w/o: 18541.67/18970.65/2896.87) lat (ms,95%): 10.65 err/s: 0.00 reconn/s: 0.00
[ 146s ] thds: 8 tps: 1459.00 qps: 42763.08 (r/w/o: 19701.54/20143.54/2918.01) lat (ms,95%): 10.27 err/s: 0.00 reconn/s: 0.00
[ 148s ] thds: 8 tps: 1459.07 qps: 41618.93 (r/w/o: 19181.89/19518.91/2918.14) lat (ms,95%): 10.09 err/s: 0.00 reconn/s: 0.00
[ 150s ] thds: 8 tps: 1465.51 qps: 42025.70 (r/w/o: 19367.09/19727.59/2931.01) lat (ms,95%): 10.27 err/s: 0.00 reconn/s: 0.00
[ 152s ] thds: 8 tps: 1444.44 qps: 41823.33 (r/w/o: 19232.73/19701.71/2888.88) lat (ms,95%): 10.27 err/s: 0.00 reconn/s: 0.00
[ 154s ] thds: 8 tps: 1433.55 qps: 42059.88 (r/w/o: 19366.64/19826.15/2867.09) lat (ms,95%): 10.84 err/s: 0.00 reconn/s: 0.00
[ 156s ] thds: 8 tps: 1465.49 qps: 42199.31 (r/w/o: 19436.41/19831.91/2930.99) lat (ms,95%): 10.46 err/s: 0.00 reconn/s: 0.00
[ 158s ] thds: 8 tps: 1408.34 qps: 40887.49 (r/w/o: 18854.92/19215.88/2816.69) lat (ms,95%): 10.84 err/s: 0.00 reconn/s: 0.00
[ 160s ] thds: 8 tps: 1400.11 qps: 40193.79 (r/w/o: 18473.01/18920.55/2800.23) lat (ms,95%): 10.65 err/s: 0.00 reconn/s: 0.00
[ 162s ] thds: 8 tps: 1452.97 qps: 42580.98 (r/w/o: 19548.53/20126.52/2905.93) lat (ms,95%): 10.27 err/s: 0.00 reconn/s: 0.00
[ 164s ] thds: 8 tps: 1425.05 qps: 41583.40 (r/w/o: 19187.65/19545.66/2850.10) lat (ms,95%): 10.46 err/s: 0.00 reconn/s: 0.00
[ 166s ] thds: 8 tps: 1455.51 qps: 42332.20 (r/w/o: 19469.59/19951.59/2911.01) lat (ms,95%): 10.27 err/s: 0.00 reconn/s: 0.00
[ 168s ] thds: 8 tps: 1474.01 qps: 42142.74 (r/w/o: 19387.11/19807.61/2948.02) lat (ms,95%): 10.09 err/s: 0.00 reconn/s: 0.00
[ 170s ] thds: 8 tps: 1467.51 qps: 42598.20 (r/w/o: 19614.59/20048.59/2935.01) lat (ms,95%): 10.27 err/s: 0.00 reconn/s: 0.00
[ 172s ] thds: 8 tps: 1455.50 qps: 42917.50 (r/w/o: 19795.00/20211.50/2911.00) lat (ms,95%): 10.09 err/s: 0.00 reconn/s: 0.00
[ 174s ] thds: 8 tps: 1443.01 qps: 42380.88 (r/w/o: 19534.17/19960.68/2886.03) lat (ms,95%): 10.65 err/s: 0.00 reconn/s: 0.00
[ 176s ] thds: 8 tps: 1453.51 qps: 42398.39 (r/w/o: 19530.18/19961.18/2907.03) lat (ms,95%): 10.46 err/s: 0.00 reconn/s: 0.00
[ 178s ] thds: 8 tps: 1415.48 qps: 41933.95 (r/w/o: 19302.25/19800.74/2830.96) lat (ms,95%): 10.46 err/s: 0.00 reconn/s: 0.00
[ 180s ] thds: 8 tps: 1421.00 qps: 41923.12 (r/w/o: 19332.06/19749.06/2842.01) lat (ms,95%): 10.46 err/s: 0.00 reconn/s: 0.00
[ 182s ] thds: 8 tps: 1365.51 qps: 39770.84 (r/w/o: 18351.66/18688.16/2731.02) lat (ms,95%): 10.84 err/s: 0.00 reconn/s: 0.00
[ 184s ] thds: 8 tps: 1359.00 qps: 38588.01 (r/w/o: 17706.01/18164.01/2718.00) lat (ms,95%): 10.84 err/s: 0.00 reconn/s: 0.00
[ 186s ] thds: 8 tps: 1416.94 qps: 41561.33 (r/w/o: 19128.23/19599.21/2833.89) lat (ms,95%): 10.46 err/s: 0.00 reconn/s: 0.00
[ 188s ] thds: 8 tps: 1406.53 qps: 40816.85 (r/w/o: 18767.89/19235.90/2813.06) lat (ms,95%): 10.27 err/s: 0.00 reconn/s: 0.00
[ 190s ] thds: 8 tps: 1421.52 qps: 40654.01 (r/w/o: 18657.74/19153.24/2843.04) lat (ms,95%): 10.27 err/s: 0.00 reconn/s: 0.00
[ 192s ] thds: 8 tps: 1428.01 qps: 41785.23 (r/w/o: 19246.61/19682.61/2856.02) lat (ms,95%): 10.27 err/s: 0.00 reconn/s: 0.00
[ 194s ] thds: 8 tps: 1456.44 qps: 42318.19 (r/w/o: 19533.16/19872.15/2912.88) lat (ms,95%): 10.65 err/s: 0.00 reconn/s: 0.00
[ 196s ] thds: 8 tps: 1436.04 qps: 41978.19 (r/w/o: 19352.55/19753.56/2872.08) lat (ms,95%): 10.46 err/s: 0.00 reconn/s: 0.00
[ 198s ] thds: 8 tps: 1444.52 qps: 41878.20 (r/w/o: 19283.32/19705.83/2889.05) lat (ms,95%): 10.46 err/s: 0.00 reconn/s: 0.00
[ 200s ] thds: 8 tps: 1432.90 qps: 41359.50 (r/w/o: 19057.12/19436.59/2865.79) lat (ms,95%): 10.65 err/s: 0.00 reconn/s: 0.00
[ 202s ] thds: 8 tps: 1471.59 qps: 42508.70 (r/w/o: 19568.74/19996.77/2943.19) lat (ms,95%): 10.27 err/s: 0.00 reconn/s: 0.00
[ 204s ] thds: 8 tps: 1438.95 qps: 42182.14 (r/w/o: 19383.87/19920.36/2877.91) lat (ms,95%): 10.46 err/s: 0.00 reconn/s: 0.00
[ 206s ] thds: 8 tps: 1340.04 qps: 39381.28 (r/w/o: 18167.59/18533.60/2680.09) lat (ms,95%): 11.04 err/s: 0.00 reconn/s: 0.00
[ 208s ] thds: 8 tps: 1458.96 qps: 42795.34 (r/w/o: 19667.47/20211.95/2915.92) lat (ms,95%): 10.46 err/s: 0.00 reconn/s: 0.00
[ 210s ] thds: 8 tps: 1428.98 qps: 41410.04 (r/w/o: 19074.29/19475.79/2859.97) lat (ms,95%): 10.27 err/s: 0.00 reconn/s: 0.00
[ 212s ] thds: 8 tps: 1427.90 qps: 42233.50 (r/w/o: 19453.62/19924.08/2855.80) lat (ms,95%): 10.84 err/s: 0.00 reconn/s: 0.00
[ 214s ] thds: 8 tps: 1415.11 qps: 41640.21 (r/w/o: 19164.48/19645.51/2830.22) lat (ms,95%): 11.04 err/s: 0.00 reconn/s: 0.00
[ 216s ] thds: 8 tps: 1416.55 qps: 41392.38 (r/w/o: 19091.63/19467.65/2833.09) lat (ms,95%): 10.65 err/s: 0.00 reconn/s: 0.00
[ 218s ] thds: 8 tps: 1428.87 qps: 41392.15 (r/w/o: 19050.23/19484.19/2857.73) lat (ms,95%): 10.46 err/s: 0.00 reconn/s: 0.00
[ 220s ] thds: 8 tps: 1437.00 qps: 41430.06 (r/w/o: 19047.53/19508.53/2874.00) lat (ms,95%): 10.65 err/s: 0.00 reconn/s: 0.00
[ 222s ] thds: 8 tps: 1424.62 qps: 41736.13 (r/w/o: 19219.17/19667.71/2849.25) lat (ms,95%): 10.84 err/s: 0.00 reconn/s: 0.00
[ 224s ] thds: 8 tps: 1390.47 qps: 41351.72 (r/w/o: 19086.64/19484.13/2780.95) lat (ms,95%): 11.24 err/s: 0.00 reconn/s: 0.00
[ 226s ] thds: 8 tps: 1412.49 qps: 41601.25 (r/w/o: 19121.89/19654.38/2824.98) lat (ms,95%): 10.65 err/s: 0.00 reconn/s: 0.00
[ 228s ] thds: 8 tps: 1300.52 qps: 36859.20 (r/w/o: 16977.32/17280.83/2601.05) lat (ms,95%): 11.45 err/s: 0.00 reconn/s: 0.00
[ 230s ] thds: 8 tps: 1393.50 qps: 41623.35 (r/w/o: 19195.93/19640.43/2786.99) lat (ms,95%): 11.04 err/s: 0.00 reconn/s: 0.00
[ 232s ] thds: 8 tps: 1418.50 qps: 40470.56 (r/w/o: 18609.53/19024.03/2837.00) lat (ms,95%): 10.84 err/s: 0.00 reconn/s: 0.00
[ 234s ] thds: 8 tps: 1409.98 qps: 39697.30 (r/w/o: 18243.68/18633.67/2819.95) lat (ms,95%): 11.04 err/s: 0.00 reconn/s: 0.00
[ 236s ] thds: 8 tps: 1410.54 qps: 41257.66 (r/w/o: 19004.04/19432.55/2821.08) lat (ms,95%): 10.65 err/s: 0.00 reconn/s: 0.00
[ 238s ] thds: 8 tps: 1450.38 qps: 41911.43 (r/w/o: 19233.36/19777.32/2900.75) lat (ms,95%): 10.65 err/s: 0.00 reconn/s: 0.00
[ 240s ] thds: 8 tps: 1448.97 qps: 41239.17 (r/w/o: 18943.12/19398.11/2897.94) lat (ms,95%): 10.27 err/s: 0.00 reconn/s: 0.00
[ 242s ] thds: 8 tps: 1443.65 qps: 41916.88 (r/w/o: 19293.52/19736.06/2887.30) lat (ms,95%): 10.84 err/s: 0.00 reconn/s: 0.00
[ 244s ] thds: 8 tps: 1412.34 qps: 41219.39 (r/w/o: 18973.88/19420.83/2824.68) lat (ms,95%): 10.46 err/s: 0.00 reconn/s: 0.00
[ 246s ] thds: 8 tps: 1446.98 qps: 41855.87 (r/w/o: 19268.71/19693.20/2893.96) lat (ms,95%): 10.27 err/s: 0.00 reconn/s: 0.00
[ 248s ] thds: 8 tps: 1448.62 qps: 42059.59 (r/w/o: 19360.15/19802.19/2897.25) lat (ms,95%): 10.65 err/s: 0.00 reconn/s: 0.00
[ 250s ] thds: 8 tps: 1463.03 qps: 42100.34 (r/w/o: 19406.70/19767.59/2926.05) lat (ms,95%): 10.09 err/s: 0.00 reconn/s: 0.00
[ 252s ] thds: 8 tps: 1391.39 qps: 39579.66 (r/w/o: 18219.14/18577.74/2782.78) lat (ms,95%): 10.84 err/s: 0.00 reconn/s: 0.00
[ 254s ] thds: 8 tps: 1422.56 qps: 42095.86 (r/w/o: 19398.86/19851.88/2845.13) lat (ms,95%): 10.46 err/s: 0.00 reconn/s: 0.00
[ 256s ] thds: 8 tps: 1455.53 qps: 42891.76 (r/w/o: 19755.85/20224.86/2911.05) lat (ms,95%): 10.09 err/s: 0.00 reconn/s: 0.00
[ 258s ] thds: 8 tps: 1453.93 qps: 42045.06 (r/w/o: 19357.61/19779.59/2907.87) lat (ms,95%): 10.27 err/s: 0.00 reconn/s: 0.00
[ 260s ] thds: 8 tps: 1435.04 qps: 42669.24 (r/w/o: 19651.07/20148.09/2870.08) lat (ms,95%): 10.46 err/s: 0.00 reconn/s: 0.00
[ 262s ] thds: 8 tps: 1465.44 qps: 42633.28 (r/w/o: 19638.71/20063.69/2930.88) lat (ms,95%): 10.09 err/s: 0.00 reconn/s: 0.00
[ 264s ] thds: 8 tps: 1461.56 qps: 42657.38 (r/w/o: 19637.37/20096.89/2923.13) lat (ms,95%): 10.46 err/s: 0.00 reconn/s: 0.00
[ 266s ] thds: 8 tps: 1453.99 qps: 42166.26 (r/w/o: 19351.39/19906.89/2907.98) lat (ms,95%): 10.27 err/s: 0.00 reconn/s: 0.00
[ 268s ] thds: 8 tps: 1435.46 qps: 43353.71 (r/w/o: 19999.91/20482.89/2870.91) lat (ms,95%): 10.27 err/s: 0.00 reconn/s: 0.00
[ 270s ] thds: 8 tps: 1442.10 qps: 42413.50 (r/w/o: 19538.38/19990.91/2884.20) lat (ms,95%): 10.65 err/s: 0.00 reconn/s: 0.00
[ 272s ] thds: 8 tps: 1451.50 qps: 42080.45 (r/w/o: 19353.98/19823.48/2903.00) lat (ms,95%): 10.09 err/s: 0.00 reconn/s: 0.00
[ 274s ] thds: 8 tps: 1432.47 qps: 40531.21 (r/w/o: 18625.64/19040.63/2864.94) lat (ms,95%): 10.84 err/s: 0.00 reconn/s: 0.00
[ 276s ] thds: 8 tps: 1320.48 qps: 38412.49 (r/w/o: 17698.26/18074.76/2639.46) lat (ms,95%): 11.04 err/s: 0.00 reconn/s: 0.00
[ 278s ] thds: 8 tps: 1433.04 qps: 42141.80 (r/w/o: 19400.60/19873.61/2867.59) lat (ms,95%): 10.46 err/s: 0.00 reconn/s: 0.00
[ 280s ] thds: 8 tps: 1451.92 qps: 41619.79 (r/w/o: 19144.49/19571.46/2903.85) lat (ms,95%): 10.46 err/s: 0.00 reconn/s: 0.00
[ 282s ] thds: 8 tps: 1440.03 qps: 41263.25 (r/w/o: 18973.85/19409.35/2880.05) lat (ms,95%): 10.27 err/s: 0.00 reconn/s: 0.00
[ 284s ] thds: 8 tps: 1405.05 qps: 41145.34 (r/w/o: 18957.12/19378.13/2810.09) lat (ms,95%): 10.46 err/s: 0.00 reconn/s: 0.00
[ 286s ] thds: 8 tps: 1459.00 qps: 42204.59 (r/w/o: 19386.54/19900.04/2918.01) lat (ms,95%): 10.27 err/s: 0.00 reconn/s: 0.00
[ 288s ] thds: 8 tps: 1474.98 qps: 42509.78 (r/w/o: 19583.17/19976.66/2949.95) lat (ms,95%): 10.09 err/s: 0.00 reconn/s: 0.00
[ 290s ] thds: 8 tps: 1441.00 qps: 42484.86 (r/w/o: 19518.43/20084.43/2881.99) lat (ms,95%): 10.09 err/s: 0.00 reconn/s: 0.00
[ 292s ] thds: 8 tps: 1447.37 qps: 41942.20 (r/w/o: 19332.75/19714.71/2894.74) lat (ms,95%): 10.27 err/s: 0.00 reconn/s: 0.00
[ 294s ] thds: 8 tps: 1425.61 qps: 42093.28 (r/w/o: 19392.51/19849.55/2851.22) lat (ms,95%): 10.65 err/s: 0.00 reconn/s: 0.00
[ 296s ] thds: 8 tps: 1430.56 qps: 41141.67 (r/w/o: 18933.27/19347.28/2861.12) lat (ms,95%): 10.27 err/s: 0.00 reconn/s: 0.00
[ 298s ] thds: 8 tps: 1468.89 qps: 42694.82 (r/w/o: 19620.04/20137.00/2937.78) lat (ms,95%): 10.09 err/s: 0.00 reconn/s: 0.00
[ 300s ] thds: 8 tps: 1348.05 qps: 39117.05 (r/w/o: 17992.21/18428.73/2696.11) lat (ms,95%): 10.84 err/s: 0.00 reconn/s: 0.00
SQL statistics:
    queries performed:
        read:                            6419418
        write:                           6564960
        other:                           960656
        total:                           13945034
    transactions:                        480320 (1601.05 per sec.)
    queries:                             13945034 (46482.96 per sec.)
    ignored errors:                      0      (0.00 per sec.)
    reconnects:                          0      (0.00 per sec.)

Throughput:
    events/s (eps):                      1601.0498
    time elapsed:                        300.0032s
    total number of events:              480320

Latency (ms):
         min:                                    0.26
         avg:                                    5.00
         max:                                   84.93
         95th percentile:                        9.91
         sum:                              2399323.11

Threads fairness:
    events (avg/stddev):           60040.0000/148.33
    execution time (avg/stddev):   299.9154/0.00

sysbench 1.1.0 (using bundled LuaJIT 2.1.0-beta3)

Running the test with following options:
Number of threads: 16
Report intermediate results every 2 second(s)
Initializing random number generator from current time


Initializing worker threads...

** Using FOR UPDATE : 1
** FORCE_PRIMARY : 0
** FORCE_NULL : 0
=> Using SESSION ops: 
Threads started!

[ 2s ] thds: 16 tps: 2471.30 qps: 71159.31 (r/w/o: 32740.71/33452.01/4966.59) lat (ms,95%): 11.65 err/s: 0.00 reconn/s: 0.00
[ 4s ] thds: 16 tps: 2456.05 qps: 70583.92 (r/w/o: 32488.15/33183.67/4912.10) lat (ms,95%): 12.08 err/s: 0.00 reconn/s: 0.00
[ 6s ] thds: 16 tps: 2432.03 qps: 70121.29 (r/w/o: 32194.36/33062.87/4864.05) lat (ms,95%): 12.30 err/s: 0.00 reconn/s: 0.00
[ 8s ] thds: 16 tps: 2417.47 qps: 70588.24 (r/w/o: 32417.15/33336.14/4834.95) lat (ms,95%): 12.30 err/s: 0.00 reconn/s: 0.00
[ 10s ] thds: 16 tps: 2424.51 qps: 69444.81 (r/w/o: 31943.64/32652.15/4849.02) lat (ms,95%): 12.75 err/s: 0.00 reconn/s: 0.00
[ 12s ] thds: 16 tps: 2448.47 qps: 69826.64 (r/w/o: 32150.10/32779.59/4896.94) lat (ms,95%): 12.30 err/s: 0.00 reconn/s: 0.00
[ 14s ] thds: 16 tps: 2373.45 qps: 69210.03 (r/w/o: 31847.32/32615.81/4746.90) lat (ms,95%): 12.75 err/s: 0.00 reconn/s: 0.00
[ 16s ] thds: 16 tps: 2414.14 qps: 69930.15 (r/w/o: 32179.41/32922.45/4828.29) lat (ms,95%): 12.08 err/s: 0.00 reconn/s: 0.00
[ 18s ] thds: 16 tps: 2398.42 qps: 70034.67 (r/w/o: 32259.43/32978.40/4796.84) lat (ms,95%): 12.52 err/s: 0.00 reconn/s: 0.00
[ 20s ] thds: 16 tps: 2357.56 qps: 68713.30 (r/w/o: 31604.33/32393.85/4715.12) lat (ms,95%): 12.52 err/s: 0.00 reconn/s: 0.00
[ 22s ] thds: 16 tps: 3143.87 qps: 90757.27 (r/w/o: 41764.78/42704.74/6287.74) lat (ms,95%): 11.45 err/s: 0.00 reconn/s: 0.00
[ 24s ] thds: 16 tps: 3292.50 qps: 95801.91 (r/w/o: 44164.46/45052.46/6584.99) lat (ms,95%): 11.04 err/s: 0.00 reconn/s: 0.00
[ 26s ] thds: 16 tps: 3286.49 qps: 95131.30 (r/w/o: 43806.91/44751.41/6572.99) lat (ms,95%): 11.04 err/s: 0.00 reconn/s: 0.00
[ 28s ] thds: 16 tps: 3309.28 qps: 95562.14 (r/w/o: 43946.58/44997.01/6618.56) lat (ms,95%): 11.04 err/s: 0.00 reconn/s: 0.00
[ 30s ] thds: 16 tps: 3174.72 qps: 91312.36 (r/w/o: 41938.92/43023.49/6349.94) lat (ms,95%): 11.65 err/s: 0.00 reconn/s: 0.00
[ 32s ] thds: 16 tps: 3238.83 qps: 93077.14 (r/w/o: 42868.76/43731.22/6477.16) lat (ms,95%): 11.65 err/s: 0.00 reconn/s: 0.00
[ 34s ] thds: 16 tps: 3233.62 qps: 93225.90 (r/w/o: 42896.57/43862.10/6467.24) lat (ms,95%): 11.65 err/s: 0.00 reconn/s: 0.00
[ 36s ] thds: 16 tps: 3248.55 qps: 94069.39 (r/w/o: 43274.14/44298.16/6497.10) lat (ms,95%): 11.45 err/s: 0.00 reconn/s: 0.00
[ 38s ] thds: 16 tps: 3283.39 qps: 94641.34 (r/w/o: 43485.55/44589.01/6566.78) lat (ms,95%): 11.04 err/s: 0.00 reconn/s: 0.00
[ 40s ] thds: 16 tps: 3031.60 qps: 88005.49 (r/w/o: 40494.37/41447.91/6063.21) lat (ms,95%): 12.52 err/s: 0.00 reconn/s: 0.00
[ 42s ] thds: 16 tps: 3203.50 qps: 93636.06 (r/w/o: 43188.03/44041.03/6407.00) lat (ms,95%): 11.45 err/s: 0.00 reconn/s: 0.00
[ 44s ] thds: 16 tps: 3256.87 qps: 93490.29 (r/w/o: 43026.79/43949.76/6513.74) lat (ms,95%): 11.24 err/s: 0.00 reconn/s: 0.00
[ 46s ] thds: 16 tps: 3157.60 qps: 93738.36 (r/w/o: 43168.82/44254.35/6315.19) lat (ms,95%): 11.65 err/s: 0.00 reconn/s: 0.00
[ 48s ] thds: 16 tps: 3302.01 qps: 95373.22 (r/w/o: 43977.60/44791.60/6604.02) lat (ms,95%): 11.04 err/s: 0.00 reconn/s: 0.00
[ 50s ] thds: 16 tps: 3175.88 qps: 92095.65 (r/w/o: 42381.28/43362.59/6351.77) lat (ms,95%): 11.65 err/s: 0.00 reconn/s: 0.00
[ 52s ] thds: 16 tps: 3205.70 qps: 94185.71 (r/w/o: 43355.03/44419.27/6411.41) lat (ms,95%): 11.45 err/s: 0.00 reconn/s: 0.00
[ 54s ] thds: 16 tps: 3240.39 qps: 94081.87 (r/w/o: 43281.56/44319.53/6480.78) lat (ms,95%): 11.24 err/s: 0.00 reconn/s: 0.00
[ 56s ] thds: 16 tps: 3086.04 qps: 91073.07 (r/w/o: 42057.50/42843.50/6172.07) lat (ms,95%): 11.87 err/s: 0.00 reconn/s: 0.00
[ 58s ] thds: 16 tps: 3069.30 qps: 89262.13 (r/w/o: 41119.30/42004.24/6138.60) lat (ms,95%): 12.30 err/s: 0.00 reconn/s: 0.00
[ 60s ] thds: 16 tps: 3186.58 qps: 91688.30 (r/w/o: 42137.06/43178.58/6372.66) lat (ms,95%): 11.65 err/s: 0.00 reconn/s: 0.00
[ 62s ] thds: 16 tps: 3292.87 qps: 94977.29 (r/w/o: 43732.29/44658.76/6586.24) lat (ms,95%): 11.04 err/s: 0.00 reconn/s: 0.00
[ 64s ] thds: 16 tps: 3173.14 qps: 93023.49 (r/w/o: 42759.83/43917.38/6346.27) lat (ms,95%): 11.65 err/s: 0.00 reconn/s: 0.00
[ 66s ] thds: 16 tps: 2389.72 qps: 69028.74 (r/w/o: 31717.37/32531.94/4779.43) lat (ms,95%): 12.98 err/s: 0.00 reconn/s: 0.00
[ 68s ] thds: 16 tps: 2297.64 qps: 66882.03 (r/w/o: 30779.18/31507.57/4595.28) lat (ms,95%): 12.75 err/s: 0.00 reconn/s: 0.00
[ 70s ] thds: 16 tps: 2291.26 qps: 66431.54 (r/w/o: 30571.97/31277.05/4582.52) lat (ms,95%): 13.46 err/s: 0.00 reconn/s: 0.00
[ 72s ] thds: 16 tps: 2311.01 qps: 66602.27 (r/w/o: 30657.62/31322.63/4622.02) lat (ms,95%): 13.22 err/s: 0.00 reconn/s: 0.00
[ 74s ] thds: 16 tps: 2343.56 qps: 67783.63 (r/w/o: 31297.75/31798.77/4687.11) lat (ms,95%): 12.75 err/s: 0.00 reconn/s: 0.00
[ 76s ] thds: 16 tps: 2326.48 qps: 67799.35 (r/w/o: 31233.20/31913.19/4652.96) lat (ms,95%): 13.46 err/s: 0.00 reconn/s: 0.00
[ 78s ] thds: 16 tps: 2366.39 qps: 67501.38 (r/w/o: 31050.07/31718.54/4732.78) lat (ms,95%): 12.75 err/s: 0.00 reconn/s: 0.00
[ 80s ] thds: 16 tps: 2276.96 qps: 65591.91 (r/w/o: 30188.00/30849.99/4553.92) lat (ms,95%): 13.46 err/s: 0.00 reconn/s: 0.00
[ 82s ] thds: 16 tps: 2349.63 qps: 66682.06 (r/w/o: 30662.64/31322.17/4697.25) lat (ms,95%): 12.98 err/s: 0.00 reconn/s: 0.00
[ 84s ] thds: 16 tps: 2326.45 qps: 67010.50 (r/w/o: 30817.31/31538.29/4654.90) lat (ms,95%): 12.98 err/s: 0.00 reconn/s: 0.00
[ 86s ] thds: 16 tps: 2178.02 qps: 63010.54 (r/w/o: 29019.75/29634.76/4356.04) lat (ms,95%): 14.21 err/s: 0.00 reconn/s: 0.00
[ 88s ] thds: 16 tps: 2326.61 qps: 67315.07 (r/w/o: 30990.41/31671.44/4653.21) lat (ms,95%): 13.22 err/s: 0.00 reconn/s: 0.00
[ 90s ] thds: 16 tps: 2270.91 qps: 67035.48 (r/w/o: 30861.84/31631.81/4541.83) lat (ms,95%): 13.46 err/s: 0.00 reconn/s: 0.00
[ 92s ] thds: 16 tps: 2370.08 qps: 67936.21 (r/w/o: 31243.51/31952.54/4740.15) lat (ms,95%): 12.75 err/s: 0.00 reconn/s: 0.00
[ 94s ] thds: 16 tps: 2340.43 qps: 67945.92 (r/w/o: 31282.54/31982.52/4680.86) lat (ms,95%): 12.98 err/s: 0.00 reconn/s: 0.00
[ 96s ] thds: 16 tps: 2309.52 qps: 68117.63 (r/w/o: 31383.29/32115.30/4619.04) lat (ms,95%): 13.22 err/s: 0.00 reconn/s: 0.00
[ 98s ] thds: 16 tps: 2333.04 qps: 67706.54 (r/w/o: 31139.98/31900.49/4666.07) lat (ms,95%): 12.98 err/s: 0.00 reconn/s: 0.00
[ 100s ] thds: 16 tps: 2317.94 qps: 67268.90 (r/w/o: 30977.26/31655.75/4635.89) lat (ms,95%): 12.75 err/s: 0.00 reconn/s: 0.00
[ 102s ] thds: 16 tps: 2174.99 qps: 63974.60 (r/w/o: 29519.32/30105.31/4349.97) lat (ms,95%): 13.46 err/s: 0.00 reconn/s: 0.00
[ 104s ] thds: 16 tps: 2358.10 qps: 68012.94 (r/w/o: 31288.35/32008.38/4716.20) lat (ms,95%): 12.75 err/s: 0.00 reconn/s: 0.00
[ 106s ] thds: 16 tps: 2314.92 qps: 68220.60 (r/w/o: 31448.89/32141.87/4629.84) lat (ms,95%): 12.98 err/s: 0.00 reconn/s: 0.00
[ 108s ] thds: 16 tps: 2178.51 qps: 62571.26 (r/w/o: 28799.62/29414.62/4357.02) lat (ms,95%): 13.70 err/s: 0.00 reconn/s: 0.00
[ 110s ] thds: 16 tps: 2331.37 qps: 67012.30 (r/w/o: 30851.80/31497.76/4662.74) lat (ms,95%): 12.75 err/s: 0.00 reconn/s: 0.00
[ 112s ] thds: 16 tps: 2359.70 qps: 68296.89 (r/w/o: 31463.22/32114.27/4719.41) lat (ms,95%): 12.75 err/s: 0.00 reconn/s: 0.00
[ 114s ] thds: 16 tps: 2396.01 qps: 69267.28 (r/w/o: 31927.13/32548.13/4792.02) lat (ms,95%): 12.75 err/s: 0.00 reconn/s: 0.00
[ 116s ] thds: 16 tps: 2409.94 qps: 68855.74 (r/w/o: 31648.19/32387.67/4819.88) lat (ms,95%): 12.75 err/s: 0.00 reconn/s: 0.00
[ 118s ] thds: 16 tps: 2346.93 qps: 68623.50 (r/w/o: 31581.08/32348.56/4693.86) lat (ms,95%): 12.75 err/s: 0.00 reconn/s: 0.00
[ 120s ] thds: 16 tps: 2373.32 qps: 68250.92 (r/w/o: 31332.67/32171.61/4746.65) lat (ms,95%): 12.98 err/s: 0.00 reconn/s: 0.00
[ 122s ] thds: 16 tps: 2357.68 qps: 68592.15 (r/w/o: 31570.87/32305.93/4715.35) lat (ms,95%): 12.52 err/s: 0.00 reconn/s: 0.00
[ 124s ] thds: 16 tps: 2349.53 qps: 68459.46 (r/w/o: 31575.94/32184.45/4699.07) lat (ms,95%): 12.52 err/s: 0.00 reconn/s: 0.00
[ 126s ] thds: 16 tps: 2372.98 qps: 68005.98 (r/w/o: 31293.76/31966.25/4745.96) lat (ms,95%): 12.98 err/s: 0.00 reconn/s: 0.00
[ 128s ] thds: 16 tps: 2343.58 qps: 69989.87 (r/w/o: 32265.59/33037.12/4687.16) lat (ms,95%): 12.98 err/s: 0.00 reconn/s: 0.00
[ 130s ] thds: 16 tps: 2333.96 qps: 67173.98 (r/w/o: 30898.53/31607.52/4667.93) lat (ms,95%): 12.98 err/s: 0.00 reconn/s: 0.00
[ 132s ] thds: 16 tps: 2219.48 qps: 65949.96 (r/w/o: 30412.25/31098.74/4438.96) lat (ms,95%): 13.46 err/s: 0.00 reconn/s: 0.00
[ 134s ] thds: 16 tps: 2389.51 qps: 69300.84 (r/w/o: 31883.15/32638.66/4779.02) lat (ms,95%): 12.52 err/s: 0.00 reconn/s: 0.00
[ 136s ] thds: 16 tps: 2387.53 qps: 69460.94 (r/w/o: 32004.43/32681.44/4775.06) lat (ms,95%): 12.30 err/s: 0.00 reconn/s: 0.00
[ 138s ] thds: 16 tps: 2355.25 qps: 68649.07 (r/w/o: 31605.58/32333.00/4710.49) lat (ms,95%): 12.98 err/s: 0.00 reconn/s: 0.00
[ 140s ] thds: 16 tps: 2351.70 qps: 68553.89 (r/w/o: 31590.21/32260.27/4703.40) lat (ms,95%): 12.52 err/s: 0.00 reconn/s: 0.00
[ 142s ] thds: 16 tps: 2384.06 qps: 70313.65 (r/w/o: 32365.26/33180.28/4768.11) lat (ms,95%): 12.52 err/s: 0.00 reconn/s: 0.00
[ 144s ] thds: 16 tps: 2419.41 qps: 69432.83 (r/w/o: 31955.77/32638.25/4838.81) lat (ms,95%): 12.52 err/s: 0.00 reconn/s: 0.00
[ 146s ] thds: 16 tps: 2397.58 qps: 68368.90 (r/w/o: 31445.60/32128.13/4795.17) lat (ms,95%): 12.52 err/s: 0.00 reconn/s: 0.00
[ 148s ] thds: 16 tps: 2396.98 qps: 69017.46 (r/w/o: 31736.75/32486.74/4793.96) lat (ms,95%): 12.52 err/s: 0.00 reconn/s: 0.00
[ 150s ] thds: 16 tps: 2299.49 qps: 67449.61 (r/w/o: 31034.32/31816.32/4598.97) lat (ms,95%): 13.22 err/s: 0.00 reconn/s: 0.00
[ 152s ] thds: 16 tps: 2381.93 qps: 67733.59 (r/w/o: 31181.12/31788.60/4763.87) lat (ms,95%): 12.30 err/s: 0.00 reconn/s: 0.00
[ 154s ] thds: 16 tps: 2324.54 qps: 67296.04 (r/w/o: 31039.48/31607.49/4649.07) lat (ms,95%): 12.98 err/s: 0.00 reconn/s: 0.00
[ 156s ] thds: 16 tps: 2195.59 qps: 63299.58 (r/w/o: 29119.19/29789.22/4391.18) lat (ms,95%): 13.95 err/s: 0.00 reconn/s: 0.00
[ 158s ] thds: 16 tps: 2330.83 qps: 67417.49 (r/w/o: 31062.19/31693.64/4661.65) lat (ms,95%): 12.98 err/s: 0.00 reconn/s: 0.00
[ 160s ] thds: 16 tps: 2331.09 qps: 67068.22 (r/w/o: 30872.75/31533.28/4662.19) lat (ms,95%): 12.98 err/s: 0.00 reconn/s: 0.00
[ 162s ] thds: 16 tps: 2362.58 qps: 69054.46 (r/w/o: 31817.13/32512.16/4725.17) lat (ms,95%): 13.22 err/s: 0.00 reconn/s: 0.00
[ 164s ] thds: 16 tps: 2370.89 qps: 68062.23 (r/w/o: 31364.99/31955.46/4741.77) lat (ms,95%): 12.98 err/s: 0.00 reconn/s: 0.00
[ 166s ] thds: 16 tps: 2343.03 qps: 68238.88 (r/w/o: 31364.40/32188.42/4686.06) lat (ms,95%): 13.22 err/s: 0.00 reconn/s: 0.00
[ 168s ] thds: 16 tps: 2343.01 qps: 68715.34 (r/w/o: 31707.66/32321.66/4686.02) lat (ms,95%): 13.22 err/s: 0.00 reconn/s: 0.00
[ 170s ] thds: 16 tps: 2332.47 qps: 67332.12 (r/w/o: 30939.60/31727.59/4664.94) lat (ms,95%): 13.22 err/s: 0.00 reconn/s: 0.00
[ 172s ] thds: 16 tps: 2340.01 qps: 67842.87 (r/w/o: 31252.67/31910.18/4680.03) lat (ms,95%): 13.22 err/s: 0.00 reconn/s: 0.00
[ 174s ] thds: 16 tps: 2345.49 qps: 67579.74 (r/w/o: 31082.38/31806.38/4690.98) lat (ms,95%): 13.22 err/s: 0.00 reconn/s: 0.00
[ 176s ] thds: 16 tps: 2277.57 qps: 67858.51 (r/w/o: 31339.43/31963.95/4555.13) lat (ms,95%): 13.22 err/s: 0.00 reconn/s: 0.00
[ 178s ] thds: 16 tps: 2226.45 qps: 63716.69 (r/w/o: 29370.40/29893.39/4452.91) lat (ms,95%): 14.21 err/s: 0.00 reconn/s: 0.00
[ 180s ] thds: 16 tps: 2331.08 qps: 67200.86 (r/w/o: 30963.09/31575.61/4662.16) lat (ms,95%): 12.98 err/s: 0.00 reconn/s: 0.00
[ 182s ] thds: 16 tps: 2369.47 qps: 68435.15 (r/w/o: 31496.61/32199.60/4738.94) lat (ms,95%): 12.75 err/s: 0.00 reconn/s: 0.00
[ 184s ] thds: 16 tps: 2314.93 qps: 68811.43 (r/w/o: 31658.05/32523.52/4629.86) lat (ms,95%): 13.46 err/s: 0.00 reconn/s: 0.00
[ 186s ] thds: 16 tps: 2332.56 qps: 68385.85 (r/w/o: 31522.85/32197.87/4665.13) lat (ms,95%): 13.22 err/s: 0.00 reconn/s: 0.00
[ 188s ] thds: 16 tps: 2324.95 qps: 67508.51 (r/w/o: 31008.31/31850.30/4649.90) lat (ms,95%): 12.75 err/s: 0.00 reconn/s: 0.00
[ 190s ] thds: 16 tps: 2295.07 qps: 66101.50 (r/w/o: 30383.42/31127.94/4590.14) lat (ms,95%): 13.46 err/s: 0.00 reconn/s: 0.00
[ 192s ] thds: 16 tps: 2324.96 qps: 66888.78 (r/w/o: 30781.44/31457.43/4649.92) lat (ms,95%): 13.22 err/s: 0.00 reconn/s: 0.00
[ 194s ] thds: 16 tps: 2310.02 qps: 66093.57 (r/w/o: 30360.26/31113.27/4620.04) lat (ms,95%): 13.46 err/s: 0.00 reconn/s: 0.00
[ 196s ] thds: 16 tps: 2308.31 qps: 66182.44 (r/w/o: 30424.45/31141.39/4616.61) lat (ms,95%): 13.22 err/s: 0.00 reconn/s: 0.00
[ 198s ] thds: 16 tps: 2308.14 qps: 68088.58 (r/w/o: 31282.38/32189.93/4616.28) lat (ms,95%): 12.98 err/s: 0.00 reconn/s: 0.00
[ 200s ] thds: 16 tps: 2164.50 qps: 62527.53 (r/w/o: 28794.51/29404.01/4329.00) lat (ms,95%): 14.46 err/s: 0.00 reconn/s: 0.00
[ 202s ] thds: 16 tps: 2314.54 qps: 67382.26 (r/w/o: 31021.58/31731.60/4629.09) lat (ms,95%): 13.22 err/s: 0.00 reconn/s: 0.00
[ 204s ] thds: 16 tps: 2319.98 qps: 67261.32 (r/w/o: 30929.69/31691.68/4639.95) lat (ms,95%): 13.46 err/s: 0.00 reconn/s: 0.00
[ 206s ] thds: 16 tps: 2334.46 qps: 67958.74 (r/w/o: 31282.42/32007.40/4668.91) lat (ms,95%): 13.22 err/s: 0.00 reconn/s: 0.00
[ 208s ] thds: 16 tps: 2383.53 qps: 68534.23 (r/w/o: 31506.84/32260.35/4767.05) lat (ms,95%): 12.75 err/s: 0.00 reconn/s: 0.00
[ 210s ] thds: 16 tps: 2328.50 qps: 67233.40 (r/w/o: 30889.95/31686.45/4656.99) lat (ms,95%): 13.22 err/s: 0.00 reconn/s: 0.00
[ 212s ] thds: 16 tps: 2323.53 qps: 68425.35 (r/w/o: 31523.89/32254.90/4646.56) lat (ms,95%): 12.75 err/s: 0.00 reconn/s: 0.00
[ 214s ] thds: 16 tps: 2352.99 qps: 68250.57 (r/w/o: 31441.30/32102.80/4706.47) lat (ms,95%): 12.75 err/s: 0.00 reconn/s: 0.00
[ 216s ] thds: 16 tps: 2338.49 qps: 68292.17 (r/w/o: 31428.35/32186.84/4676.98) lat (ms,95%): 12.98 err/s: 0.00 reconn/s: 0.00
[ 218s ] thds: 16 tps: 2330.51 qps: 68724.39 (r/w/o: 31666.18/32397.18/4661.03) lat (ms,95%): 12.75 err/s: 0.00 reconn/s: 0.00
[ 220s ] thds: 16 tps: 2325.43 qps: 67465.09 (r/w/o: 31044.62/31769.60/4650.87) lat (ms,95%): 13.22 err/s: 0.00 reconn/s: 0.00
[ 222s ] thds: 16 tps: 2229.13 qps: 63923.13 (r/w/o: 29403.17/30061.71/4458.25) lat (ms,95%): 13.70 err/s: 0.00 reconn/s: 0.00
[ 224s ] thds: 16 tps: 2320.95 qps: 68068.49 (r/w/o: 31357.30/32069.29/4641.90) lat (ms,95%): 13.22 err/s: 0.00 reconn/s: 0.00
[ 226s ] thds: 16 tps: 2326.54 qps: 67003.22 (r/w/o: 30765.56/31584.57/4653.08) lat (ms,95%): 13.22 err/s: 0.00 reconn/s: 0.00
[ 228s ] thds: 16 tps: 2340.91 qps: 67710.53 (r/w/o: 31156.87/31871.84/4681.83) lat (ms,95%): 13.22 err/s: 0.00 reconn/s: 0.00
[ 230s ] thds: 16 tps: 2298.54 qps: 65753.24 (r/w/o: 30281.57/30874.58/4597.09) lat (ms,95%): 13.46 err/s: 0.00 reconn/s: 0.00
[ 232s ] thds: 16 tps: 2310.97 qps: 66311.27 (r/w/o: 30504.16/31185.16/4621.95) lat (ms,95%): 13.22 err/s: 0.00 reconn/s: 0.00
[ 234s ] thds: 16 tps: 2265.04 qps: 66916.19 (r/w/o: 30780.55/31605.56/4530.08) lat (ms,95%): 13.46 err/s: 0.00 reconn/s: 0.00
[ 236s ] thds: 16 tps: 2337.95 qps: 68107.04 (r/w/o: 31344.33/32086.81/4675.90) lat (ms,95%): 13.22 err/s: 0.00 reconn/s: 0.00
[ 238s ] thds: 16 tps: 2351.90 qps: 68592.06 (r/w/o: 31545.65/32342.61/4703.80) lat (ms,95%): 12.98 err/s: 0.00 reconn/s: 0.00
[ 240s ] thds: 16 tps: 2291.64 qps: 67025.66 (r/w/o: 30824.91/31617.46/4583.28) lat (ms,95%): 13.46 err/s: 0.00 reconn/s: 0.00
[ 242s ] thds: 16 tps: 2176.98 qps: 63044.05 (r/w/o: 29029.29/29660.79/4353.97) lat (ms,95%): 13.70 err/s: 0.00 reconn/s: 0.00
[ 244s ] thds: 16 tps: 2371.46 qps: 68958.28 (r/w/o: 31794.94/32421.92/4741.42) lat (ms,95%): 12.75 err/s: 0.00 reconn/s: 0.00
[ 246s ] thds: 16 tps: 2334.01 qps: 69221.37 (r/w/o: 31902.67/32652.18/4666.53) lat (ms,95%): 12.75 err/s: 0.00 reconn/s: 0.00
[ 248s ] thds: 16 tps: 2372.00 qps: 69109.05 (r/w/o: 31810.02/32552.02/4747.00) lat (ms,95%): 12.52 err/s: 0.00 reconn/s: 0.00
[ 250s ] thds: 16 tps: 2351.49 qps: 66583.81 (r/w/o: 30655.91/31224.91/4702.99) lat (ms,95%): 12.98 err/s: 0.00 reconn/s: 0.00
[ 252s ] thds: 16 tps: 2349.57 qps: 68319.93 (r/w/o: 31497.89/32122.91/4699.13) lat (ms,95%): 12.98 err/s: 0.00 reconn/s: 0.00
[ 254s ] thds: 16 tps: 2328.44 qps: 68628.11 (r/w/o: 31666.13/32305.11/4656.87) lat (ms,95%): 12.75 err/s: 0.00 reconn/s: 0.00
[ 256s ] thds: 16 tps: 2342.00 qps: 68721.05 (r/w/o: 31634.02/32403.02/4684.00) lat (ms,95%): 12.75 err/s: 0.00 reconn/s: 0.00
[ 258s ] thds: 16 tps: 2374.87 qps: 68803.87 (r/w/o: 31626.83/32427.29/4749.75) lat (ms,95%): 12.52 err/s: 0.00 reconn/s: 0.00
[ 260s ] thds: 16 tps: 2340.62 qps: 68173.05 (r/w/o: 31439.64/32052.17/4681.24) lat (ms,95%): 12.98 err/s: 0.00 reconn/s: 0.00
[ 262s ] thds: 16 tps: 2379.51 qps: 68763.31 (r/w/o: 31648.64/32355.65/4759.02) lat (ms,95%): 12.52 err/s: 0.00 reconn/s: 0.00
[ 264s ] thds: 16 tps: 1934.95 qps: 57258.15 (r/w/o: 26345.88/27042.36/3869.91) lat (ms,95%): 15.83 err/s: 0.00 reconn/s: 0.00
[ 266s ] thds: 16 tps: 2113.65 qps: 61399.74 (r/w/o: 28189.45/28983.00/4227.29) lat (ms,95%): 13.46 err/s: 0.00 reconn/s: 0.00
[ 268s ] thds: 16 tps: 1984.98 qps: 59254.52 (r/w/o: 27336.28/27948.27/3969.97) lat (ms,95%): 14.21 err/s: 0.00 reconn/s: 0.00
[ 270s ] thds: 16 tps: 1983.47 qps: 56489.11 (r/w/o: 25944.59/26577.58/3966.94) lat (ms,95%): 15.27 err/s: 0.00 reconn/s: 0.00
[ 272s ] thds: 16 tps: 2123.52 qps: 60929.44 (r/w/o: 28051.70/28630.71/4247.03) lat (ms,95%): 13.46 err/s: 0.00 reconn/s: 0.00
[ 274s ] thds: 16 tps: 2099.50 qps: 61221.60 (r/w/o: 28165.55/28857.05/4199.01) lat (ms,95%): 13.70 err/s: 0.00 reconn/s: 0.00
[ 276s ] thds: 16 tps: 2147.80 qps: 61555.69 (r/w/o: 28322.32/28937.77/4295.59) lat (ms,95%): 13.46 err/s: 0.00 reconn/s: 0.00
[ 278s ] thds: 16 tps: 2179.20 qps: 64258.84 (r/w/o: 29628.19/30272.25/4358.40) lat (ms,95%): 13.22 err/s: 0.00 reconn/s: 0.00
[ 280s ] thds: 16 tps: 2097.00 qps: 60108.13 (r/w/o: 27629.56/28284.56/4194.01) lat (ms,95%): 13.70 err/s: 0.00 reconn/s: 0.00
[ 282s ] thds: 16 tps: 1716.83 qps: 50168.97 (r/w/o: 23050.53/23684.78/3433.66) lat (ms,95%): 15.55 err/s: 0.00 reconn/s: 0.00
[ 284s ] thds: 16 tps: 253.53 qps: 7580.04 (r/w/o: 3464.48/3608.49/507.07) lat (ms,95%): 308.84 err/s: 0.00 reconn/s: 0.00
[ 286s ] thds: 16 tps: 308.02 qps: 8738.07 (r/w/o: 4030.76/4091.27/616.04) lat (ms,95%): 308.84 err/s: 0.00 reconn/s: 0.00
[ 288s ] thds: 16 tps: 1997.86 qps: 57708.96 (r/w/o: 26568.32/27144.92/3995.72) lat (ms,95%): 12.30 err/s: 0.00 reconn/s: 0.00
[ 290s ] thds: 16 tps: 2304.45 qps: 67905.88 (r/w/o: 31234.75/32062.23/4608.89) lat (ms,95%): 13.22 err/s: 0.00 reconn/s: 0.00
[ 292s ] thds: 16 tps: 2401.56 qps: 69687.24 (r/w/o: 32053.80/32830.32/4803.12) lat (ms,95%): 12.75 err/s: 0.00 reconn/s: 0.00
[ 294s ] thds: 16 tps: 2242.02 qps: 65139.19 (r/w/o: 30002.32/30652.83/4484.05) lat (ms,95%): 12.98 err/s: 0.00 reconn/s: 0.00
[ 296s ] thds: 16 tps: 2420.41 qps: 69739.43 (r/w/o: 32096.32/32802.29/4840.82) lat (ms,95%): 12.30 err/s: 0.00 reconn/s: 0.00
[ 298s ] thds: 16 tps: 2381.91 qps: 69012.87 (r/w/o: 31738.29/32510.76/4763.82) lat (ms,95%): 12.75 err/s: 0.00 reconn/s: 0.00
[ 300s ] thds: 16 tps: 2313.13 qps: 68820.72 (r/w/o: 31741.72/32453.76/4625.25) lat (ms,95%): 13.22 err/s: 0.00 reconn/s: 0.00
SQL statistics:
    queries performed:
        read:                            9674516
        write:                           9894940
        other:                           1448682
        total:                           21018138
    transactions:                        724325 (2414.34 per sec.)
    queries:                             21018138 (70058.22 per sec.)
    ignored errors:                      0      (0.00 per sec.)
    reconnects:                          0      (0.00 per sec.)

Throughput:
    events/s (eps):                      2414.3394
    time elapsed:                        300.0096s
    total number of events:              724325

Latency (ms):
         min:                                    0.29
         avg:                                    6.63
         max:                                  325.81
         95th percentile:                       12.75
         sum:                              4798673.29

Threads fairness:
    events (avg/stddev):           45270.3125/108.89
    execution time (avg/stddev):   299.9171/0.00

sysbench 1.1.0 (using bundled LuaJIT 2.1.0-beta3)

Running the test with following options:
Number of threads: 32
Report intermediate results every 2 second(s)
Initializing random number generator from current time


Initializing worker threads...

** Using FOR UPDATE : 1
** FORCE_PRIMARY : 0
** FORCE_NULL : 0
=> Using SESSION ops: 
Threads started!

[ 2s ] thds: 32 tps: 3159.78 qps: 92973.98 (r/w/o: 42855.71/43750.73/6367.54) lat (ms,95%): 20.74 err/s: 0.00 reconn/s: 0.00
[ 4s ] thds: 32 tps: 2986.14 qps: 86077.59 (r/w/o: 39512.88/40592.43/5972.28) lat (ms,95%): 21.89 err/s: 0.00 reconn/s: 0.00
[ 6s ] thds: 32 tps: 3023.42 qps: 87700.27 (r/w/o: 40377.47/41275.95/6046.85) lat (ms,95%): 21.50 err/s: 0.00 reconn/s: 0.00
[ 8s ] thds: 32 tps: 2998.77 qps: 86405.33 (r/w/o: 39770.93/40637.86/5996.54) lat (ms,95%): 21.50 err/s: 0.00 reconn/s: 0.00
[ 10s ] thds: 32 tps: 2956.74 qps: 85255.99 (r/w/o: 39216.72/40124.79/5914.49) lat (ms,95%): 22.28 err/s: 0.00 reconn/s: 0.00
[ 12s ] thds: 32 tps: 3116.98 qps: 90608.93 (r/w/o: 41672.24/42703.23/6233.46) lat (ms,95%): 25.74 err/s: 0.00 reconn/s: 0.00
[ 14s ] thds: 32 tps: 3060.01 qps: 88760.88 (r/w/o: 40929.68/41710.68/6120.53) lat (ms,95%): 26.20 err/s: 0.00 reconn/s: 0.00
[ 16s ] thds: 32 tps: 3199.79 qps: 91474.12 (r/w/o: 42113.79/42960.74/6399.59) lat (ms,95%): 24.83 err/s: 0.00 reconn/s: 0.00
[ 18s ] thds: 32 tps: 3093.07 qps: 89310.03 (r/w/o: 41063.93/42059.96/6186.14) lat (ms,95%): 27.66 err/s: 0.00 reconn/s: 0.00
[ 20s ] thds: 32 tps: 3062.54 qps: 89708.91 (r/w/o: 41312.36/42271.97/6124.58) lat (ms,95%): 24.38 err/s: 0.00 reconn/s: 0.00
[ 22s ] thds: 32 tps: 3029.15 qps: 88632.82 (r/w/o: 40749.78/41824.75/6058.29) lat (ms,95%): 26.68 err/s: 0.00 reconn/s: 0.00
[ 24s ] thds: 32 tps: 3033.81 qps: 87170.50 (r/w/o: 40109.14/40993.23/6068.13) lat (ms,95%): 26.68 err/s: 0.00 reconn/s: 0.00
[ 26s ] thds: 32 tps: 3090.29 qps: 89323.51 (r/w/o: 41097.24/42046.18/6180.09) lat (ms,95%): 25.74 err/s: 0.00 reconn/s: 0.00
[ 28s ] thds: 32 tps: 3027.16 qps: 89097.11 (r/w/o: 40987.62/42054.67/6054.81) lat (ms,95%): 27.17 err/s: 0.00 reconn/s: 0.00
[ 30s ] thds: 32 tps: 3099.53 qps: 89235.41 (r/w/o: 41179.42/41857.43/6198.56) lat (ms,95%): 25.74 err/s: 0.00 reconn/s: 0.00
[ 32s ] thds: 32 tps: 3051.57 qps: 88077.71 (r/w/o: 40472.85/41501.21/6103.65) lat (ms,95%): 26.68 err/s: 0.00 reconn/s: 0.00
[ 34s ] thds: 32 tps: 2991.31 qps: 87083.47 (r/w/o: 40078.63/41022.23/5982.62) lat (ms,95%): 26.20 err/s: 0.00 reconn/s: 0.00
[ 36s ] thds: 32 tps: 3099.89 qps: 90833.16 (r/w/o: 41824.96/42808.43/6199.77) lat (ms,95%): 25.28 err/s: 0.00 reconn/s: 0.00
[ 38s ] thds: 32 tps: 3050.27 qps: 89600.41 (r/w/o: 41195.64/42304.24/6100.54) lat (ms,95%): 26.20 err/s: 0.00 reconn/s: 0.00
[ 40s ] thds: 32 tps: 3057.56 qps: 88612.32 (r/w/o: 40706.34/41790.86/6115.13) lat (ms,95%): 25.74 err/s: 0.00 reconn/s: 0.00
[ 42s ] thds: 32 tps: 3066.27 qps: 88425.90 (r/w/o: 40632.97/41660.39/6132.54) lat (ms,95%): 26.20 err/s: 0.00 reconn/s: 0.00
[ 44s ] thds: 32 tps: 2995.90 qps: 87202.62 (r/w/o: 40168.67/41042.14/5991.80) lat (ms,95%): 26.68 err/s: 0.00 reconn/s: 0.00
[ 46s ] thds: 32 tps: 2916.62 qps: 84920.97 (r/w/o: 39108.60/39979.13/5833.24) lat (ms,95%): 27.66 err/s: 0.00 reconn/s: 0.00
[ 48s ] thds: 32 tps: 3112.91 qps: 89444.97 (r/w/o: 41150.34/42069.31/6225.32) lat (ms,95%): 25.74 err/s: 0.00 reconn/s: 0.00
[ 50s ] thds: 32 tps: 3047.22 qps: 89318.03 (r/w/o: 41106.51/42116.58/6094.95) lat (ms,95%): 26.20 err/s: 0.00 reconn/s: 0.00
[ 52s ] thds: 32 tps: 3102.55 qps: 89261.99 (r/w/o: 41048.68/42008.70/6204.60) lat (ms,95%): 25.28 err/s: 0.00 reconn/s: 0.00
[ 54s ] thds: 32 tps: 3017.12 qps: 87526.56 (r/w/o: 40348.96/41143.36/6034.25) lat (ms,95%): 26.68 err/s: 0.00 reconn/s: 0.00
[ 56s ] thds: 32 tps: 3088.52 qps: 89630.15 (r/w/o: 41246.30/42206.30/6177.54) lat (ms,95%): 25.28 err/s: 0.00 reconn/s: 0.00
[ 58s ] thds: 32 tps: 3096.12 qps: 89699.95 (r/w/o: 41254.09/42253.63/6192.24) lat (ms,95%): 25.74 err/s: 0.00 reconn/s: 0.00
[ 60s ] thds: 32 tps: 2951.23 qps: 86825.01 (r/w/o: 40007.82/40916.23/5900.96) lat (ms,95%): 23.95 err/s: 0.00 reconn/s: 0.00
[ 62s ] thds: 32 tps: 2842.12 qps: 83181.04 (r/w/o: 38399.13/39096.16/5685.74) lat (ms,95%): 23.10 err/s: 0.00 reconn/s: 0.00
[ 64s ] thds: 32 tps: 2834.98 qps: 81489.37 (r/w/o: 37521.21/38298.21/5669.96) lat (ms,95%): 23.10 err/s: 0.00 reconn/s: 0.00
[ 66s ] thds: 32 tps: 2836.31 qps: 83449.02 (r/w/o: 38423.15/39353.25/5672.61) lat (ms,95%): 23.95 err/s: 0.00 reconn/s: 0.00
[ 68s ] thds: 32 tps: 2930.63 qps: 84009.86 (r/w/o: 38688.10/39460.50/5861.26) lat (ms,95%): 22.28 err/s: 0.00 reconn/s: 0.00
[ 70s ] thds: 32 tps: 2930.31 qps: 84887.03 (r/w/o: 39033.15/39993.25/5860.62) lat (ms,95%): 22.28 err/s: 0.00 reconn/s: 0.00
[ 72s ] thds: 32 tps: 2942.45 qps: 84788.18 (r/w/o: 39055.21/39848.07/5884.90) lat (ms,95%): 22.69 err/s: 0.00 reconn/s: 0.00
[ 74s ] thds: 32 tps: 2847.22 qps: 83082.48 (r/w/o: 38242.66/39145.38/5694.44) lat (ms,95%): 23.52 err/s: 0.00 reconn/s: 0.00
[ 76s ] thds: 32 tps: 2845.40 qps: 83072.15 (r/w/o: 38308.18/39073.16/5690.80) lat (ms,95%): 23.95 err/s: 0.00 reconn/s: 0.00
[ 78s ] thds: 32 tps: 2724.54 qps: 79705.19 (r/w/o: 36701.05/37555.06/5449.08) lat (ms,95%): 25.28 err/s: 0.00 reconn/s: 0.00
[ 80s ] thds: 32 tps: 2930.80 qps: 86003.19 (r/w/o: 39612.83/40528.76/5861.60) lat (ms,95%): 22.69 err/s: 0.00 reconn/s: 0.00
[ 82s ] thds: 32 tps: 2931.71 qps: 84870.24 (r/w/o: 39034.70/39973.11/5862.43) lat (ms,95%): 22.28 err/s: 0.00 reconn/s: 0.00
[ 84s ] thds: 32 tps: 2814.01 qps: 82864.10 (r/w/o: 38140.45/39094.62/5629.03) lat (ms,95%): 23.10 err/s: 0.00 reconn/s: 0.00
[ 86s ] thds: 32 tps: 2907.88 qps: 85731.57 (r/w/o: 39483.42/40432.38/5815.77) lat (ms,95%): 22.69 err/s: 0.00 reconn/s: 0.00
[ 88s ] thds: 32 tps: 2961.50 qps: 85331.56 (r/w/o: 39319.03/40089.53/5923.00) lat (ms,95%): 22.69 err/s: 0.00 reconn/s: 0.00
[ 90s ] thds: 32 tps: 2934.46 qps: 85202.97 (r/w/o: 39238.03/40096.01/5868.93) lat (ms,95%): 22.69 err/s: 0.00 reconn/s: 0.00
[ 92s ] thds: 32 tps: 2854.03 qps: 83679.25 (r/w/o: 38507.35/39463.86/5708.05) lat (ms,95%): 23.10 err/s: 0.00 reconn/s: 0.00
[ 94s ] thds: 32 tps: 2839.07 qps: 81900.15 (r/w/o: 37661.32/38561.18/5677.64) lat (ms,95%): 23.10 err/s: 0.00 reconn/s: 0.00
[ 96s ] thds: 32 tps: 2946.31 qps: 84957.90 (r/w/o: 39015.59/40049.20/5893.12) lat (ms,95%): 21.89 err/s: 0.00 reconn/s: 0.00
[ 98s ] thds: 32 tps: 2977.69 qps: 85532.32 (r/w/o: 39389.95/40187.50/5954.87) lat (ms,95%): 21.50 err/s: 0.00 reconn/s: 0.00
[ 100s ] thds: 32 tps: 2757.93 qps: 80567.97 (r/w/o: 37101.06/37950.54/5516.36) lat (ms,95%): 25.74 err/s: 0.00 reconn/s: 0.00
[ 102s ] thds: 32 tps: 2968.30 qps: 85253.66 (r/w/o: 39190.81/40126.25/5936.59) lat (ms,95%): 21.89 err/s: 0.00 reconn/s: 0.00
[ 104s ] thds: 32 tps: 2801.28 qps: 83217.70 (r/w/o: 38335.28/39279.87/5602.55) lat (ms,95%): 23.52 err/s: 0.00 reconn/s: 0.00
[ 106s ] thds: 32 tps: 2971.40 qps: 86401.69 (r/w/o: 39703.71/40755.17/5942.81) lat (ms,95%): 21.89 err/s: 0.00 reconn/s: 0.00
[ 108s ] thds: 32 tps: 2983.49 qps: 86530.70 (r/w/o: 39856.86/40706.86/5966.98) lat (ms,95%): 21.50 err/s: 0.00 reconn/s: 0.00
[ 110s ] thds: 32 tps: 2968.40 qps: 85759.56 (r/w/o: 39442.15/40383.61/5933.80) lat (ms,95%): 22.28 err/s: 0.00 reconn/s: 0.00
[ 112s ] thds: 32 tps: 2966.01 qps: 84960.90 (r/w/o: 39049.18/39976.69/5935.03) lat (ms,95%): 23.10 err/s: 0.00 reconn/s: 0.00
[ 114s ] thds: 32 tps: 2832.92 qps: 80820.15 (r/w/o: 37104.92/38050.39/5664.84) lat (ms,95%): 23.10 err/s: 0.00 reconn/s: 0.00
[ 116s ] thds: 32 tps: 2837.55 qps: 84416.13 (r/w/o: 38850.75/39889.27/5676.11) lat (ms,95%): 23.10 err/s: 0.00 reconn/s: 0.00
[ 118s ] thds: 32 tps: 2990.17 qps: 85811.99 (r/w/o: 39544.30/40287.34/5980.35) lat (ms,95%): 22.69 err/s: 0.00 reconn/s: 0.00
[ 120s ] thds: 32 tps: 2917.55 qps: 83499.85 (r/w/o: 38445.12/39219.63/5835.09) lat (ms,95%): 23.10 err/s: 0.00 reconn/s: 0.00
[ 122s ] thds: 32 tps: 2950.83 qps: 83171.63 (r/w/o: 38206.33/39064.64/5900.66) lat (ms,95%): 23.10 err/s: 0.00 reconn/s: 0.00
[ 124s ] thds: 32 tps: 2851.58 qps: 82627.40 (r/w/o: 38062.29/38860.95/5704.17) lat (ms,95%): 23.10 err/s: 0.00 reconn/s: 0.00
[ 126s ] thds: 32 tps: 2952.06 qps: 85153.29 (r/w/o: 39164.32/40085.84/5903.12) lat (ms,95%): 22.28 err/s: 0.00 reconn/s: 0.00
[ 128s ] thds: 32 tps: 2989.01 qps: 85492.77 (r/w/o: 39236.63/40278.13/5978.02) lat (ms,95%): 22.69 err/s: 0.00 reconn/s: 0.00
[ 130s ] thds: 32 tps: 2908.42 qps: 85716.28 (r/w/o: 39495.98/40402.45/5817.85) lat (ms,95%): 22.69 err/s: 0.00 reconn/s: 0.00
[ 132s ] thds: 32 tps: 2897.89 qps: 84232.26 (r/w/o: 38752.01/39684.47/5795.78) lat (ms,95%): 22.69 err/s: 0.00 reconn/s: 0.00
[ 134s ] thds: 32 tps: 2804.59 qps: 80699.62 (r/w/o: 37072.20/38018.23/5609.18) lat (ms,95%): 23.95 err/s: 0.00 reconn/s: 0.00
[ 136s ] thds: 32 tps: 2723.04 qps: 79230.79 (r/w/o: 36486.10/37298.61/5446.09) lat (ms,95%): 24.38 err/s: 0.00 reconn/s: 0.00
[ 138s ] thds: 32 tps: 2814.88 qps: 81135.40 (r/w/o: 37356.84/38150.31/5628.25) lat (ms,95%): 23.95 err/s: 0.00 reconn/s: 0.00
[ 140s ] thds: 32 tps: 2984.16 qps: 84711.60 (r/w/o: 38976.62/39765.16/5969.82) lat (ms,95%): 21.89 err/s: 0.00 reconn/s: 0.00
[ 142s ] thds: 32 tps: 2709.83 qps: 79905.12 (r/w/o: 36791.25/37694.20/5419.67) lat (ms,95%): 24.83 err/s: 0.00 reconn/s: 0.00
[ 144s ] thds: 32 tps: 2824.58 qps: 82263.47 (r/w/o: 37871.14/38743.16/5649.17) lat (ms,95%): 23.52 err/s: 0.00 reconn/s: 0.00
[ 146s ] thds: 32 tps: 2886.07 qps: 84067.52 (r/w/o: 38654.43/39640.95/5772.14) lat (ms,95%): 22.69 err/s: 0.00 reconn/s: 0.00
[ 148s ] thds: 32 tps: 2838.42 qps: 83487.12 (r/w/o: 38408.91/39400.88/5677.34) lat (ms,95%): 23.52 err/s: 0.00 reconn/s: 0.00
[ 150s ] thds: 32 tps: 2916.12 qps: 84776.45 (r/w/o: 39090.09/39854.62/5831.74) lat (ms,95%): 22.28 err/s: 0.00 reconn/s: 0.00
[ 152s ] thds: 32 tps: 2889.99 qps: 83269.85 (r/w/o: 38283.43/39206.43/5779.99) lat (ms,95%): 23.52 err/s: 0.00 reconn/s: 0.00
[ 154s ] thds: 32 tps: 2815.81 qps: 82525.05 (r/w/o: 38016.49/38876.93/5631.63) lat (ms,95%): 23.10 err/s: 0.00 reconn/s: 0.00
[ 156s ] thds: 32 tps: 2921.10 qps: 84152.34 (r/w/o: 38668.64/39642.51/5841.19) lat (ms,95%): 22.69 err/s: 0.00 reconn/s: 0.00
[ 158s ] thds: 32 tps: 2951.10 qps: 85097.35 (r/w/o: 39130.48/40064.67/5902.20) lat (ms,95%): 22.28 err/s: 0.00 reconn/s: 0.00
[ 160s ] thds: 32 tps: 2864.49 qps: 84563.76 (r/w/o: 38964.89/39868.89/5729.98) lat (ms,95%): 22.28 err/s: 0.00 reconn/s: 0.00
[ 162s ] thds: 32 tps: 2813.88 qps: 80335.07 (r/w/o: 36993.92/37713.39/5627.76) lat (ms,95%): 25.28 err/s: 0.00 reconn/s: 0.00
[ 164s ] thds: 32 tps: 2819.92 qps: 81750.30 (r/w/o: 37576.49/38534.46/5639.35) lat (ms,95%): 23.52 err/s: 0.00 reconn/s: 0.00
[ 166s ] thds: 32 tps: 2868.21 qps: 82872.54 (r/w/o: 38109.28/39026.34/5736.92) lat (ms,95%): 22.69 err/s: 0.00 reconn/s: 0.00
[ 168s ] thds: 32 tps: 2908.91 qps: 83962.26 (r/w/o: 38662.24/39482.21/5817.81) lat (ms,95%): 22.69 err/s: 0.00 reconn/s: 0.00
[ 170s ] thds: 32 tps: 2915.64 qps: 84230.10 (r/w/o: 38771.89/39626.93/5831.28) lat (ms,95%): 22.28 err/s: 0.00 reconn/s: 0.00
[ 172s ] thds: 32 tps: 2855.16 qps: 84170.03 (r/w/o: 38666.42/39793.78/5709.82) lat (ms,95%): 23.10 err/s: 0.00 reconn/s: 0.00
[ 174s ] thds: 32 tps: 2771.49 qps: 82037.10 (r/w/o: 37815.81/38678.31/5542.97) lat (ms,95%): 23.95 err/s: 0.00 reconn/s: 0.00
[ 176s ] thds: 32 tps: 2886.68 qps: 83715.21 (r/w/o: 38553.40/39387.95/5773.86) lat (ms,95%): 22.28 err/s: 0.00 reconn/s: 0.00
[ 178s ] thds: 32 tps: 2942.69 qps: 83740.12 (r/w/o: 38497.42/39357.33/5885.38) lat (ms,95%): 22.28 err/s: 0.00 reconn/s: 0.00
[ 180s ] thds: 32 tps: 2960.70 qps: 83905.56 (r/w/o: 38639.06/39345.11/5921.39) lat (ms,95%): 22.28 err/s: 0.00 reconn/s: 0.00
[ 182s ] thds: 32 tps: 2739.26 qps: 79421.65 (r/w/o: 36548.02/37395.10/5478.53) lat (ms,95%): 25.74 err/s: 0.00 reconn/s: 0.00
[ 184s ] thds: 32 tps: 2834.39 qps: 82832.91 (r/w/o: 38116.58/39047.54/5668.79) lat (ms,95%): 23.52 err/s: 0.00 reconn/s: 0.00
[ 186s ] thds: 32 tps: 2805.40 qps: 81333.18 (r/w/o: 37414.20/38308.17/5610.81) lat (ms,95%): 23.95 err/s: 0.00 reconn/s: 0.00
[ 188s ] thds: 32 tps: 2882.07 qps: 82148.78 (r/w/o: 37804.37/38580.76/5763.64) lat (ms,95%): 22.28 err/s: 0.00 reconn/s: 0.00
[ 190s ] thds: 32 tps: 2858.63 qps: 83019.66 (r/w/o: 38221.86/39080.05/5717.75) lat (ms,95%): 22.69 err/s: 0.00 reconn/s: 0.00
[ 192s ] thds: 32 tps: 2866.95 qps: 83553.69 (r/w/o: 38393.40/39426.38/5733.91) lat (ms,95%): 23.10 err/s: 0.00 reconn/s: 0.00
[ 194s ] thds: 32 tps: 2798.10 qps: 81387.26 (r/w/o: 37481.59/38309.47/5596.19) lat (ms,95%): 23.95 err/s: 0.00 reconn/s: 0.00
[ 196s ] thds: 32 tps: 2835.29 qps: 82598.49 (r/w/o: 38079.92/38847.99/5670.58) lat (ms,95%): 23.10 err/s: 0.00 reconn/s: 0.00
[ 198s ] thds: 32 tps: 2882.62 qps: 83950.96 (r/w/o: 38641.09/39544.63/5765.24) lat (ms,95%): 22.69 err/s: 0.00 reconn/s: 0.00
[ 200s ] thds: 32 tps: 2906.99 qps: 82702.14 (r/w/o: 38055.83/38832.33/5813.97) lat (ms,95%): 22.69 err/s: 0.00 reconn/s: 0.00
[ 202s ] thds: 32 tps: 2715.02 qps: 78304.48 (r/w/o: 36120.22/36755.73/5428.53) lat (ms,95%): 22.28 err/s: 0.00 reconn/s: 0.00
[ 204s ] thds: 32 tps: 2783.40 qps: 81983.17 (r/w/o: 37703.70/38711.17/5568.31) lat (ms,95%): 23.95 err/s: 0.00 reconn/s: 0.00
[ 206s ] thds: 32 tps: 2864.56 qps: 82755.61 (r/w/o: 38059.74/38966.76/5729.11) lat (ms,95%): 23.10 err/s: 0.00 reconn/s: 0.00
[ 208s ] thds: 32 tps: 2888.06 qps: 83696.67 (r/w/o: 38539.27/39383.79/5773.62) lat (ms,95%): 23.10 err/s: 0.00 reconn/s: 0.00
[ 210s ] thds: 32 tps: 2870.50 qps: 82597.00 (r/w/o: 37953.50/38900.00/5743.50) lat (ms,95%): 23.52 err/s: 0.00 reconn/s: 0.00
[ 212s ] thds: 32 tps: 2911.92 qps: 84163.82 (r/w/o: 38754.00/39585.97/5823.85) lat (ms,95%): 21.89 err/s: 0.00 reconn/s: 0.00
[ 214s ] thds: 32 tps: 2774.56 qps: 81281.83 (r/w/o: 37409.84/38322.86/5549.13) lat (ms,95%): 24.38 err/s: 0.00 reconn/s: 0.00
[ 216s ] thds: 32 tps: 2924.57 qps: 84607.44 (r/w/o: 38968.21/39790.09/5849.13) lat (ms,95%): 22.69 err/s: 0.00 reconn/s: 0.00
[ 218s ] thds: 32 tps: 2867.96 qps: 83520.42 (r/w/o: 38496.18/39288.31/5735.92) lat (ms,95%): 23.10 err/s: 0.00 reconn/s: 0.00
[ 220s ] thds: 32 tps: 2913.87 qps: 84067.71 (r/w/o: 38716.76/39523.22/5827.74) lat (ms,95%): 23.10 err/s: 0.00 reconn/s: 0.00
[ 222s ] thds: 32 tps: 2866.43 qps: 84906.79 (r/w/o: 39161.48/40012.46/5732.85) lat (ms,95%): 23.10 err/s: 0.00 reconn/s: 0.00
[ 224s ] thds: 32 tps: 2661.92 qps: 77080.75 (r/w/o: 35440.80/36316.11/5323.84) lat (ms,95%): 26.20 err/s: 0.00 reconn/s: 0.00
[ 226s ] thds: 32 tps: 2816.09 qps: 83491.59 (r/w/o: 38489.61/39371.30/5630.69) lat (ms,95%): 23.10 err/s: 0.00 reconn/s: 0.00
[ 228s ] thds: 32 tps: 2872.14 qps: 84054.13 (r/w/o: 38723.40/39584.94/5745.78) lat (ms,95%): 23.10 err/s: 0.00 reconn/s: 0.00
[ 230s ] thds: 32 tps: 2858.49 qps: 83186.63 (r/w/o: 38343.83/39125.83/5716.97) lat (ms,95%): 22.69 err/s: 0.00 reconn/s: 0.00
[ 232s ] thds: 32 tps: 2836.55 qps: 83004.58 (r/w/o: 38154.23/39177.75/5672.61) lat (ms,95%): 23.10 err/s: 0.00 reconn/s: 0.00
[ 234s ] thds: 32 tps: 2799.56 qps: 81614.69 (r/w/o: 37609.28/38405.79/5599.62) lat (ms,95%): 23.52 err/s: 0.00 reconn/s: 0.00
[ 236s ] thds: 32 tps: 2810.45 qps: 82920.90 (r/w/o: 38152.27/39147.75/5620.89) lat (ms,95%): 23.52 err/s: 0.00 reconn/s: 0.00
[ 238s ] thds: 32 tps: 2851.86 qps: 83591.98 (r/w/o: 38519.15/39369.11/5703.73) lat (ms,95%): 22.69 err/s: 0.00 reconn/s: 0.00
[ 240s ] thds: 32 tps: 2849.67 qps: 82822.78 (r/w/o: 38193.52/38929.93/5699.33) lat (ms,95%): 23.10 err/s: 0.00 reconn/s: 0.00
[ 242s ] thds: 32 tps: 2919.45 qps: 83681.35 (r/w/o: 38468.41/39376.05/5836.90) lat (ms,95%): 22.28 err/s: 0.00 reconn/s: 0.00
[ 244s ] thds: 32 tps: 2647.47 qps: 75712.85 (r/w/o: 34751.54/35664.36/5296.94) lat (ms,95%): 25.74 err/s: 0.00 reconn/s: 0.00
[ 246s ] thds: 32 tps: 2888.09 qps: 84194.52 (r/w/o: 38759.66/39658.69/5776.17) lat (ms,95%): 23.10 err/s: 0.00 reconn/s: 0.00
[ 248s ] thds: 32 tps: 2912.82 qps: 82941.19 (r/w/o: 38157.73/38957.82/5825.65) lat (ms,95%): 22.69 err/s: 0.00 reconn/s: 0.00
[ 250s ] thds: 32 tps: 2840.61 qps: 81649.23 (r/w/o: 37489.98/38478.02/5681.22) lat (ms,95%): 23.52 err/s: 0.00 reconn/s: 0.00
[ 252s ] thds: 32 tps: 2878.10 qps: 83953.81 (r/w/o: 38650.29/39547.32/5756.19) lat (ms,95%): 22.69 err/s: 0.00 reconn/s: 0.00
[ 254s ] thds: 32 tps: 2833.83 qps: 81736.21 (r/w/o: 37634.62/38433.93/5667.66) lat (ms,95%): 23.52 err/s: 0.00 reconn/s: 0.00
[ 256s ] thds: 32 tps: 2817.68 qps: 82523.96 (r/w/o: 38021.70/38866.90/5635.36) lat (ms,95%): 23.10 err/s: 0.00 reconn/s: 0.00
[ 258s ] thds: 32 tps: 2878.15 qps: 82344.91 (r/w/o: 37914.85/38673.76/5756.29) lat (ms,95%): 23.10 err/s: 0.00 reconn/s: 0.00
[ 260s ] thds: 32 tps: 2890.84 qps: 83053.67 (r/w/o: 38233.95/39038.05/5781.67) lat (ms,95%): 22.69 err/s: 0.00 reconn/s: 0.00
[ 262s ] thds: 32 tps: 2886.99 qps: 83169.34 (r/w/o: 38244.43/39150.93/5773.99) lat (ms,95%): 22.69 err/s: 0.00 reconn/s: 0.00
[ 264s ] thds: 32 tps: 2609.01 qps: 76838.16 (r/w/o: 35406.89/36218.24/5213.03) lat (ms,95%): 25.74 err/s: 0.00 reconn/s: 0.00
[ 266s ] thds: 32 tps: 2768.04 qps: 81527.33 (r/w/o: 37525.79/38460.47/5541.08) lat (ms,95%): 24.83 err/s: 0.00 reconn/s: 0.00
[ 268s ] thds: 32 tps: 2618.46 qps: 75371.29 (r/w/o: 34659.94/35474.43/5236.92) lat (ms,95%): 29.19 err/s: 0.00 reconn/s: 0.00
[ 270s ] thds: 32 tps: 2439.58 qps: 70707.26 (r/w/o: 32535.54/33292.56/4879.16) lat (ms,95%): 43.39 err/s: 0.00 reconn/s: 0.00
[ 272s ] thds: 32 tps: 2464.36 qps: 73215.75 (r/w/o: 33773.54/34514.00/4928.21) lat (ms,95%): 44.98 err/s: 0.00 reconn/s: 0.00
[ 274s ] thds: 32 tps: 2273.11 qps: 66384.24 (r/w/o: 30564.49/31274.53/4545.22) lat (ms,95%): 49.21 err/s: 0.00 reconn/s: 0.00
[ 276s ] thds: 32 tps: 2467.91 qps: 71654.78 (r/w/o: 32983.25/33734.22/4937.31) lat (ms,95%): 43.39 err/s: 0.00 reconn/s: 0.00
[ 278s ] thds: 32 tps: 2483.12 qps: 70986.87 (r/w/o: 32671.05/33349.58/4966.24) lat (ms,95%): 41.10 err/s: 0.00 reconn/s: 0.00
[ 280s ] thds: 32 tps: 2436.20 qps: 71023.34 (r/w/o: 32625.02/33525.91/4872.41) lat (ms,95%): 42.61 err/s: 0.00 reconn/s: 0.00
[ 282s ] thds: 32 tps: 2411.44 qps: 71963.14 (r/w/o: 33182.64/33957.62/4822.88) lat (ms,95%): 44.98 err/s: 0.00 reconn/s: 0.00
[ 284s ] thds: 32 tps: 2338.85 qps: 67801.73 (r/w/o: 31144.20/31979.83/4677.71) lat (ms,95%): 42.61 err/s: 0.00 reconn/s: 0.00
[ 286s ] thds: 32 tps: 2536.15 qps: 72521.60 (r/w/o: 33351.45/34097.84/5072.31) lat (ms,95%): 37.56 err/s: 0.00 reconn/s: 0.00
[ 288s ] thds: 32 tps: 2283.27 qps: 67567.04 (r/w/o: 31117.70/31882.79/4566.54) lat (ms,95%): 45.79 err/s: 0.00 reconn/s: 0.00
[ 290s ] thds: 32 tps: 2483.98 qps: 72907.90 (r/w/o: 33610.22/34329.72/4967.96) lat (ms,95%): 36.89 err/s: 0.00 reconn/s: 0.00
[ 292s ] thds: 32 tps: 2566.00 qps: 73531.42 (r/w/o: 33833.46/34565.96/5131.99) lat (ms,95%): 29.19 err/s: 0.00 reconn/s: 0.00
[ 294s ] thds: 32 tps: 2461.48 qps: 71752.80 (r/w/o: 33025.68/33804.17/4922.95) lat (ms,95%): 38.94 err/s: 0.00 reconn/s: 0.00
[ 296s ] thds: 32 tps: 2833.46 qps: 82457.73 (r/w/o: 37972.91/38817.90/5666.91) lat (ms,95%): 22.69 err/s: 0.00 reconn/s: 0.00
[ 298s ] thds: 32 tps: 2879.31 qps: 82619.56 (r/w/o: 38052.82/38808.13/5758.61) lat (ms,95%): 23.10 err/s: 0.00 reconn/s: 0.00
[ 300s ] thds: 32 tps: 2888.70 qps: 83589.18 (r/w/o: 38463.28/39348.50/5777.39) lat (ms,95%): 22.69 err/s: 0.00 reconn/s: 0.00
SQL statistics:
    queries performed:
        read:                            11471840
        write:                           11735286
        other:                           1717854
        total:                           24924980
    transactions:                        858895 (2862.82 per sec.)
    queries:                             24924980 (83078.49 per sec.)
    ignored errors:                      0      (0.00 per sec.)
    reconnects:                          0      (0.00 per sec.)

Throughput:
    events/s (eps):                      2862.8189
    time elapsed:                        300.0172s
    total number of events:              858895

Latency (ms):
         min:                                    0.38
         avg:                                   11.18
         max:                                  211.67
         95th percentile:                       23.95
         sum:                              9598153.65

Threads fairness:
    events (avg/stddev):           26840.4688/111.18
    execution time (avg/stddev):   299.9423/0.00

sysbench 1.1.0 (using bundled LuaJIT 2.1.0-beta3)

Running the test with following options:
Number of threads: 64
Report intermediate results every 2 second(s)
Initializing random number generator from current time


Initializing worker threads...

** Using FOR UPDATE : 1
** FORCE_PRIMARY : 0
** FORCE_NULL : 0
=> Using SESSION ops: 
Threads started!

[ 2s ] thds: 64 tps: 3132.38 qps: 90434.38 (r/w/o: 41589.77/42484.09/6360.52) lat (ms,95%): 53.85 err/s: 0.00 reconn/s: 0.00
[ 4s ] thds: 64 tps: 2993.97 qps: 87295.23 (r/w/o: 40164.99/41142.30/5987.94) lat (ms,95%): 54.83 err/s: 0.00 reconn/s: 0.00
[ 6s ] thds: 64 tps: 3120.19 qps: 89106.79 (r/w/o: 40991.93/41874.99/6239.87) lat (ms,95%): 63.32 err/s: 0.00 reconn/s: 0.00
[ 8s ] thds: 64 tps: 2965.01 qps: 85849.98 (r/w/o: 39521.37/40398.08/5930.53) lat (ms,95%): 63.32 err/s: 0.00 reconn/s: 0.00
[ 10s ] thds: 64 tps: 2819.48 qps: 83594.47 (r/w/o: 38440.82/39514.69/5638.95) lat (ms,95%): 68.05 err/s: 0.00 reconn/s: 0.00
[ 12s ] thds: 64 tps: 2935.63 qps: 85620.82 (r/w/o: 39482.08/40268.48/5870.27) lat (ms,95%): 64.47 err/s: 0.00 reconn/s: 0.00
[ 14s ] thds: 64 tps: 2977.72 qps: 85706.45 (r/w/o: 39361.96/40388.54/5955.95) lat (ms,95%): 65.65 err/s: 0.00 reconn/s: 0.00
[ 16s ] thds: 64 tps: 2966.12 qps: 86138.84 (r/w/o: 39670.04/40536.57/5932.23) lat (ms,95%): 63.32 err/s: 0.00 reconn/s: 0.00
[ 18s ] thds: 64 tps: 2963.18 qps: 85094.19 (r/w/o: 39201.08/39966.24/5926.87) lat (ms,95%): 64.47 err/s: 0.00 reconn/s: 0.00
[ 20s ] thds: 64 tps: 2883.40 qps: 83683.69 (r/w/o: 38564.57/39352.32/5766.80) lat (ms,95%): 63.32 err/s: 0.00 reconn/s: 0.00
[ 22s ] thds: 64 tps: 2946.45 qps: 86028.97 (r/w/o: 39554.80/40581.78/5892.40) lat (ms,95%): 65.65 err/s: 0.00 reconn/s: 0.00
[ 24s ] thds: 64 tps: 2968.90 qps: 86359.20 (r/w/o: 39832.90/40588.50/5937.80) lat (ms,95%): 63.32 err/s: 0.00 reconn/s: 0.00
[ 26s ] thds: 64 tps: 3003.93 qps: 87460.79 (r/w/o: 40286.30/41166.63/6007.85) lat (ms,95%): 65.65 err/s: 0.00 reconn/s: 0.00
[ 28s ] thds: 64 tps: 3013.57 qps: 86662.26 (r/w/o: 39909.49/40725.14/6027.63) lat (ms,95%): 62.19 err/s: 0.00 reconn/s: 0.00
[ 30s ] thds: 64 tps: 2800.93 qps: 81814.88 (r/w/o: 37712.02/38501.00/5601.85) lat (ms,95%): 68.05 err/s: 0.00 reconn/s: 0.00
[ 32s ] thds: 64 tps: 2983.44 qps: 85720.17 (r/w/o: 39489.16/40264.64/5966.37) lat (ms,95%): 59.99 err/s: 0.00 reconn/s: 0.00
[ 34s ] thds: 64 tps: 2933.79 qps: 86074.36 (r/w/o: 39613.67/40593.10/5867.58) lat (ms,95%): 64.47 err/s: 0.00 reconn/s: 0.00
[ 36s ] thds: 64 tps: 3034.45 qps: 87036.46 (r/w/o: 39976.45/40990.60/6069.40) lat (ms,95%): 63.32 err/s: 0.00 reconn/s: 0.00
[ 38s ] thds: 64 tps: 2946.67 qps: 85563.45 (r/w/o: 39400.10/40270.50/5892.84) lat (ms,95%): 63.32 err/s: 0.00 reconn/s: 0.00
[ 40s ] thds: 64 tps: 2867.40 qps: 84145.12 (r/w/o: 38818.67/39591.64/5734.80) lat (ms,95%): 65.65 err/s: 0.00 reconn/s: 0.00
[ 42s ] thds: 64 tps: 2983.37 qps: 85853.66 (r/w/o: 39458.40/40428.02/5967.24) lat (ms,95%): 68.05 err/s: 0.00 reconn/s: 0.00
[ 44s ] thds: 64 tps: 2998.85 qps: 87130.24 (r/w/o: 40060.87/41071.66/5997.71) lat (ms,95%): 63.32 err/s: 0.00 reconn/s: 0.00
[ 46s ] thds: 64 tps: 3057.91 qps: 88551.45 (r/w/o: 40774.00/41661.62/6115.83) lat (ms,95%): 55.82 err/s: 0.00 reconn/s: 0.00
[ 48s ] thds: 64 tps: 3044.64 qps: 86385.41 (r/w/o: 39781.85/40514.27/6089.29) lat (ms,95%): 66.84 err/s: 0.00 reconn/s: 0.00
[ 50s ] thds: 64 tps: 2878.16 qps: 83552.52 (r/w/o: 38522.03/39274.18/5756.31) lat (ms,95%): 69.29 err/s: 0.00 reconn/s: 0.00
[ 52s ] thds: 64 tps: 2970.08 qps: 86246.00 (r/w/o: 39721.87/40583.97/5940.17) lat (ms,95%): 71.83 err/s: 0.00 reconn/s: 0.00
[ 54s ] thds: 64 tps: 3034.43 qps: 87350.46 (r/w/o: 40172.06/41111.04/6067.36) lat (ms,95%): 65.65 err/s: 0.00 reconn/s: 0.00
[ 56s ] thds: 64 tps: 2993.80 qps: 87738.96 (r/w/o: 40432.53/41317.33/5989.10) lat (ms,95%): 64.47 err/s: 0.00 reconn/s: 0.00
[ 58s ] thds: 64 tps: 2986.73 qps: 86339.12 (r/w/o: 39688.54/40677.62/5972.96) lat (ms,95%): 59.99 err/s: 0.00 reconn/s: 0.00
[ 60s ] thds: 64 tps: 2855.84 qps: 83877.09 (r/w/o: 38577.14/39588.26/5711.69) lat (ms,95%): 62.19 err/s: 0.00 reconn/s: 0.00
[ 62s ] thds: 64 tps: 2936.86 qps: 85950.37 (r/w/o: 39546.10/40530.55/5873.72) lat (ms,95%): 57.87 err/s: 0.00 reconn/s: 0.00
[ 64s ] thds: 64 tps: 2990.55 qps: 85679.64 (r/w/o: 39385.59/40312.45/5981.60) lat (ms,95%): 54.83 err/s: 0.00 reconn/s: 0.00
[ 66s ] thds: 64 tps: 3066.16 qps: 89017.16 (r/w/o: 40908.81/41976.04/6132.32) lat (ms,95%): 51.02 err/s: 0.00 reconn/s: 0.00
[ 68s ] thds: 64 tps: 3012.56 qps: 86943.96 (r/w/o: 40008.71/40910.13/6025.12) lat (ms,95%): 52.89 err/s: 0.00 reconn/s: 0.00
[ 70s ] thds: 64 tps: 2968.50 qps: 85228.46 (r/w/o: 39232.95/40059.01/5936.50) lat (ms,95%): 52.89 err/s: 0.00 reconn/s: 0.00
[ 72s ] thds: 64 tps: 2947.45 qps: 86271.34 (r/w/o: 39796.55/40579.40/5895.40) lat (ms,95%): 51.02 err/s: 0.00 reconn/s: 0.00
[ 74s ] thds: 64 tps: 3014.27 qps: 88006.90 (r/w/o: 40504.14/41474.22/6028.54) lat (ms,95%): 51.94 err/s: 0.00 reconn/s: 0.00
[ 76s ] thds: 64 tps: 3024.61 qps: 88082.63 (r/w/o: 40557.44/41475.97/6049.21) lat (ms,95%): 51.02 err/s: 0.00 reconn/s: 0.00
[ 78s ] thds: 64 tps: 3057.95 qps: 87394.60 (r/w/o: 40141.61/41137.10/6115.89) lat (ms,95%): 54.83 err/s: 0.00 reconn/s: 0.00
[ 80s ] thds: 64 tps: 2762.77 qps: 80078.75 (r/w/o: 36827.90/37725.31/5525.54) lat (ms,95%): 55.82 err/s: 0.00 reconn/s: 0.00
[ 82s ] thds: 64 tps: 3030.28 qps: 87501.20 (r/w/o: 40215.77/41224.86/6060.57) lat (ms,95%): 52.89 err/s: 0.00 reconn/s: 0.00
[ 84s ] thds: 64 tps: 2960.46 qps: 87860.70 (r/w/o: 40552.40/41388.39/5919.91) lat (ms,95%): 57.87 err/s: 0.00 reconn/s: 0.00
[ 86s ] thds: 64 tps: 3108.06 qps: 88794.44 (r/w/o: 40791.73/41785.59/6217.12) lat (ms,95%): 53.85 err/s: 0.00 reconn/s: 0.00
[ 88s ] thds: 64 tps: 3029.96 qps: 87619.73 (r/w/o: 40332.59/41228.23/6058.92) lat (ms,95%): 52.89 err/s: 0.00 reconn/s: 0.00
[ 90s ] thds: 64 tps: 2898.45 qps: 84860.92 (r/w/o: 39030.10/40034.41/5796.40) lat (ms,95%): 56.84 err/s: 0.00 reconn/s: 0.00
[ 92s ] thds: 64 tps: 3011.70 qps: 87192.82 (r/w/o: 40083.84/41084.07/6024.90) lat (ms,95%): 51.94 err/s: 0.00 reconn/s: 0.00
[ 94s ] thds: 64 tps: 3019.88 qps: 87488.49 (r/w/o: 40258.88/41189.85/6039.76) lat (ms,95%): 51.02 err/s: 0.00 reconn/s: 0.00
[ 96s ] thds: 64 tps: 3094.42 qps: 89024.21 (r/w/o: 40928.95/41906.42/6188.84) lat (ms,95%): 51.94 err/s: 0.00 reconn/s: 0.00
[ 98s ] thds: 64 tps: 3068.09 qps: 88747.08 (r/w/o: 40880.51/41730.90/6135.68) lat (ms,95%): 51.02 err/s: 0.00 reconn/s: 0.00
[ 100s ] thds: 64 tps: 2679.38 qps: 78027.43 (r/w/o: 36024.05/36644.13/5359.25) lat (ms,95%): 59.99 err/s: 0.00 reconn/s: 0.00
[ 102s ] thds: 64 tps: 3017.84 qps: 86475.49 (r/w/o: 39840.42/40599.88/6035.19) lat (ms,95%): 51.94 err/s: 0.00 reconn/s: 0.00
[ 104s ] thds: 64 tps: 3054.12 qps: 89620.39 (r/w/o: 41310.88/42201.27/6108.24) lat (ms,95%): 54.83 err/s: 0.00 reconn/s: 0.00
[ 106s ] thds: 64 tps: 3068.55 qps: 89525.44 (r/w/o: 41226.34/42161.51/6137.59) lat (ms,95%): 50.11 err/s: 0.00 reconn/s: 0.00
[ 108s ] thds: 64 tps: 3025.97 qps: 89347.89 (r/w/o: 41118.82/42177.13/6051.94) lat (ms,95%): 51.94 err/s: 0.00 reconn/s: 0.00
[ 110s ] thds: 64 tps: 2877.53 qps: 83970.07 (r/w/o: 38628.16/39586.84/5755.07) lat (ms,95%): 56.84 err/s: 0.00 reconn/s: 0.00
[ 112s ] thds: 64 tps: 2970.83 qps: 86756.04 (r/w/o: 39980.03/40834.34/5941.67) lat (ms,95%): 53.85 err/s: 0.00 reconn/s: 0.00
[ 114s ] thds: 64 tps: 3020.96 qps: 87233.39 (r/w/o: 40118.66/41072.80/6041.93) lat (ms,95%): 53.85 err/s: 0.00 reconn/s: 0.00
[ 116s ] thds: 64 tps: 3053.55 qps: 88326.84 (r/w/o: 40744.12/41475.63/6107.09) lat (ms,95%): 53.85 err/s: 0.00 reconn/s: 0.00
[ 118s ] thds: 64 tps: 3082.24 qps: 90036.97 (r/w/o: 41482.21/42391.28/6163.48) lat (ms,95%): 52.89 err/s: 0.00 reconn/s: 0.00
[ 120s ] thds: 64 tps: 2833.77 qps: 81684.84 (r/w/o: 37581.77/38434.55/5668.53) lat (ms,95%): 56.84 err/s: 0.00 reconn/s: 0.00
[ 122s ] thds: 64 tps: 3062.24 qps: 88129.24 (r/w/o: 40592.28/41413.48/6123.48) lat (ms,95%): 51.94 err/s: 0.00 reconn/s: 0.00
[ 124s ] thds: 64 tps: 3092.69 qps: 88477.14 (r/w/o: 40701.92/41589.33/6185.88) lat (ms,95%): 49.21 err/s: 0.00 reconn/s: 0.00
[ 126s ] thds: 64 tps: 3085.78 qps: 89646.23 (r/w/o: 41296.93/42178.23/6171.07) lat (ms,95%): 49.21 err/s: 0.00 reconn/s: 0.00
[ 128s ] thds: 64 tps: 3006.95 qps: 87478.06 (r/w/o: 40225.67/41237.49/6014.89) lat (ms,95%): 53.85 err/s: 0.00 reconn/s: 0.00
[ 130s ] thds: 64 tps: 2866.92 qps: 83364.63 (r/w/o: 38442.91/39187.89/5733.84) lat (ms,95%): 58.92 err/s: 0.00 reconn/s: 0.00
[ 132s ] thds: 64 tps: 3021.12 qps: 87243.06 (r/w/o: 40180.64/41023.18/6039.25) lat (ms,95%): 51.94 err/s: 0.00 reconn/s: 0.00
[ 134s ] thds: 64 tps: 3007.50 qps: 87087.94 (r/w/o: 40067.97/41002.97/6017.00) lat (ms,95%): 51.02 err/s: 0.00 reconn/s: 0.00
[ 136s ] thds: 64 tps: 2988.05 qps: 87121.02 (r/w/o: 40112.70/41031.21/5977.10) lat (ms,95%): 51.02 err/s: 0.00 reconn/s: 0.00
[ 138s ] thds: 64 tps: 3018.97 qps: 87784.12 (r/w/o: 40423.10/41323.59/6037.44) lat (ms,95%): 53.85 err/s: 0.00 reconn/s: 0.00
[ 140s ] thds: 64 tps: 2734.00 qps: 78870.50 (r/w/o: 36295.50/37107.00/5468.00) lat (ms,95%): 63.32 err/s: 0.00 reconn/s: 0.00
[ 142s ] thds: 64 tps: 2979.92 qps: 86881.29 (r/w/o: 40060.98/40861.96/5958.35) lat (ms,95%): 51.94 err/s: 0.00 reconn/s: 0.00
[ 144s ] thds: 64 tps: 3047.50 qps: 87697.57 (r/w/o: 40370.36/41230.22/6097.00) lat (ms,95%): 51.02 err/s: 0.00 reconn/s: 0.00
[ 146s ] thds: 64 tps: 2962.80 qps: 86538.75 (r/w/o: 39764.02/40850.63/5924.10) lat (ms,95%): 55.82 err/s: 0.00 reconn/s: 0.00
[ 148s ] thds: 64 tps: 3031.31 qps: 87851.46 (r/w/o: 40493.63/41294.71/6063.12) lat (ms,95%): 50.11 err/s: 0.00 reconn/s: 0.00
[ 150s ] thds: 64 tps: 2893.28 qps: 83239.78 (r/w/o: 38280.64/39172.57/5786.57) lat (ms,95%): 57.87 err/s: 0.00 reconn/s: 0.00
[ 152s ] thds: 64 tps: 2962.01 qps: 86268.79 (r/w/o: 39754.63/40590.14/5924.02) lat (ms,95%): 52.89 err/s: 0.00 reconn/s: 0.00
[ 154s ] thds: 64 tps: 3037.04 qps: 87830.66 (r/w/o: 40360.03/41398.55/6072.08) lat (ms,95%): 51.94 err/s: 0.00 reconn/s: 0.00
[ 156s ] thds: 64 tps: 3074.19 qps: 88385.58 (r/w/o: 40640.56/41593.62/6151.39) lat (ms,95%): 50.11 err/s: 0.00 reconn/s: 0.00
[ 158s ] thds: 64 tps: 3036.68 qps: 88157.65 (r/w/o: 40572.70/41511.60/6073.36) lat (ms,95%): 51.94 err/s: 0.00 reconn/s: 0.00
[ 160s ] thds: 64 tps: 2750.45 qps: 80741.68 (r/w/o: 37197.39/38044.38/5499.91) lat (ms,95%): 58.92 err/s: 0.00 reconn/s: 0.00
[ 162s ] thds: 64 tps: 3042.98 qps: 86850.67 (r/w/o: 39960.79/40802.92/6086.96) lat (ms,95%): 51.94 err/s: 0.00 reconn/s: 0.00
[ 164s ] thds: 64 tps: 3015.32 qps: 87208.23 (r/w/o: 40138.08/41039.52/6030.64) lat (ms,95%): 51.94 err/s: 0.00 reconn/s: 0.00
[ 166s ] thds: 64 tps: 2983.96 qps: 87868.45 (r/w/o: 40461.52/41439.01/5967.93) lat (ms,95%): 51.94 err/s: 0.00 reconn/s: 0.00
[ 168s ] thds: 64 tps: 3038.36 qps: 86796.63 (r/w/o: 39967.22/40752.68/6076.73) lat (ms,95%): 52.89 err/s: 0.00 reconn/s: 0.00
[ 170s ] thds: 64 tps: 2877.65 qps: 84027.01 (r/w/o: 38732.08/39539.62/5755.31) lat (ms,95%): 55.82 err/s: 0.00 reconn/s: 0.00
[ 172s ] thds: 64 tps: 3009.40 qps: 86219.19 (r/w/o: 39733.02/40467.88/6018.29) lat (ms,95%): 53.85 err/s: 0.00 reconn/s: 0.00
[ 174s ] thds: 64 tps: 3016.53 qps: 87118.44 (r/w/o: 40060.60/41025.77/6032.07) lat (ms,95%): 50.11 err/s: 0.00 reconn/s: 0.00
[ 176s ] thds: 64 tps: 3021.71 qps: 88337.15 (r/w/o: 40732.65/41559.57/6044.93) lat (ms,95%): 50.11 err/s: 0.00 reconn/s: 0.00
[ 178s ] thds: 64 tps: 3010.87 qps: 87224.18 (r/w/o: 40100.91/41102.53/6020.74) lat (ms,95%): 53.85 err/s: 0.00 reconn/s: 0.00
[ 180s ] thds: 64 tps: 2854.84 qps: 82009.83 (r/w/o: 37816.52/38482.63/5710.68) lat (ms,95%): 54.83 err/s: 0.00 reconn/s: 0.00
[ 182s ] thds: 64 tps: 2927.76 qps: 86443.40 (r/w/o: 39843.92/40743.96/5855.52) lat (ms,95%): 51.94 err/s: 0.00 reconn/s: 0.00
[ 184s ] thds: 64 tps: 2969.20 qps: 86759.61 (r/w/o: 39957.90/40863.31/5938.39) lat (ms,95%): 52.89 err/s: 0.00 reconn/s: 0.00
[ 186s ] thds: 64 tps: 2962.98 qps: 85511.43 (r/w/o: 39298.74/40286.73/5925.96) lat (ms,95%): 59.99 err/s: 0.00 reconn/s: 0.00
[ 188s ] thds: 64 tps: 2972.82 qps: 85798.09 (r/w/o: 39460.18/40392.28/5945.63) lat (ms,95%): 56.84 err/s: 0.00 reconn/s: 0.00
[ 190s ] thds: 64 tps: 2882.89 qps: 84099.65 (r/w/o: 38790.27/39544.61/5764.78) lat (ms,95%): 51.94 err/s: 0.00 reconn/s: 0.00
[ 192s ] thds: 64 tps: 2990.54 qps: 86361.65 (r/w/o: 39818.21/40561.35/5982.08) lat (ms,95%): 51.94 err/s: 0.00 reconn/s: 0.00
[ 194s ] thds: 64 tps: 2953.89 qps: 86763.69 (r/w/o: 39968.79/40887.11/5907.79) lat (ms,95%): 51.02 err/s: 0.00 reconn/s: 0.00
[ 196s ] thds: 64 tps: 3012.38 qps: 87353.49 (r/w/o: 40175.56/41155.18/6022.76) lat (ms,95%): 52.89 err/s: 0.00 reconn/s: 0.00
[ 198s ] thds: 64 tps: 2952.07 qps: 85946.96 (r/w/o: 39519.90/40520.92/5906.13) lat (ms,95%): 55.82 err/s: 0.00 reconn/s: 0.00
[ 200s ] thds: 64 tps: 2654.15 qps: 77358.98 (r/w/o: 35602.06/36448.61/5308.31) lat (ms,95%): 66.84 err/s: 0.00 reconn/s: 0.00
[ 202s ] thds: 64 tps: 2965.74 qps: 85778.43 (r/w/o: 39499.66/40347.30/5931.47) lat (ms,95%): 51.94 err/s: 0.00 reconn/s: 0.00
[ 204s ] thds: 64 tps: 3028.22 qps: 87147.50 (r/w/o: 40032.33/41059.23/6055.94) lat (ms,95%): 50.11 err/s: 0.00 reconn/s: 0.00
[ 206s ] thds: 64 tps: 3013.36 qps: 86678.59 (r/w/o: 39916.00/40735.37/6027.22) lat (ms,95%): 53.85 err/s: 0.00 reconn/s: 0.00
[ 208s ] thds: 64 tps: 3077.06 qps: 87429.52 (r/w/o: 40249.26/41026.14/6154.12) lat (ms,95%): 50.11 err/s: 0.00 reconn/s: 0.00
[ 210s ] thds: 64 tps: 2841.19 qps: 82561.58 (r/w/o: 37971.57/38907.63/5682.38) lat (ms,95%): 59.99 err/s: 0.00 reconn/s: 0.00
[ 212s ] thds: 64 tps: 2914.89 qps: 86055.31 (r/w/o: 39699.03/40527.00/5829.28) lat (ms,95%): 53.85 err/s: 0.00 reconn/s: 0.00
[ 214s ] thds: 64 tps: 2982.40 qps: 87019.16 (r/w/o: 40048.87/41004.99/5965.30) lat (ms,95%): 52.89 err/s: 0.00 reconn/s: 0.00
[ 216s ] thds: 64 tps: 2973.06 qps: 87404.72 (r/w/o: 40261.29/41198.31/5945.12) lat (ms,95%): 51.94 err/s: 0.00 reconn/s: 0.00
[ 218s ] thds: 64 tps: 3043.62 qps: 87393.99 (r/w/o: 40245.11/41060.64/6088.24) lat (ms,95%): 51.02 err/s: 0.00 reconn/s: 0.00
[ 220s ] thds: 64 tps: 2598.41 qps: 76950.02 (r/w/o: 35463.45/36289.76/5196.82) lat (ms,95%): 64.47 err/s: 0.00 reconn/s: 0.00
[ 222s ] thds: 64 tps: 2978.75 qps: 86221.84 (r/w/o: 39651.55/40612.79/5957.51) lat (ms,95%): 53.85 err/s: 0.00 reconn/s: 0.00
[ 224s ] thds: 64 tps: 2955.88 qps: 86914.86 (r/w/o: 40058.82/40944.29/5911.75) lat (ms,95%): 53.85 err/s: 0.00 reconn/s: 0.00
[ 226s ] thds: 64 tps: 3076.81 qps: 87259.12 (r/w/o: 40145.02/40961.47/6152.62) lat (ms,95%): 48.34 err/s: 0.00 reconn/s: 0.00
[ 228s ] thds: 64 tps: 3002.00 qps: 86417.63 (r/w/o: 39820.56/40591.56/6005.51) lat (ms,95%): 51.94 err/s: 0.00 reconn/s: 0.00
[ 230s ] thds: 64 tps: 2866.15 qps: 83309.36 (r/w/o: 38335.51/39242.05/5731.80) lat (ms,95%): 56.84 err/s: 0.00 reconn/s: 0.00
[ 232s ] thds: 64 tps: 2941.05 qps: 85900.99 (r/w/o: 39558.69/40460.20/5882.10) lat (ms,95%): 54.83 err/s: 0.00 reconn/s: 0.00
[ 234s ] thds: 64 tps: 2935.22 qps: 86146.83 (r/w/o: 39660.74/40615.65/5870.44) lat (ms,95%): 53.85 err/s: 0.00 reconn/s: 0.00
[ 236s ] thds: 64 tps: 3012.16 qps: 86748.10 (r/w/o: 39931.44/40792.84/6023.81) lat (ms,95%): 50.11 err/s: 0.00 reconn/s: 0.00
[ 238s ] thds: 64 tps: 2969.62 qps: 87099.10 (r/w/o: 40091.33/41069.03/5938.73) lat (ms,95%): 52.89 err/s: 0.00 reconn/s: 0.00
[ 240s ] thds: 64 tps: 2743.32 qps: 80101.61 (r/w/o: 36864.52/37749.46/5487.63) lat (ms,95%): 61.08 err/s: 0.00 reconn/s: 0.00
[ 242s ] thds: 64 tps: 2907.71 qps: 85637.14 (r/w/o: 39457.33/40364.39/5815.42) lat (ms,95%): 55.82 err/s: 0.00 reconn/s: 0.00
[ 244s ] thds: 64 tps: 2992.30 qps: 87191.38 (r/w/o: 40202.62/41004.16/5984.59) lat (ms,95%): 51.94 err/s: 0.00 reconn/s: 0.00
[ 246s ] thds: 64 tps: 3076.32 qps: 87496.31 (r/w/o: 40261.84/41082.83/6151.64) lat (ms,95%): 51.94 err/s: 0.00 reconn/s: 0.00
[ 248s ] thds: 64 tps: 3018.40 qps: 87152.16 (r/w/o: 40126.19/40988.67/6037.30) lat (ms,95%): 51.02 err/s: 0.00 reconn/s: 0.00
[ 250s ] thds: 64 tps: 2859.21 qps: 82817.09 (r/w/o: 38211.62/38888.05/5717.42) lat (ms,95%): 54.83 err/s: 0.00 reconn/s: 0.00
[ 252s ] thds: 64 tps: 2948.78 qps: 84903.58 (r/w/o: 39069.54/39934.98/5899.05) lat (ms,95%): 54.83 err/s: 0.50 reconn/s: 0.00
[ 254s ] thds: 64 tps: 2990.14 qps: 86590.68 (r/w/o: 39856.93/40753.47/5980.29) lat (ms,95%): 52.89 err/s: 0.00 reconn/s: 0.00
[ 256s ] thds: 64 tps: 2923.57 qps: 86149.00 (r/w/o: 39694.42/40607.44/5847.14) lat (ms,95%): 55.82 err/s: 0.00 reconn/s: 0.00
[ 258s ] thds: 64 tps: 2982.44 qps: 86568.28 (r/w/o: 39846.71/40756.69/5964.88) lat (ms,95%): 51.02 err/s: 0.00 reconn/s: 0.00
[ 260s ] thds: 64 tps: 2602.91 qps: 77225.57 (r/w/o: 35554.06/36465.70/5205.81) lat (ms,95%): 64.47 err/s: 0.00 reconn/s: 0.00
[ 262s ] thds: 64 tps: 2930.85 qps: 84803.03 (r/w/o: 38979.45/39961.89/5861.69) lat (ms,95%): 53.85 err/s: 0.00 reconn/s: 0.00
[ 264s ] thds: 64 tps: 2985.96 qps: 87353.87 (r/w/o: 40166.48/41215.47/5971.92) lat (ms,95%): 51.02 err/s: 0.00 reconn/s: 0.00
[ 266s ] thds: 64 tps: 2977.19 qps: 85867.50 (r/w/o: 39443.03/40470.09/5954.38) lat (ms,95%): 54.83 err/s: 0.00 reconn/s: 0.00
[ 268s ] thds: 64 tps: 3044.19 qps: 87656.68 (r/w/o: 40362.44/41205.85/6088.39) lat (ms,95%): 51.02 err/s: 0.00 reconn/s: 0.00
[ 270s ] thds: 64 tps: 2799.77 qps: 81913.01 (r/w/o: 37746.69/38566.77/5599.55) lat (ms,95%): 58.92 err/s: 0.00 reconn/s: 0.00
[ 272s ] thds: 64 tps: 2958.72 qps: 85861.39 (r/w/o: 39561.58/40382.37/5917.44) lat (ms,95%): 51.94 err/s: 0.00 reconn/s: 0.00
[ 274s ] thds: 64 tps: 3016.27 qps: 86556.22 (r/w/o: 39741.20/40782.47/6032.55) lat (ms,95%): 49.21 err/s: 0.00 reconn/s: 0.00
[ 276s ] thds: 64 tps: 3051.48 qps: 86838.89 (r/w/o: 39913.22/40822.71/6102.96) lat (ms,95%): 50.11 err/s: 0.00 reconn/s: 0.00
[ 278s ] thds: 64 tps: 2939.70 qps: 86130.97 (r/w/o: 39627.75/40623.82/5879.41) lat (ms,95%): 54.83 err/s: 0.00 reconn/s: 0.00
[ 280s ] thds: 64 tps: 2717.92 qps: 78433.22 (r/w/o: 36054.95/36942.42/5435.84) lat (ms,95%): 58.92 err/s: 0.00 reconn/s: 0.00
[ 282s ] thds: 64 tps: 2916.89 qps: 85139.89 (r/w/o: 39271.56/40034.54/5833.79) lat (ms,95%): 56.84 err/s: 0.00 reconn/s: 0.00
[ 284s ] thds: 64 tps: 2960.52 qps: 86775.73 (r/w/o: 39964.84/40889.84/5921.05) lat (ms,95%): 51.94 err/s: 0.00 reconn/s: 0.00
[ 286s ] thds: 64 tps: 2981.51 qps: 86944.76 (r/w/o: 40090.62/40891.12/5963.02) lat (ms,95%): 53.85 err/s: 0.00 reconn/s: 0.00
[ 288s ] thds: 64 tps: 2974.92 qps: 86754.74 (r/w/o: 39952.46/40852.44/5949.85) lat (ms,95%): 53.85 err/s: 0.00 reconn/s: 0.00
[ 290s ] thds: 64 tps: 2899.87 qps: 83062.20 (r/w/o: 38194.25/39069.21/5798.74) lat (ms,95%): 51.94 err/s: 0.00 reconn/s: 0.00
[ 292s ] thds: 64 tps: 2942.13 qps: 85114.72 (r/w/o: 39095.71/40133.75/5885.26) lat (ms,95%): 54.83 err/s: 0.00 reconn/s: 0.00
[ 294s ] thds: 64 tps: 3024.79 qps: 86171.90 (r/w/o: 39625.69/40499.13/6047.07) lat (ms,95%): 52.89 err/s: 0.00 reconn/s: 0.00
[ 296s ] thds: 64 tps: 3008.66 qps: 87362.53 (r/w/o: 40299.40/41043.32/6019.81) lat (ms,95%): 50.11 err/s: 0.00 reconn/s: 0.00
[ 298s ] thds: 64 tps: 2790.15 qps: 80563.20 (r/w/o: 37129.94/37853.48/5579.79) lat (ms,95%): 54.83 err/s: 0.00 reconn/s: 0.00
[ 300s ] thds: 64 tps: 2948.45 qps: 83666.73 (r/w/o: 38485.36/39288.98/5892.40) lat (ms,95%): 50.11 err/s: 0.00 reconn/s: 0.00
SQL statistics:
    queries performed:
        read:                            11872951
        write:                           12139618
        other:                           1778856
        total:                           25791425
    transactions:                        889364 (2964.29 per sec.)
    queries:                             25791425 (85963.88 per sec.)
    ignored errors:                      1      (0.00 per sec.)
    reconnects:                          0      (0.00 per sec.)

Throughput:
    events/s (eps):                      2964.2867
    time elapsed:                        300.0263s
    total number of events:              889364

Latency (ms):
         min:                                    0.31
         avg:                                   21.59
         max:                                  293.43
         95th percentile:                       54.83
         sum:                             19198346.58

Threads fairness:
    events (avg/stddev):           13896.3125/100.51
    execution time (avg/stddev):   299.9742/0.01

sysbench 1.1.0 (using bundled LuaJIT 2.1.0-beta3)

Running the test with following options:
Number of threads: 128
Report intermediate results every 2 second(s)
Initializing random number generator from current time


Initializing worker threads...

** Using FOR UPDATE : 1
** FORCE_PRIMARY : 0
** FORCE_NULL : 0
=> Using SESSION ops: 
Threads started!

[ 2s ] thds: 128 tps: 3076.43 qps: 90496.89 (r/w/o: 41663.82/42490.01/6343.06) lat (ms,95%): 127.81 err/s: 0.00 reconn/s: 0.00
[ 4s ] thds: 128 tps: 2900.73 qps: 83945.28 (r/w/o: 38686.13/39457.69/5801.47) lat (ms,95%): 155.80 err/s: 0.00 reconn/s: 0.00
[ 6s ] thds: 128 tps: 2950.09 qps: 87503.31 (r/w/o: 40260.29/41342.83/5900.19) lat (ms,95%): 196.89 err/s: 0.00 reconn/s: 0.00
[ 8s ] thds: 128 tps: 2951.24 qps: 86418.97 (r/w/o: 39755.97/40761.04/5901.97) lat (ms,95%): 147.61 err/s: 0.00 reconn/s: 0.00
[ 10s ] thds: 128 tps: 2925.30 qps: 87253.58 (r/w/o: 40213.77/41188.71/5851.10) lat (ms,95%): 150.29 err/s: 0.00 reconn/s: 0.00
[ 12s ] thds: 128 tps: 3003.38 qps: 87361.57 (r/w/o: 40274.97/41079.84/6006.76) lat (ms,95%): 121.08 err/s: 0.00 reconn/s: 0.00
[ 14s ] thds: 128 tps: 2831.37 qps: 82896.74 (r/w/o: 38142.77/39092.73/5661.24) lat (ms,95%): 164.45 err/s: 0.00 reconn/s: 0.00
[ 16s ] thds: 128 tps: 2943.31 qps: 84615.50 (r/w/o: 38975.16/39752.71/5887.63) lat (ms,95%): 176.73 err/s: 0.00 reconn/s: 0.00
[ 18s ] thds: 128 tps: 2831.80 qps: 82146.18 (r/w/o: 37818.52/38665.56/5662.10) lat (ms,95%): 150.29 err/s: 0.00 reconn/s: 0.00
[ 20s ] thds: 128 tps: 3001.45 qps: 85400.10 (r/w/o: 39358.86/40037.35/6003.90) lat (ms,95%): 130.13 err/s: 0.00 reconn/s: 0.00
[ 22s ] thds: 128 tps: 2914.72 qps: 85719.90 (r/w/o: 39481.27/40408.18/5830.45) lat (ms,95%): 155.80 err/s: 0.00 reconn/s: 0.00
[ 24s ] thds: 128 tps: 2862.52 qps: 82999.03 (r/w/o: 38240.93/39033.07/5725.04) lat (ms,95%): 147.61 err/s: 0.00 reconn/s: 0.00
[ 26s ] thds: 128 tps: 2976.71 qps: 86411.18 (r/w/o: 39832.17/40625.59/5953.43) lat (ms,95%): 164.45 err/s: 0.00 reconn/s: 0.00
[ 28s ] thds: 128 tps: 2954.28 qps: 86200.85 (r/w/o: 39691.26/40601.54/5908.05) lat (ms,95%): 176.73 err/s: 0.00 reconn/s: 0.00
[ 30s ] thds: 128 tps: 3035.39 qps: 87613.76 (r/w/o: 40321.86/41220.62/6071.29) lat (ms,95%): 189.93 err/s: 0.00 reconn/s: 0.00
[ 32s ] thds: 128 tps: 2993.24 qps: 87966.80 (r/w/o: 40501.28/41479.03/5986.49) lat (ms,95%): 153.02 err/s: 0.00 reconn/s: 0.00
[ 34s ] thds: 128 tps: 2887.45 qps: 84514.51 (r/w/o: 38922.81/39817.30/5774.40) lat (ms,95%): 196.89 err/s: 0.00 reconn/s: 0.00
[ 36s ] thds: 128 tps: 2985.91 qps: 85709.25 (r/w/o: 39461.41/40275.52/5972.32) lat (ms,95%): 183.21 err/s: 0.00 reconn/s: 0.00
[ 38s ] thds: 128 tps: 3001.88 qps: 87809.75 (r/w/o: 40378.17/41427.81/6003.77) lat (ms,95%): 170.48 err/s: 0.00 reconn/s: 0.00
[ 40s ] thds: 128 tps: 2974.71 qps: 87129.85 (r/w/o: 40063.19/41117.73/5948.93) lat (ms,95%): 167.44 err/s: 0.00 reconn/s: 0.00
[ 42s ] thds: 128 tps: 3034.51 qps: 88219.89 (r/w/o: 40686.06/41464.31/6069.52) lat (ms,95%): 132.49 err/s: 0.00 reconn/s: 0.00
[ 44s ] thds: 128 tps: 2949.63 qps: 85181.21 (r/w/o: 39162.70/40119.25/5899.26) lat (ms,95%): 215.44 err/s: 0.00 reconn/s: 0.00
[ 46s ] thds: 128 tps: 2976.03 qps: 87238.42 (r/w/o: 40125.42/41161.93/5951.06) lat (ms,95%): 183.21 err/s: 0.00 reconn/s: 0.00
[ 48s ] thds: 128 tps: 3048.87 qps: 89253.79 (r/w/o: 41123.29/42031.75/6098.75) lat (ms,95%): 215.44 err/s: 0.00 reconn/s: 0.00
[ 50s ] thds: 128 tps: 3088.65 qps: 88148.39 (r/w/o: 40541.02/41430.06/6177.31) lat (ms,95%): 231.53 err/s: 0.00 reconn/s: 0.00
[ 52s ] thds: 128 tps: 3051.74 qps: 87961.75 (r/w/o: 40513.80/41344.96/6102.98) lat (ms,95%): 196.89 err/s: 0.00 reconn/s: 0.00
[ 54s ] thds: 128 tps: 2924.69 qps: 84517.77 (r/w/o: 38966.30/39701.60/5849.87) lat (ms,95%): 164.45 err/s: 0.00 reconn/s: 0.00
[ 56s ] thds: 128 tps: 3038.77 qps: 86949.41 (r/w/o: 40035.17/40836.71/6077.53) lat (ms,95%): 150.29 err/s: 0.00 reconn/s: 0.00
[ 58s ] thds: 128 tps: 3057.73 qps: 88337.51 (r/w/o: 40691.03/41531.51/6114.96) lat (ms,95%): 170.48 err/s: 0.00 reconn/s: 0.00
[ 60s ] thds: 128 tps: 3036.36 qps: 88927.18 (r/w/o: 40966.33/41887.64/6073.21) lat (ms,95%): 189.93 err/s: 0.00 reconn/s: 0.00
[ 62s ] thds: 128 tps: 3023.20 qps: 88415.60 (r/w/o: 40673.98/41695.21/6046.41) lat (ms,95%): 164.45 err/s: 0.00 reconn/s: 0.00
[ 64s ] thds: 128 tps: 2940.34 qps: 84869.83 (r/w/o: 39037.35/39951.80/5880.68) lat (ms,95%): 164.45 err/s: 0.00 reconn/s: 0.00
[ 66s ] thds: 128 tps: 2943.68 qps: 86421.84 (r/w/o: 39789.46/40745.02/5887.36) lat (ms,95%): 196.89 err/s: 0.00 reconn/s: 0.00
[ 68s ] thds: 128 tps: 3014.30 qps: 88134.53 (r/w/o: 40641.56/41464.37/6028.60) lat (ms,95%): 150.29 err/s: 0.00 reconn/s: 0.00
[ 70s ] thds: 128 tps: 3048.63 qps: 88276.90 (r/w/o: 40643.80/41535.83/6097.27) lat (ms,95%): 164.45 err/s: 0.00 reconn/s: 0.00
[ 72s ] thds: 128 tps: 3023.50 qps: 88589.18 (r/w/o: 40857.27/41684.91/6047.00) lat (ms,95%): 200.47 err/s: 0.00 reconn/s: 0.00
[ 74s ] thds: 128 tps: 2909.63 qps: 84334.18 (r/w/o: 38717.19/39797.74/5819.25) lat (ms,95%): 179.94 err/s: 0.00 reconn/s: 0.00
[ 76s ] thds: 128 tps: 2993.31 qps: 86352.59 (r/w/o: 39812.82/40554.15/5985.62) lat (ms,95%): 173.58 err/s: 0.00 reconn/s: 0.00
[ 78s ] thds: 128 tps: 3011.78 qps: 87016.60 (r/w/o: 40039.23/40952.81/6024.56) lat (ms,95%): 176.73 err/s: 0.00 reconn/s: 0.00
[ 80s ] thds: 128 tps: 3054.91 qps: 87977.81 (r/w/o: 40489.94/41378.06/6109.82) lat (ms,95%): 161.51 err/s: 0.00 reconn/s: 0.00
[ 82s ] thds: 128 tps: 3040.26 qps: 88283.52 (r/w/o: 40653.28/41550.21/6080.02) lat (ms,95%): 153.02 err/s: 0.00 reconn/s: 0.00
[ 84s ] thds: 128 tps: 2875.04 qps: 83436.53 (r/w/o: 38474.98/39211.98/5749.57) lat (ms,95%): 167.44 err/s: 0.00 reconn/s: 0.00
[ 86s ] thds: 128 tps: 2886.85 qps: 85466.50 (r/w/o: 39407.92/40284.88/5773.70) lat (ms,95%): 132.49 err/s: 0.00 reconn/s: 0.00
[ 88s ] thds: 128 tps: 2948.93 qps: 85341.08 (r/w/o: 39251.62/40190.60/5898.87) lat (ms,95%): 158.63 err/s: 0.00 reconn/s: 0.00
[ 90s ] thds: 128 tps: 2804.60 qps: 81687.87 (r/w/o: 37609.82/38468.85/5609.20) lat (ms,95%): 150.29 err/s: 0.00 reconn/s: 0.00
[ 92s ] thds: 128 tps: 2935.56 qps: 85614.67 (r/w/o: 39452.27/40291.29/5871.11) lat (ms,95%): 150.29 err/s: 0.00 reconn/s: 0.00
[ 94s ] thds: 128 tps: 2933.14 qps: 82355.84 (r/w/o: 37826.34/38663.23/5866.28) lat (ms,95%): 164.45 err/s: 0.00 reconn/s: 0.00
[ 96s ] thds: 128 tps: 2901.02 qps: 84486.14 (r/w/o: 38782.95/39901.15/5802.04) lat (ms,95%): 211.60 err/s: 0.00 reconn/s: 0.00
[ 98s ] thds: 128 tps: 2992.94 qps: 86433.26 (r/w/o: 39734.70/40712.68/5985.88) lat (ms,95%): 189.93 err/s: 0.00 reconn/s: 0.00
[ 100s ] thds: 128 tps: 3020.14 qps: 86707.47 (r/w/o: 40039.33/40627.86/6040.28) lat (ms,95%): 150.29 err/s: 0.00 reconn/s: 0.00
[ 102s ] thds: 128 tps: 3028.41 qps: 87200.90 (r/w/o: 40210.80/40933.28/6056.82) lat (ms,95%): 150.29 err/s: 0.00 reconn/s: 0.00
[ 104s ] thds: 128 tps: 2822.08 qps: 83460.25 (r/w/o: 38404.54/39413.06/5642.65) lat (ms,95%): 167.44 err/s: 0.00 reconn/s: 0.00
[ 106s ] thds: 128 tps: 2916.00 qps: 84422.43 (r/w/o: 38828.47/39760.47/5833.50) lat (ms,95%): 158.63 err/s: 0.00 reconn/s: 0.00
[ 108s ] thds: 128 tps: 2951.03 qps: 84829.85 (r/w/o: 39007.89/39919.90/5902.06) lat (ms,95%): 167.44 err/s: 0.00 reconn/s: 0.00
[ 110s ] thds: 128 tps: 2770.00 qps: 81323.38 (r/w/o: 37463.94/38319.44/5539.99) lat (ms,95%): 161.51 err/s: 0.00 reconn/s: 0.00
[ 112s ] thds: 128 tps: 2925.75 qps: 86601.31 (r/w/o: 39860.79/40889.02/5851.50) lat (ms,95%): 150.29 err/s: 0.00 reconn/s: 0.00
[ 114s ] thds: 128 tps: 2840.07 qps: 83007.69 (r/w/o: 38152.67/39174.88/5680.14) lat (ms,95%): 183.21 err/s: 0.00 reconn/s: 0.00
[ 116s ] thds: 128 tps: 2863.23 qps: 82739.61 (r/w/o: 38099.37/38913.79/5726.45) lat (ms,95%): 153.02 err/s: 0.00 reconn/s: 0.00
[ 118s ] thds: 128 tps: 2966.36 qps: 86424.56 (r/w/o: 39812.18/40679.64/5932.73) lat (ms,95%): 125.52 err/s: 0.00 reconn/s: 0.00
[ 120s ] thds: 128 tps: 2959.89 qps: 85872.38 (r/w/o: 39448.73/40506.37/5917.28) lat (ms,95%): 132.49 err/s: 0.00 reconn/s: 0.00
[ 122s ] thds: 128 tps: 2846.30 qps: 84673.50 (r/w/o: 38998.15/39980.25/5695.11) lat (ms,95%): 200.47 err/s: 0.00 reconn/s: 0.00
[ 124s ] thds: 128 tps: 2892.28 qps: 82915.16 (r/w/o: 38113.58/39017.01/5784.56) lat (ms,95%): 158.63 err/s: 0.00 reconn/s: 0.00
[ 126s ] thds: 128 tps: 2900.44 qps: 84281.19 (r/w/o: 38766.50/39713.82/5800.88) lat (ms,95%): 142.39 err/s: 0.00 reconn/s: 0.00
[ 128s ] thds: 128 tps: 2913.43 qps: 84808.93 (r/w/o: 39034.22/39947.86/5826.85) lat (ms,95%): 158.63 err/s: 0.00 reconn/s: 0.00
[ 130s ] thds: 128 tps: 2816.24 qps: 81342.43 (r/w/o: 37461.69/38248.26/5632.48) lat (ms,95%): 161.51 err/s: 0.00 reconn/s: 0.00
[ 132s ] thds: 128 tps: 2908.35 qps: 84110.26 (r/w/o: 38651.55/39642.00/5816.71) lat (ms,95%): 179.94 err/s: 0.00 reconn/s: 0.00
[ 134s ] thds: 128 tps: 2814.53 qps: 81870.46 (r/w/o: 37595.44/38646.45/5628.57) lat (ms,95%): 183.21 err/s: 0.00 reconn/s: 0.00
[ 136s ] thds: 128 tps: 2937.77 qps: 86573.81 (r/w/o: 39895.42/40802.35/5876.05) lat (ms,95%): 158.63 err/s: 0.00 reconn/s: 0.00
[ 138s ] thds: 128 tps: 2955.38 qps: 85589.51 (r/w/o: 39479.39/40199.86/5910.26) lat (ms,95%): 144.97 err/s: 0.00 reconn/s: 0.00
[ 140s ] thds: 128 tps: 2958.48 qps: 86068.54 (r/w/o: 39656.47/40494.61/5917.47) lat (ms,95%): 147.61 err/s: 0.00 reconn/s: 0.00
[ 142s ] thds: 128 tps: 2919.73 qps: 85915.63 (r/w/o: 39586.88/40489.79/5838.97) lat (ms,95%): 142.39 err/s: 0.00 reconn/s: 0.00
[ 144s ] thds: 128 tps: 2885.13 qps: 82485.62 (r/w/o: 37956.16/38760.20/5769.25) lat (ms,95%): 161.51 err/s: 0.00 reconn/s: 0.00
[ 146s ] thds: 128 tps: 2917.01 qps: 84507.85 (r/w/o: 38895.16/39778.16/5834.52) lat (ms,95%): 139.85 err/s: 0.00 reconn/s: 0.00
[ 148s ] thds: 128 tps: 2892.09 qps: 83914.05 (r/w/o: 38629.17/39499.70/5785.18) lat (ms,95%): 158.63 err/s: 0.00 reconn/s: 0.00
[ 150s ] thds: 128 tps: 2840.49 qps: 83073.16 (r/w/o: 38270.34/39121.84/5680.98) lat (ms,95%): 137.35 err/s: 0.00 reconn/s: 0.00
[ 152s ] thds: 128 tps: 2997.39 qps: 86599.44 (r/w/o: 39922.59/40682.06/5994.79) lat (ms,95%): 142.39 err/s: 0.00 reconn/s: 0.00
[ 154s ] thds: 128 tps: 2899.31 qps: 82651.15 (r/w/o: 38026.92/38825.60/5798.62) lat (ms,95%): 164.45 err/s: 0.00 reconn/s: 0.00
[ 156s ] thds: 128 tps: 2959.66 qps: 85722.05 (r/w/o: 39444.27/40358.97/5918.82) lat (ms,95%): 158.63 err/s: 0.00 reconn/s: 0.00
[ 158s ] thds: 128 tps: 2897.83 qps: 84781.14 (r/w/o: 39092.94/39892.04/5796.16) lat (ms,95%): 150.29 err/s: 0.00 reconn/s: 0.00
[ 160s ] thds: 128 tps: 3010.83 qps: 85769.00 (r/w/o: 39457.37/40289.96/6021.67) lat (ms,95%): 155.80 err/s: 0.00 reconn/s: 0.00
[ 162s ] thds: 128 tps: 2941.27 qps: 85833.37 (r/w/o: 39472.95/40477.88/5882.55) lat (ms,95%): 164.45 err/s: 0.00 reconn/s: 0.00
[ 164s ] thds: 128 tps: 2862.24 qps: 82478.43 (r/w/o: 37948.19/38805.76/5724.48) lat (ms,95%): 167.44 err/s: 0.00 reconn/s: 0.00
[ 166s ] thds: 128 tps: 2981.08 qps: 85808.50 (r/w/o: 39473.98/40372.36/5962.17) lat (ms,95%): 150.29 err/s: 0.00 reconn/s: 0.00
[ 168s ] thds: 128 tps: 2864.68 qps: 83556.85 (r/w/o: 38412.46/39415.03/5729.37) lat (ms,95%): 179.94 err/s: 0.00 reconn/s: 0.00
[ 170s ] thds: 128 tps: 2870.59 qps: 84531.18 (r/w/o: 38953.73/39837.26/5740.18) lat (ms,95%): 134.90 err/s: 0.00 reconn/s: 0.00
[ 172s ] thds: 128 tps: 2921.50 qps: 85241.49 (r/w/o: 39238.00/40159.50/5844.00) lat (ms,95%): 161.51 err/s: 0.00 reconn/s: 0.00
[ 174s ] thds: 128 tps: 2831.01 qps: 81352.72 (r/w/o: 37444.10/38246.60/5662.02) lat (ms,95%): 147.61 err/s: 0.00 reconn/s: 0.00
[ 176s ] thds: 128 tps: 2981.97 qps: 85603.77 (r/w/o: 39439.98/40199.85/5963.94) lat (ms,95%): 150.29 err/s: 0.00 reconn/s: 0.00
[ 178s ] thds: 128 tps: 2907.13 qps: 84631.84 (r/w/o: 38956.94/39861.14/5813.76) lat (ms,95%): 150.29 err/s: 0.00 reconn/s: 0.00
[ 180s ] thds: 128 tps: 2902.50 qps: 85675.03 (r/w/o: 39469.51/40400.01/5805.50) lat (ms,95%): 161.51 err/s: 0.00 reconn/s: 0.00
[ 182s ] thds: 128 tps: 2936.69 qps: 85169.05 (r/w/o: 39266.37/40029.29/5873.38) lat (ms,95%): 144.97 err/s: 0.00 reconn/s: 0.00
[ 184s ] thds: 128 tps: 2809.14 qps: 81922.72 (r/w/o: 37681.94/38624.99/5615.79) lat (ms,95%): 196.89 err/s: 0.00 reconn/s: 0.00
[ 186s ] thds: 128 tps: 2913.46 qps: 84375.77 (r/w/o: 38851.44/39695.42/5828.92) lat (ms,95%): 155.80 err/s: 0.00 reconn/s: 0.00
[ 188s ] thds: 128 tps: 2792.33 qps: 81265.07 (r/w/o: 37394.23/38285.68/5585.16) lat (ms,95%): 142.39 err/s: 0.00 reconn/s: 0.00
[ 190s ] thds: 128 tps: 2939.61 qps: 85138.67 (r/w/o: 39153.29/40107.66/5877.72) lat (ms,95%): 155.80 err/s: 0.00 reconn/s: 0.00
[ 192s ] thds: 128 tps: 2929.10 qps: 84462.90 (r/w/o: 38825.33/39779.37/5858.20) lat (ms,95%): 139.85 err/s: 0.00 reconn/s: 0.00
[ 194s ] thds: 128 tps: 2882.54 qps: 81845.26 (r/w/o: 37660.58/38418.09/5766.59) lat (ms,95%): 147.61 err/s: 0.00 reconn/s: 0.00
[ 196s ] thds: 128 tps: 2961.12 qps: 85177.73 (r/w/o: 39156.15/40099.34/5922.23) lat (ms,95%): 153.02 err/s: 0.00 reconn/s: 0.00
[ 198s ] thds: 128 tps: 2947.78 qps: 84154.87 (r/w/o: 38657.02/39602.29/5895.55) lat (ms,95%): 137.35 err/s: 0.00 reconn/s: 0.00
[ 200s ] thds: 128 tps: 2975.23 qps: 85031.99 (r/w/o: 39117.16/39964.87/5949.97) lat (ms,95%): 150.29 err/s: 0.00 reconn/s: 0.00
[ 202s ] thds: 128 tps: 3004.63 qps: 86142.27 (r/w/o: 39728.05/40405.97/6008.25) lat (ms,95%): 173.58 err/s: 0.00 reconn/s: 0.00
[ 204s ] thds: 128 tps: 2846.64 qps: 82011.22 (r/w/o: 37818.76/38497.68/5694.79) lat (ms,95%): 170.48 err/s: 0.00 reconn/s: 0.00
[ 206s ] thds: 128 tps: 2917.50 qps: 85213.00 (r/w/o: 39281.00/40097.00/5835.00) lat (ms,95%): 158.63 err/s: 0.00 reconn/s: 0.00
[ 208s ] thds: 128 tps: 2795.61 qps: 81813.26 (r/w/o: 37693.18/38528.86/5591.21) lat (ms,95%): 144.97 err/s: 0.00 reconn/s: 0.00
[ 210s ] thds: 128 tps: 2953.17 qps: 85564.89 (r/w/o: 39400.40/40258.16/5906.34) lat (ms,95%): 150.29 err/s: 0.00 reconn/s: 0.00
[ 212s ] thds: 128 tps: 2999.66 qps: 85459.13 (r/w/o: 39283.13/40176.68/5999.32) lat (ms,95%): 155.80 err/s: 0.00 reconn/s: 0.00
[ 214s ] thds: 128 tps: 2794.09 qps: 81414.06 (r/w/o: 37576.88/38249.02/5588.17) lat (ms,95%): 150.29 err/s: 0.00 reconn/s: 0.00
[ 216s ] thds: 128 tps: 2876.39 qps: 84154.16 (r/w/o: 38767.28/39634.10/5752.78) lat (ms,95%): 147.61 err/s: 0.00 reconn/s: 0.00
[ 218s ] thds: 128 tps: 2890.46 qps: 83477.69 (r/w/o: 38367.06/39330.72/5779.91) lat (ms,95%): 150.29 err/s: 0.00 reconn/s: 0.00
[ 220s ] thds: 128 tps: 2903.78 qps: 84921.77 (r/w/o: 39035.80/40077.40/5808.57) lat (ms,95%): 167.44 err/s: 0.00 reconn/s: 0.00
[ 222s ] thds: 128 tps: 2890.93 qps: 84371.35 (r/w/o: 38800.01/39789.49/5781.85) lat (ms,95%): 142.39 err/s: 0.00 reconn/s: 0.00
[ 224s ] thds: 128 tps: 2837.98 qps: 81421.42 (r/w/o: 37466.73/38279.23/5675.46) lat (ms,95%): 155.80 err/s: 0.00 reconn/s: 0.00
[ 226s ] thds: 128 tps: 2829.17 qps: 83135.06 (r/w/o: 38247.83/39228.39/5658.84) lat (ms,95%): 150.29 err/s: 0.00 reconn/s: 0.00
[ 228s ] thds: 128 tps: 2870.10 qps: 82898.06 (r/w/o: 38185.69/38972.17/5740.20) lat (ms,95%): 153.02 err/s: 0.00 reconn/s: 0.00
[ 230s ] thds: 128 tps: 2891.30 qps: 83870.18 (r/w/o: 38662.05/39425.53/5782.60) lat (ms,95%): 173.58 err/s: 0.00 reconn/s: 0.00
[ 232s ] thds: 128 tps: 2915.95 qps: 85457.89 (r/w/o: 39270.10/40357.39/5830.40) lat (ms,95%): 173.58 err/s: 0.00 reconn/s: 0.00
[ 234s ] thds: 128 tps: 2803.58 qps: 81371.32 (r/w/o: 37513.26/38249.41/5608.66) lat (ms,95%): 150.29 err/s: 0.00 reconn/s: 0.00
[ 236s ] thds: 128 tps: 2924.28 qps: 84238.74 (r/w/o: 38731.12/39659.55/5848.07) lat (ms,95%): 158.63 err/s: 0.00 reconn/s: 0.00
[ 238s ] thds: 128 tps: 2825.74 qps: 82936.94 (r/w/o: 38212.52/39072.44/5651.98) lat (ms,95%): 153.02 err/s: 0.00 reconn/s: 0.00
[ 240s ] thds: 128 tps: 2914.98 qps: 85629.59 (r/w/o: 39469.99/40329.63/5829.96) lat (ms,95%): 179.94 err/s: 0.00 reconn/s: 0.00
[ 242s ] thds: 128 tps: 2959.16 qps: 85502.68 (r/w/o: 39436.10/40148.27/5918.31) lat (ms,95%): 158.63 err/s: 0.00 reconn/s: 0.00
[ 244s ] thds: 128 tps: 2759.74 qps: 80030.08 (r/w/o: 36844.58/37666.01/5519.49) lat (ms,95%): 125.52 err/s: 0.00 reconn/s: 0.00
[ 246s ] thds: 128 tps: 2855.02 qps: 83753.45 (r/w/o: 38568.97/39474.45/5710.03) lat (ms,95%): 147.61 err/s: 0.00 reconn/s: 0.00
[ 248s ] thds: 128 tps: 2866.36 qps: 83698.88 (r/w/o: 38543.93/39422.73/5732.23) lat (ms,95%): 167.44 err/s: 0.00 reconn/s: 0.00
[ 250s ] thds: 128 tps: 2932.35 qps: 85236.21 (r/w/o: 39204.70/40166.31/5865.20) lat (ms,95%): 134.90 err/s: 0.00 reconn/s: 0.00
[ 252s ] thds: 128 tps: 2882.91 qps: 84799.49 (r/w/o: 39064.85/39968.82/5765.83) lat (ms,95%): 153.02 err/s: 0.00 reconn/s: 0.00
[ 254s ] thds: 128 tps: 2754.33 qps: 81585.76 (r/w/o: 37627.50/38449.60/5508.66) lat (ms,95%): 164.45 err/s: 0.00 reconn/s: 0.00
[ 256s ] thds: 128 tps: 2928.24 qps: 83640.26 (r/w/o: 38458.51/39325.28/5856.48) lat (ms,95%): 155.80 err/s: 0.00 reconn/s: 0.00
[ 258s ] thds: 128 tps: 2881.18 qps: 84264.37 (r/w/o: 38780.64/39721.87/5761.86) lat (ms,95%): 144.97 err/s: 0.00 reconn/s: 0.00
[ 260s ] thds: 128 tps: 2932.90 qps: 85254.14 (r/w/o: 39252.68/40135.15/5866.30) lat (ms,95%): 170.48 err/s: 0.00 reconn/s: 0.00
[ 262s ] thds: 128 tps: 2908.66 qps: 84967.03 (r/w/o: 39170.90/39979.81/5816.32) lat (ms,95%): 150.29 err/s: 0.00 reconn/s: 0.00
[ 264s ] thds: 128 tps: 2668.16 qps: 79207.50 (r/w/o: 36491.98/37378.20/5337.31) lat (ms,95%): 142.39 err/s: 0.00 reconn/s: 0.00
[ 266s ] thds: 128 tps: 2946.29 qps: 85146.48 (r/w/o: 39195.73/40058.17/5892.58) lat (ms,95%): 147.61 err/s: 0.00 reconn/s: 0.00
[ 268s ] thds: 128 tps: 2893.38 qps: 83935.94 (r/w/o: 38675.18/39474.01/5786.76) lat (ms,95%): 155.80 err/s: 0.00 reconn/s: 0.00
[ 270s ] thds: 128 tps: 2890.71 qps: 84330.67 (r/w/o: 38850.02/39699.73/5780.92) lat (ms,95%): 137.35 err/s: 0.00 reconn/s: 0.00
[ 272s ] thds: 128 tps: 2874.72 qps: 84590.83 (r/w/o: 38965.74/39875.65/5749.44) lat (ms,95%): 153.02 err/s: 0.00 reconn/s: 0.00
[ 274s ] thds: 128 tps: 2776.14 qps: 80887.54 (r/w/o: 37292.86/38042.40/5552.28) lat (ms,95%): 164.45 err/s: 0.00 reconn/s: 0.00
[ 276s ] thds: 128 tps: 2853.63 qps: 83891.33 (r/w/o: 38629.26/39554.31/5707.76) lat (ms,95%): 158.63 err/s: 0.00 reconn/s: 0.00
[ 278s ] thds: 128 tps: 2867.75 qps: 83378.71 (r/w/o: 38395.14/39248.57/5735.00) lat (ms,95%): 164.45 err/s: 0.00 reconn/s: 0.00
[ 280s ] thds: 128 tps: 2947.47 qps: 84726.75 (r/w/o: 38955.49/39876.32/5894.94) lat (ms,95%): 137.35 err/s: 0.00 reconn/s: 0.00
[ 282s ] thds: 128 tps: 2857.76 qps: 85270.75 (r/w/o: 39313.99/40240.74/5716.03) lat (ms,95%): 211.60 err/s: 0.00 reconn/s: 0.00
[ 284s ] thds: 128 tps: 2675.41 qps: 76322.47 (r/w/o: 35134.84/35836.81/5350.82) lat (ms,95%): 200.47 err/s: 0.00 reconn/s: 0.00
[ 286s ] thds: 128 tps: 2930.48 qps: 84902.57 (r/w/o: 39055.13/39986.47/5860.97) lat (ms,95%): 170.48 err/s: 0.00 reconn/s: 0.00
[ 288s ] thds: 128 tps: 2841.12 qps: 83422.01 (r/w/o: 38431.62/39308.66/5681.74) lat (ms,95%): 142.39 err/s: 0.00 reconn/s: 0.00
[ 290s ] thds: 128 tps: 2877.46 qps: 84062.07 (r/w/o: 38733.75/39573.89/5754.43) lat (ms,95%): 142.39 err/s: 0.00 reconn/s: 0.00
[ 292s ] thds: 128 tps: 2896.02 qps: 84424.63 (r/w/o: 38902.79/39728.80/5793.04) lat (ms,95%): 144.97 err/s: 0.00 reconn/s: 0.00
[ 294s ] thds: 128 tps: 2813.75 qps: 80597.40 (r/w/o: 37037.98/37931.92/5627.50) lat (ms,95%): 170.48 err/s: 0.00 reconn/s: 0.00
[ 296s ] thds: 128 tps: 2949.24 qps: 84144.28 (r/w/o: 38689.89/39556.40/5897.99) lat (ms,95%): 134.90 err/s: 0.00 reconn/s: 0.00
[ 298s ] thds: 128 tps: 2872.34 qps: 83245.35 (r/w/o: 38286.52/39213.65/5745.18) lat (ms,95%): 158.63 err/s: 0.00 reconn/s: 0.00
[ 300s ] thds: 128 tps: 2906.24 qps: 83902.67 (r/w/o: 38574.90/39537.31/5790.46) lat (ms,95%): 176.73 err/s: 0.00 reconn/s: 0.00
SQL statistics:
    queries performed:
        read:                            11704442
        write:                           11968214
        other:                           1750748
        total:                           25423404
    transactions:                        875246 (2916.97 per sec.)
    queries:                             25423404 (84729.76 per sec.)
    ignored errors:                      0      (0.00 per sec.)
    reconnects:                          0      (0.00 per sec.)

Throughput:
    events/s (eps):                      2916.9731
    time elapsed:                        300.0528s
    total number of events:              875246

Latency (ms):
         min:                                    0.40
         avg:                                   43.87
         max:                                  647.47
         95th percentile:                      158.63
         sum:                             38399844.50

Threads fairness:
    events (avg/stddev):           6837.8594/116.14
    execution time (avg/stddev):   299.9988/0.01

