sysbench 1.1.0 (using bundled LuaJIT 2.1.0-beta3)

Running the test with following options:
Number of threads: 4
Report intermediate results every 2 second(s)
Initializing random number generator from current time


Initializing worker threads...

** Using FOR UPDATE : 1
** FORCE_PRIMARY : 0
** FORCE_NULL : 0
=> Using SESSION ops: 
Threads started!

[ 2s ] thds: 4 tps: 234.42 qps: 7011.98 (r/w/o: 3218.84/3318.31/474.83) lat (ms,95%): 33.12 err/s: 0.00 reconn/s: 0.00
[ 4s ] thds: 4 tps: 396.03 qps: 11438.34 (r/w/o: 5261.39/5384.89/792.06) lat (ms,95%): 27.66 err/s: 0.00 reconn/s: 0.00
[ 6s ] thds: 4 tps: 1204.02 qps: 35465.12 (r/w/o: 16353.28/16703.79/2408.04) lat (ms,95%): 6.67 err/s: 0.00 reconn/s: 0.00
[ 8s ] thds: 4 tps: 477.49 qps: 14096.60 (r/w/o: 6472.82/6668.81/954.97) lat (ms,95%): 32.53 err/s: 0.00 reconn/s: 0.00
[ 10s ] thds: 4 tps: 183.01 qps: 5161.17 (r/w/o: 2353.58/2441.58/366.01) lat (ms,95%): 30.81 err/s: 0.00 reconn/s: 0.00
[ 12s ] thds: 4 tps: 288.52 qps: 8260.03 (r/w/o: 3793.24/3889.75/577.04) lat (ms,95%): 27.66 err/s: 0.00 reconn/s: 0.00
[ 14s ] thds: 4 tps: 693.45 qps: 20199.47 (r/w/o: 9296.80/9515.78/1386.90) lat (ms,95%): 27.66 err/s: 0.00 reconn/s: 0.00
[ 16s ] thds: 4 tps: 203.51 qps: 5861.21 (r/w/o: 2693.09/2761.10/407.01) lat (ms,95%): 30.81 err/s: 0.00 reconn/s: 0.00
[ 18s ] thds: 4 tps: 743.46 qps: 21996.76 (r/w/o: 10145.93/10363.91/1486.92) lat (ms,95%): 21.50 err/s: 0.00 reconn/s: 0.00
[ 20s ] thds: 4 tps: 1499.63 qps: 44346.47 (r/w/o: 20478.33/20868.87/2999.27) lat (ms,95%): 5.57 err/s: 0.00 reconn/s: 0.00
[ 22s ] thds: 4 tps: 656.95 qps: 19004.52 (r/w/o: 8736.82/8953.80/1313.90) lat (ms,95%): 26.20 err/s: 0.00 reconn/s: 0.00
[ 24s ] thds: 4 tps: 222.02 qps: 6459.61 (r/w/o: 2974.78/3040.79/444.04) lat (ms,95%): 26.68 err/s: 0.00 reconn/s: 0.00
[ 26s ] thds: 4 tps: 831.00 qps: 24775.38 (r/w/o: 11422.95/11690.45/1661.99) lat (ms,95%): 13.22 err/s: 0.00 reconn/s: 0.00
[ 28s ] thds: 4 tps: 1524.38 qps: 44023.49 (r/w/o: 20267.38/20707.35/3048.76) lat (ms,95%): 5.57 err/s: 0.00 reconn/s: 0.00
[ 30s ] thds: 4 tps: 1416.05 qps: 41299.42 (r/w/o: 18999.65/19467.67/2832.10) lat (ms,95%): 6.09 err/s: 0.00 reconn/s: 0.00
[ 32s ] thds: 4 tps: 1388.55 qps: 40481.00 (r/w/o: 18635.19/19068.71/2777.10) lat (ms,95%): 6.43 err/s: 0.00 reconn/s: 0.00
[ 34s ] thds: 4 tps: 1505.98 qps: 43540.55 (r/w/o: 20036.79/20491.79/3011.97) lat (ms,95%): 5.88 err/s: 0.00 reconn/s: 0.00
[ 36s ] thds: 4 tps: 1511.52 qps: 43232.51 (r/w/o: 19884.23/20325.24/3023.04) lat (ms,95%): 5.67 err/s: 0.00 reconn/s: 0.00
[ 38s ] thds: 4 tps: 1482.00 qps: 42761.56 (r/w/o: 19642.03/20155.53/2964.00) lat (ms,95%): 5.88 err/s: 0.00 reconn/s: 0.00
[ 40s ] thds: 4 tps: 536.96 qps: 15180.32 (r/w/o: 6972.46/7133.95/1073.92) lat (ms,95%): 38.25 err/s: 0.00 reconn/s: 0.00
[ 42s ] thds: 4 tps: 402.02 qps: 11484.95 (r/w/o: 5285.21/5395.71/804.03) lat (ms,95%): 15.00 err/s: 0.00 reconn/s: 0.00
[ 44s ] thds: 4 tps: 1488.56 qps: 43392.65 (r/w/o: 19932.76/20482.78/2977.11) lat (ms,95%): 5.99 err/s: 0.00 reconn/s: 0.00
[ 46s ] thds: 4 tps: 1501.45 qps: 43016.16 (r/w/o: 19774.88/20238.37/3002.91) lat (ms,95%): 5.77 err/s: 0.00 reconn/s: 0.00
[ 48s ] thds: 4 tps: 1493.53 qps: 43318.78 (r/w/o: 19935.86/20395.87/2987.05) lat (ms,95%): 5.77 err/s: 0.00 reconn/s: 0.00
[ 50s ] thds: 4 tps: 1477.02 qps: 43280.61 (r/w/o: 19928.78/20397.79/2954.04) lat (ms,95%): 5.99 err/s: 0.00 reconn/s: 0.00
[ 52s ] thds: 4 tps: 1448.98 qps: 42032.47 (r/w/o: 19340.26/19794.25/2897.96) lat (ms,95%): 6.09 err/s: 0.00 reconn/s: 0.00
[ 54s ] thds: 4 tps: 1483.01 qps: 42984.80 (r/w/o: 19763.64/20255.14/2966.02) lat (ms,95%): 5.77 err/s: 0.00 reconn/s: 0.00
[ 56s ] thds: 4 tps: 1217.53 qps: 35281.79 (r/w/o: 16254.36/16592.37/2435.05) lat (ms,95%): 6.55 err/s: 0.00 reconn/s: 0.00
[ 58s ] thds: 4 tps: 262.47 qps: 7419.71 (r/w/o: 3423.14/3471.63/524.94) lat (ms,95%): 41.10 err/s: 0.00 reconn/s: 0.00
[ 60s ] thds: 4 tps: 924.58 qps: 27453.95 (r/w/o: 12685.13/12919.65/1849.16) lat (ms,95%): 13.22 err/s: 0.00 reconn/s: 0.00
[ 62s ] thds: 4 tps: 1382.44 qps: 39765.41 (r/w/o: 18295.27/18705.25/2764.89) lat (ms,95%): 6.32 err/s: 0.00 reconn/s: 0.00
[ 64s ] thds: 4 tps: 1347.93 qps: 39401.06 (r/w/o: 18128.11/18577.09/2695.87) lat (ms,95%): 6.55 err/s: 0.00 reconn/s: 0.00
[ 66s ] thds: 4 tps: 1557.63 qps: 45462.37 (r/w/o: 20951.78/21395.32/3115.26) lat (ms,95%): 5.57 err/s: 0.00 reconn/s: 0.00
[ 68s ] thds: 4 tps: 1580.47 qps: 45628.65 (r/w/o: 21003.61/21464.10/3160.94) lat (ms,95%): 5.67 err/s: 0.00 reconn/s: 0.00
[ 70s ] thds: 4 tps: 1582.01 qps: 46496.78 (r/w/o: 21422.63/21910.13/3164.02) lat (ms,95%): 5.77 err/s: 0.00 reconn/s: 0.00
[ 72s ] thds: 4 tps: 1560.00 qps: 46542.60 (r/w/o: 21460.05/21962.55/3120.01) lat (ms,95%): 5.77 err/s: 0.00 reconn/s: 0.00
[ 74s ] thds: 4 tps: 1679.00 qps: 46773.94 (r/w/o: 21499.47/21916.47/3358.00) lat (ms,95%): 5.18 err/s: 0.00 reconn/s: 0.00
[ 76s ] thds: 4 tps: 1614.52 qps: 47583.13 (r/w/o: 21891.79/22462.30/3229.04) lat (ms,95%): 5.77 err/s: 0.00 reconn/s: 0.00
[ 78s ] thds: 4 tps: 1627.49 qps: 46650.64 (r/w/o: 21473.83/21921.83/3254.97) lat (ms,95%): 5.57 err/s: 0.00 reconn/s: 0.00
[ 80s ] thds: 4 tps: 1421.97 qps: 42743.64 (r/w/o: 19716.10/20183.60/2843.94) lat (ms,95%): 6.32 err/s: 0.00 reconn/s: 0.00
[ 82s ] thds: 4 tps: 1507.53 qps: 43344.40 (r/w/o: 19925.91/20403.42/3015.06) lat (ms,95%): 6.09 err/s: 0.00 reconn/s: 0.00
[ 84s ] thds: 4 tps: 1570.86 qps: 46284.42 (r/w/o: 21293.13/21849.58/3141.72) lat (ms,95%): 5.77 err/s: 0.00 reconn/s: 0.00
[ 86s ] thds: 4 tps: 1558.64 qps: 45845.73 (r/w/o: 21081.44/21647.00/3117.29) lat (ms,95%): 5.88 err/s: 0.00 reconn/s: 0.00
[ 88s ] thds: 4 tps: 1587.50 qps: 45939.08 (r/w/o: 21143.04/21621.04/3175.01) lat (ms,95%): 5.57 err/s: 0.00 reconn/s: 0.00
[ 90s ] thds: 4 tps: 1644.49 qps: 47495.66 (r/w/o: 21840.84/22365.84/3288.98) lat (ms,95%): 5.28 err/s: 0.00 reconn/s: 0.00
[ 92s ] thds: 4 tps: 1628.96 qps: 46538.22 (r/w/o: 21412.41/21867.90/3257.91) lat (ms,95%): 5.47 err/s: 0.00 reconn/s: 0.00
[ 94s ] thds: 4 tps: 1599.05 qps: 47174.94 (r/w/o: 21706.66/22270.18/3198.10) lat (ms,95%): 5.57 err/s: 0.00 reconn/s: 0.00
[ 96s ] thds: 4 tps: 1668.99 qps: 47267.77 (r/w/o: 21682.39/22247.39/3337.98) lat (ms,95%): 5.37 err/s: 0.00 reconn/s: 0.00
[ 98s ] thds: 4 tps: 1635.01 qps: 47385.23 (r/w/o: 21813.61/22301.61/3270.02) lat (ms,95%): 5.57 err/s: 0.00 reconn/s: 0.00
[ 100s ] thds: 4 tps: 1651.50 qps: 47446.09 (r/w/o: 21854.04/22289.04/3303.01) lat (ms,95%): 5.37 err/s: 0.00 reconn/s: 0.00
[ 102s ] thds: 4 tps: 1639.51 qps: 46652.74 (r/w/o: 21454.61/21919.11/3279.02) lat (ms,95%): 5.37 err/s: 0.00 reconn/s: 0.00
[ 104s ] thds: 4 tps: 1642.49 qps: 47508.70 (r/w/o: 21863.86/22359.86/3284.98) lat (ms,95%): 5.28 err/s: 0.00 reconn/s: 0.00
[ 106s ] thds: 4 tps: 1636.85 qps: 47047.57 (r/w/o: 21681.46/22092.42/3273.69) lat (ms,95%): 5.37 err/s: 0.00 reconn/s: 0.00
[ 108s ] thds: 4 tps: 1617.16 qps: 46878.02 (r/w/o: 21576.58/22067.13/3234.31) lat (ms,95%): 5.67 err/s: 0.00 reconn/s: 0.00
[ 110s ] thds: 4 tps: 1608.38 qps: 47032.91 (r/w/o: 21660.85/22155.31/3216.75) lat (ms,95%): 5.57 err/s: 0.00 reconn/s: 0.00
[ 112s ] thds: 4 tps: 1604.62 qps: 46477.45 (r/w/o: 21354.09/21914.13/3209.24) lat (ms,95%): 5.67 err/s: 0.00 reconn/s: 0.00
[ 114s ] thds: 4 tps: 1589.49 qps: 47009.07 (r/w/o: 21625.30/22204.80/3178.97) lat (ms,95%): 5.77 err/s: 0.00 reconn/s: 0.00
[ 116s ] thds: 4 tps: 1652.52 qps: 47148.62 (r/w/o: 21653.29/22190.29/3305.04) lat (ms,95%): 5.57 err/s: 0.00 reconn/s: 0.00
[ 118s ] thds: 4 tps: 1640.36 qps: 47234.52 (r/w/o: 21719.17/22234.63/3280.72) lat (ms,95%): 5.47 err/s: 0.00 reconn/s: 0.00
[ 120s ] thds: 4 tps: 1618.12 qps: 47542.94 (r/w/o: 21919.09/22387.62/3236.23) lat (ms,95%): 5.37 err/s: 0.00 reconn/s: 0.00
[ 122s ] thds: 4 tps: 833.02 qps: 23300.60 (r/w/o: 10701.78/10932.78/1666.04) lat (ms,95%): 9.39 err/s: 0.00 reconn/s: 0.00
[ 124s ] thds: 4 tps: 779.98 qps: 22357.37 (r/w/o: 10250.71/10546.70/1559.96) lat (ms,95%): 9.56 err/s: 0.00 reconn/s: 0.00
[ 126s ] thds: 4 tps: 778.93 qps: 22117.63 (r/w/o: 10181.64/10378.12/1557.87) lat (ms,95%): 9.73 err/s: 0.00 reconn/s: 0.00
[ 128s ] thds: 4 tps: 777.59 qps: 22810.60 (r/w/o: 10523.20/10732.23/1555.18) lat (ms,95%): 9.56 err/s: 0.00 reconn/s: 0.00
[ 130s ] thds: 4 tps: 788.44 qps: 22542.32 (r/w/o: 10368.23/10597.21/1576.88) lat (ms,95%): 9.56 err/s: 0.00 reconn/s: 0.00
[ 132s ] thds: 4 tps: 785.06 qps: 22279.14 (r/w/o: 10262.26/10446.77/1570.12) lat (ms,95%): 9.56 err/s: 0.00 reconn/s: 0.00
[ 134s ] thds: 4 tps: 767.00 qps: 22765.52 (r/w/o: 10483.51/10748.01/1534.00) lat (ms,95%): 9.73 err/s: 0.00 reconn/s: 0.00
[ 136s ] thds: 4 tps: 777.00 qps: 22672.01 (r/w/o: 10432.00/10686.00/1554.00) lat (ms,95%): 9.56 err/s: 0.00 reconn/s: 0.00
[ 138s ] thds: 4 tps: 739.40 qps: 21478.96 (r/w/o: 9839.61/10160.56/1478.79) lat (ms,95%): 10.09 err/s: 0.00 reconn/s: 0.00
[ 140s ] thds: 4 tps: 815.59 qps: 23599.48 (r/w/o: 10890.65/11077.66/1631.17) lat (ms,95%): 9.22 err/s: 0.00 reconn/s: 0.00
[ 142s ] thds: 4 tps: 790.44 qps: 23125.83 (r/w/o: 10647.73/10897.21/1580.89) lat (ms,95%): 9.56 err/s: 0.00 reconn/s: 0.00
[ 144s ] thds: 4 tps: 784.08 qps: 22836.95 (r/w/o: 10463.12/10806.66/1567.17) lat (ms,95%): 9.56 err/s: 0.00 reconn/s: 0.00
[ 146s ] thds: 4 tps: 791.93 qps: 22751.93 (r/w/o: 10484.55/10682.53/1584.86) lat (ms,95%): 9.56 err/s: 0.00 reconn/s: 0.00
[ 148s ] thds: 4 tps: 785.49 qps: 22585.60 (r/w/o: 10409.32/10605.31/1570.97) lat (ms,95%): 9.56 err/s: 0.00 reconn/s: 0.00
[ 150s ] thds: 4 tps: 783.53 qps: 22687.25 (r/w/o: 10454.34/10665.85/1567.05) lat (ms,95%): 9.56 err/s: 0.00 reconn/s: 0.00
[ 152s ] thds: 4 tps: 814.06 qps: 23141.59 (r/w/o: 10647.73/10865.75/1628.11) lat (ms,95%): 9.39 err/s: 0.00 reconn/s: 0.00
[ 154s ] thds: 4 tps: 804.42 qps: 23739.73 (r/w/o: 10936.45/11194.43/1608.85) lat (ms,95%): 9.22 err/s: 0.00 reconn/s: 0.00
[ 156s ] thds: 4 tps: 798.58 qps: 23470.23 (r/w/o: 10797.53/11075.55/1597.15) lat (ms,95%): 9.39 err/s: 0.00 reconn/s: 0.00
[ 158s ] thds: 4 tps: 801.00 qps: 23013.61 (r/w/o: 10590.05/10821.55/1602.01) lat (ms,95%): 9.39 err/s: 0.00 reconn/s: 0.00
[ 160s ] thds: 4 tps: 793.92 qps: 22870.59 (r/w/o: 10485.39/10797.36/1587.83) lat (ms,95%): 9.39 err/s: 0.00 reconn/s: 0.00
[ 162s ] thds: 4 tps: 791.58 qps: 22982.41 (r/w/o: 10585.11/10814.13/1583.17) lat (ms,95%): 9.39 err/s: 0.00 reconn/s: 0.00
[ 164s ] thds: 4 tps: 745.45 qps: 21199.99 (r/w/o: 9763.80/9945.29/1490.89) lat (ms,95%): 9.91 err/s: 0.00 reconn/s: 0.00
[ 166s ] thds: 4 tps: 782.05 qps: 23393.01 (r/w/o: 10766.19/11062.71/1564.10) lat (ms,95%): 9.56 err/s: 0.00 reconn/s: 0.00
[ 168s ] thds: 4 tps: 786.00 qps: 23104.42 (r/w/o: 10620.46/10911.96/1571.99) lat (ms,95%): 9.39 err/s: 0.00 reconn/s: 0.00
[ 170s ] thds: 4 tps: 800.94 qps: 23136.18 (r/w/o: 10655.16/10879.14/1601.87) lat (ms,95%): 9.39 err/s: 0.00 reconn/s: 0.00
[ 172s ] thds: 4 tps: 799.57 qps: 23108.11 (r/w/o: 10651.97/10856.99/1599.15) lat (ms,95%): 9.39 err/s: 0.00 reconn/s: 0.00
[ 174s ] thds: 4 tps: 807.50 qps: 23147.01 (r/w/o: 10656.51/10875.51/1615.00) lat (ms,95%): 9.39 err/s: 0.00 reconn/s: 0.00
[ 176s ] thds: 4 tps: 793.00 qps: 22814.44 (r/w/o: 10524.47/10703.97/1586.00) lat (ms,95%): 9.56 err/s: 0.00 reconn/s: 0.00
[ 178s ] thds: 4 tps: 792.99 qps: 23136.72 (r/w/o: 10630.37/10920.37/1585.98) lat (ms,95%): 9.39 err/s: 0.00 reconn/s: 0.00
[ 180s ] thds: 4 tps: 793.93 qps: 22497.89 (r/w/o: 10352.53/10557.51/1587.85) lat (ms,95%): 9.56 err/s: 0.00 reconn/s: 0.00
[ 182s ] thds: 4 tps: 784.53 qps: 23387.78 (r/w/o: 10774.36/11044.37/1569.05) lat (ms,95%): 9.56 err/s: 0.00 reconn/s: 0.00
[ 184s ] thds: 4 tps: 779.56 qps: 22449.18 (r/w/o: 10347.27/10542.79/1559.12) lat (ms,95%): 9.56 err/s: 0.00 reconn/s: 0.00
[ 186s ] thds: 4 tps: 776.42 qps: 22395.07 (r/w/o: 10322.88/10519.36/1552.83) lat (ms,95%): 9.73 err/s: 0.00 reconn/s: 0.00
[ 188s ] thds: 4 tps: 775.08 qps: 22945.98 (r/w/o: 10585.64/10810.17/1550.17) lat (ms,95%): 9.39 err/s: 0.00 reconn/s: 0.00
[ 190s ] thds: 4 tps: 737.27 qps: 20792.43 (r/w/o: 9569.47/9748.42/1474.53) lat (ms,95%): 9.73 err/s: 0.00 reconn/s: 0.00
[ 192s ] thds: 4 tps: 753.63 qps: 22285.46 (r/w/o: 10276.83/10501.37/1507.27) lat (ms,95%): 9.73 err/s: 0.00 reconn/s: 0.00
[ 194s ] thds: 4 tps: 784.11 qps: 22700.16 (r/w/o: 10476.96/10654.98/1568.22) lat (ms,95%): 9.39 err/s: 0.00 reconn/s: 0.00
[ 196s ] thds: 4 tps: 786.00 qps: 22548.00 (r/w/o: 10357.00/10619.00/1572.00) lat (ms,95%): 9.73 err/s: 0.00 reconn/s: 0.00
[ 198s ] thds: 4 tps: 806.42 qps: 23223.21 (r/w/o: 10713.45/10896.93/1612.84) lat (ms,95%): 9.22 err/s: 0.00 reconn/s: 0.00
[ 200s ] thds: 4 tps: 812.55 qps: 23685.60 (r/w/o: 10915.74/11144.75/1625.11) lat (ms,95%): 9.39 err/s: 0.00 reconn/s: 0.00
[ 202s ] thds: 4 tps: 792.47 qps: 22811.52 (r/w/o: 10461.55/10765.04/1584.93) lat (ms,95%): 9.39 err/s: 0.00 reconn/s: 0.00
[ 204s ] thds: 4 tps: 803.55 qps: 22769.44 (r/w/o: 10474.16/10688.18/1607.10) lat (ms,95%): 9.39 err/s: 0.00 reconn/s: 0.00
[ 206s ] thds: 4 tps: 777.45 qps: 22804.06 (r/w/o: 10513.83/10735.32/1554.90) lat (ms,95%): 9.39 err/s: 0.00 reconn/s: 0.00
[ 208s ] thds: 4 tps: 795.53 qps: 23090.96 (r/w/o: 10648.44/10851.45/1591.07) lat (ms,95%): 9.39 err/s: 0.00 reconn/s: 0.00
[ 210s ] thds: 4 tps: 788.03 qps: 23263.75 (r/w/o: 10682.84/11004.86/1576.05) lat (ms,95%): 9.39 err/s: 0.00 reconn/s: 0.00
[ 212s ] thds: 4 tps: 812.98 qps: 23522.92 (r/w/o: 10833.73/11063.23/1625.96) lat (ms,95%): 9.22 err/s: 0.00 reconn/s: 0.00
[ 214s ] thds: 4 tps: 797.46 qps: 23343.33 (r/w/o: 10761.46/10986.95/1594.92) lat (ms,95%): 9.22 err/s: 0.00 reconn/s: 0.00
[ 216s ] thds: 4 tps: 812.06 qps: 22829.20 (r/w/o: 10471.78/10733.30/1624.12) lat (ms,95%): 9.22 err/s: 0.00 reconn/s: 0.00
[ 218s ] thds: 4 tps: 729.95 qps: 21386.95 (r/w/o: 9867.78/10059.27/1459.89) lat (ms,95%): 10.09 err/s: 0.00 reconn/s: 0.00
[ 220s ] thds: 4 tps: 804.55 qps: 23077.95 (r/w/o: 10601.67/10867.19/1609.10) lat (ms,95%): 9.39 err/s: 0.00 reconn/s: 0.00
[ 222s ] thds: 4 tps: 782.01 qps: 23064.21 (r/w/o: 10593.59/10906.60/1564.01) lat (ms,95%): 9.73 err/s: 0.00 reconn/s: 0.00
[ 224s ] thds: 4 tps: 790.42 qps: 23071.74 (r/w/o: 10631.46/10859.43/1580.84) lat (ms,95%): 9.39 err/s: 0.00 reconn/s: 0.00
[ 226s ] thds: 4 tps: 781.05 qps: 22818.02 (r/w/o: 10505.70/10750.22/1562.10) lat (ms,95%): 9.56 err/s: 0.00 reconn/s: 0.00
[ 228s ] thds: 4 tps: 799.52 qps: 23316.46 (r/w/o: 10741.71/10975.72/1599.03) lat (ms,95%): 9.39 err/s: 0.00 reconn/s: 0.00
[ 230s ] thds: 4 tps: 806.00 qps: 23277.95 (r/w/o: 10715.98/10949.97/1612.00) lat (ms,95%): 9.22 err/s: 0.00 reconn/s: 0.00
[ 232s ] thds: 4 tps: 784.01 qps: 22984.72 (r/w/o: 10583.60/10833.10/1568.01) lat (ms,95%): 9.39 err/s: 0.00 reconn/s: 0.00
[ 234s ] thds: 4 tps: 787.00 qps: 22841.61 (r/w/o: 10519.05/10748.55/1574.01) lat (ms,95%): 9.39 err/s: 0.00 reconn/s: 0.00
[ 236s ] thds: 4 tps: 798.47 qps: 22441.24 (r/w/o: 10318.65/10525.64/1596.95) lat (ms,95%): 9.39 err/s: 0.00 reconn/s: 0.00
[ 238s ] thds: 4 tps: 792.50 qps: 23197.04 (r/w/o: 10662.02/10950.02/1585.00) lat (ms,95%): 9.39 err/s: 0.00 reconn/s: 0.00
[ 240s ] thds: 4 tps: 789.44 qps: 22396.83 (r/w/o: 10277.73/10540.21/1578.88) lat (ms,95%): 9.56 err/s: 0.00 reconn/s: 0.00
[ 242s ] thds: 4 tps: 806.06 qps: 22872.63 (r/w/o: 10549.25/10711.26/1612.11) lat (ms,95%): 9.39 err/s: 0.00 reconn/s: 0.00
[ 244s ] thds: 4 tps: 715.53 qps: 20914.25 (r/w/o: 9646.85/9836.35/1431.05) lat (ms,95%): 10.27 err/s: 0.00 reconn/s: 0.00
[ 246s ] thds: 4 tps: 757.49 qps: 22109.58 (r/w/o: 10168.81/10425.80/1514.97) lat (ms,95%): 9.56 err/s: 0.00 reconn/s: 0.00
[ 248s ] thds: 4 tps: 792.50 qps: 22810.96 (r/w/o: 10528.48/10697.48/1585.00) lat (ms,95%): 9.56 err/s: 0.00 reconn/s: 0.00
[ 250s ] thds: 4 tps: 772.45 qps: 22841.02 (r/w/o: 10537.32/10758.80/1544.90) lat (ms,95%): 9.56 err/s: 0.00 reconn/s: 0.00
[ 252s ] thds: 4 tps: 761.56 qps: 22604.80 (r/w/o: 10428.83/10652.85/1523.12) lat (ms,95%): 9.56 err/s: 0.00 reconn/s: 0.00
[ 254s ] thds: 4 tps: 767.00 qps: 22881.08 (r/w/o: 10579.54/10767.54/1534.01) lat (ms,95%): 9.56 err/s: 0.00 reconn/s: 0.00
[ 256s ] thds: 4 tps: 801.42 qps: 22455.70 (r/w/o: 10337.94/10514.92/1602.84) lat (ms,95%): 9.39 err/s: 0.00 reconn/s: 0.00
[ 258s ] thds: 4 tps: 803.57 qps: 22509.50 (r/w/o: 10320.42/10581.94/1607.14) lat (ms,95%): 9.22 err/s: 0.00 reconn/s: 0.00
[ 260s ] thds: 4 tps: 802.43 qps: 23873.83 (r/w/o: 10971.00/11297.97/1604.85) lat (ms,95%): 9.39 err/s: 0.00 reconn/s: 0.00
[ 262s ] thds: 4 tps: 785.56 qps: 22941.38 (r/w/o: 10577.36/10792.88/1571.13) lat (ms,95%): 9.56 err/s: 0.00 reconn/s: 0.00
[ 264s ] thds: 4 tps: 790.99 qps: 22667.33 (r/w/o: 10414.42/10670.92/1581.99) lat (ms,95%): 9.39 err/s: 0.00 reconn/s: 0.00
[ 266s ] thds: 4 tps: 779.53 qps: 22457.23 (r/w/o: 10322.83/10575.34/1559.05) lat (ms,95%): 9.56 err/s: 0.00 reconn/s: 0.00
[ 268s ] thds: 4 tps: 776.43 qps: 23679.38 (r/w/o: 10955.52/11171.00/1552.86) lat (ms,95%): 9.56 err/s: 0.00 reconn/s: 0.00
[ 270s ] thds: 4 tps: 783.00 qps: 23104.60 (r/w/o: 10658.05/10880.55/1566.01) lat (ms,95%): 9.56 err/s: 0.00 reconn/s: 0.00
[ 272s ] thds: 4 tps: 763.57 qps: 21826.60 (r/w/o: 10062.97/10236.48/1527.15) lat (ms,95%): 9.91 err/s: 0.00 reconn/s: 0.00
[ 274s ] thds: 4 tps: 814.90 qps: 23304.22 (r/w/o: 10716.72/10957.69/1629.81) lat (ms,95%): 9.39 err/s: 0.00 reconn/s: 0.00
[ 276s ] thds: 4 tps: 799.51 qps: 23589.87 (r/w/o: 10877.17/11113.67/1599.03) lat (ms,95%): 9.56 err/s: 0.00 reconn/s: 0.00
[ 278s ] thds: 4 tps: 804.57 qps: 23189.11 (r/w/o: 10695.97/10883.99/1609.15) lat (ms,95%): 9.39 err/s: 0.00 reconn/s: 0.00
[ 280s ] thds: 4 tps: 780.41 qps: 22801.78 (r/w/o: 10485.25/10755.72/1560.81) lat (ms,95%): 9.56 err/s: 0.00 reconn/s: 0.00
[ 282s ] thds: 4 tps: 798.51 qps: 22885.89 (r/w/o: 10536.68/10752.18/1597.03) lat (ms,95%): 9.39 err/s: 0.00 reconn/s: 0.00
[ 284s ] thds: 4 tps: 785.04 qps: 23431.10 (r/w/o: 10834.01/11027.02/1570.07) lat (ms,95%): 9.56 err/s: 0.00 reconn/s: 0.00
[ 286s ] thds: 4 tps: 794.03 qps: 22950.45 (r/w/o: 10527.93/10834.45/1588.07) lat (ms,95%): 9.56 err/s: 0.00 reconn/s: 0.00
[ 288s ] thds: 4 tps: 810.42 qps: 23343.32 (r/w/o: 10721.50/11000.97/1620.85) lat (ms,95%): 9.39 err/s: 0.00 reconn/s: 0.00
[ 290s ] thds: 4 tps: 799.56 qps: 23742.26 (r/w/o: 10929.31/11213.83/1599.12) lat (ms,95%): 9.39 err/s: 0.00 reconn/s: 0.00
[ 292s ] thds: 4 tps: 792.92 qps: 22958.19 (r/w/o: 10588.94/10783.42/1585.84) lat (ms,95%): 9.56 err/s: 0.00 reconn/s: 0.00
[ 294s ] thds: 4 tps: 782.51 qps: 23709.81 (r/w/o: 10942.64/11202.15/1565.02) lat (ms,95%): 9.56 err/s: 0.00 reconn/s: 0.00
[ 296s ] thds: 4 tps: 804.51 qps: 22347.33 (r/w/o: 10313.15/10425.16/1609.02) lat (ms,95%): 9.39 err/s: 0.00 reconn/s: 0.00
[ 298s ] thds: 4 tps: 732.55 qps: 21203.07 (r/w/o: 9750.22/9987.74/1465.11) lat (ms,95%): 10.09 err/s: 0.00 reconn/s: 0.00
[ 300s ] thds: 4 tps: 770.98 qps: 23013.32 (r/w/o: 10590.19/10881.18/1541.95) lat (ms,95%): 9.56 err/s: 0.00 reconn/s: 0.00
SQL statistics:
    queries performed:
        read:                            3931806
        write:                           4021399
        other:                           588758
        total:                           8541963
    transactions:                        294375 (981.23 per sec.)
    queries:                             8541963 (28472.58 per sec.)
    ignored errors:                      0      (0.00 per sec.)
    reconnects:                          0      (0.00 per sec.)

Throughput:
    events/s (eps):                      981.2281
    time elapsed:                        300.0067s
    total number of events:              294375

Latency (ms):
         min:                                    0.25
         avg:                                    4.08
         max:                                   61.94
         95th percentile:                        9.06
         sum:                              1199678.02

Threads fairness:
    events (avg/stddev):           73593.7500/161.25
    execution time (avg/stddev):   299.9195/0.00

sysbench 1.1.0 (using bundled LuaJIT 2.1.0-beta3)

Running the test with following options:
Number of threads: 8
Report intermediate results every 2 second(s)
Initializing random number generator from current time


Initializing worker threads...

** Using FOR UPDATE : 1
** FORCE_PRIMARY : 0
** FORCE_NULL : 0
=> Using SESSION ops: 
Threads started!

[ 2s ] thds: 8 tps: 1423.64 qps: 40915.29 (r/w/o: 18807.81/19248.20/2859.29) lat (ms,95%): 10.27 err/s: 0.00 reconn/s: 0.00
[ 4s ] thds: 8 tps: 1402.08 qps: 40954.80 (r/w/o: 18860.56/19290.08/2804.16) lat (ms,95%): 10.09 err/s: 0.00 reconn/s: 0.00
[ 6s ] thds: 8 tps: 1413.48 qps: 41821.35 (r/w/o: 19221.20/19773.19/2826.96) lat (ms,95%): 10.46 err/s: 0.00 reconn/s: 0.00
[ 8s ] thds: 8 tps: 1405.99 qps: 41129.67 (r/w/o: 18942.85/19374.84/2811.98) lat (ms,95%): 10.65 err/s: 0.00 reconn/s: 0.00
[ 10s ] thds: 8 tps: 1424.98 qps: 40959.05 (r/w/o: 18885.79/19223.29/2849.97) lat (ms,95%): 10.46 err/s: 0.00 reconn/s: 0.00
[ 12s ] thds: 8 tps: 1407.00 qps: 41739.89 (r/w/o: 19264.45/19661.45/2813.99) lat (ms,95%): 10.27 err/s: 0.00 reconn/s: 0.00
[ 14s ] thds: 8 tps: 1445.51 qps: 41744.87 (r/w/o: 19194.67/19659.17/2891.03) lat (ms,95%): 10.27 err/s: 0.00 reconn/s: 0.00
[ 16s ] thds: 8 tps: 1441.54 qps: 40479.56 (r/w/o: 18622.99/18973.50/2883.08) lat (ms,95%): 10.65 err/s: 0.00 reconn/s: 0.00
[ 18s ] thds: 8 tps: 1361.97 qps: 39685.18 (r/w/o: 18270.62/18690.61/2723.94) lat (ms,95%): 11.24 err/s: 0.00 reconn/s: 0.00
[ 20s ] thds: 8 tps: 1290.92 qps: 37527.63 (r/w/o: 17282.91/17662.89/2581.84) lat (ms,95%): 11.65 err/s: 0.00 reconn/s: 0.00
[ 22s ] thds: 8 tps: 1454.63 qps: 42208.67 (r/w/o: 19463.69/19835.72/2909.25) lat (ms,95%): 10.09 err/s: 0.00 reconn/s: 0.00
[ 24s ] thds: 8 tps: 1364.39 qps: 40367.74 (r/w/o: 18586.50/19052.46/2728.78) lat (ms,95%): 10.84 err/s: 0.00 reconn/s: 0.00
[ 26s ] thds: 8 tps: 1416.01 qps: 41145.43 (r/w/o: 18974.20/19339.20/2832.03) lat (ms,95%): 10.84 err/s: 0.00 reconn/s: 0.00
[ 28s ] thds: 8 tps: 1401.61 qps: 40019.02 (r/w/o: 18377.89/18837.92/2803.21) lat (ms,95%): 11.24 err/s: 0.00 reconn/s: 0.00
[ 30s ] thds: 8 tps: 1386.96 qps: 40133.26 (r/w/o: 18467.43/18891.92/2773.91) lat (ms,95%): 11.04 err/s: 0.00 reconn/s: 0.00
[ 32s ] thds: 8 tps: 1430.41 qps: 41427.96 (r/w/o: 19082.33/19484.81/2860.82) lat (ms,95%): 10.46 err/s: 0.00 reconn/s: 0.00
[ 34s ] thds: 8 tps: 1412.60 qps: 41611.46 (r/w/o: 19188.36/19597.89/2825.20) lat (ms,95%): 10.84 err/s: 0.00 reconn/s: 0.00
[ 36s ] thds: 8 tps: 1447.98 qps: 40930.82 (r/w/o: 18813.19/19221.68/2895.95) lat (ms,95%): 10.84 err/s: 0.00 reconn/s: 0.00
[ 38s ] thds: 8 tps: 1435.99 qps: 41261.85 (r/w/o: 18984.93/19404.93/2871.99) lat (ms,95%): 10.84 err/s: 0.00 reconn/s: 0.00
[ 40s ] thds: 8 tps: 1469.04 qps: 41449.75 (r/w/o: 19036.57/19475.09/2938.09) lat (ms,95%): 10.84 err/s: 0.00 reconn/s: 0.00
[ 42s ] thds: 8 tps: 1359.49 qps: 38828.13 (r/w/o: 17836.83/18272.33/2718.97) lat (ms,95%): 11.04 err/s: 0.00 reconn/s: 0.00
[ 44s ] thds: 8 tps: 1628.95 qps: 47432.96 (r/w/o: 21798.79/22376.27/3257.89) lat (ms,95%): 9.91 err/s: 0.00 reconn/s: 0.00
[ 46s ] thds: 8 tps: 2469.46 qps: 71251.91 (r/w/o: 32799.50/33513.49/4938.92) lat (ms,95%): 7.70 err/s: 0.00 reconn/s: 0.00
[ 48s ] thds: 8 tps: 2367.06 qps: 70390.64 (r/w/o: 32404.75/33251.77/4734.11) lat (ms,95%): 7.84 err/s: 0.00 reconn/s: 0.00
[ 50s ] thds: 8 tps: 2432.94 qps: 71179.37 (r/w/o: 32725.75/33587.73/4865.89) lat (ms,95%): 7.98 err/s: 0.00 reconn/s: 0.00
[ 52s ] thds: 8 tps: 2437.57 qps: 71022.05 (r/w/o: 32630.44/33516.47/4875.14) lat (ms,95%): 7.84 err/s: 0.00 reconn/s: 0.00
[ 54s ] thds: 8 tps: 2438.41 qps: 70816.94 (r/w/o: 32539.83/33400.29/4876.82) lat (ms,95%): 7.98 err/s: 0.00 reconn/s: 0.00
[ 56s ] thds: 8 tps: 2451.02 qps: 70607.13 (r/w/o: 32409.29/33295.80/4902.04) lat (ms,95%): 7.98 err/s: 0.00 reconn/s: 0.00
[ 58s ] thds: 8 tps: 2425.00 qps: 70365.40 (r/w/o: 32395.95/33119.45/4849.99) lat (ms,95%): 7.84 err/s: 0.00 reconn/s: 0.00
[ 60s ] thds: 8 tps: 2457.54 qps: 71237.59 (r/w/o: 32786.50/33536.01/4915.08) lat (ms,95%): 7.56 err/s: 0.00 reconn/s: 0.00
[ 62s ] thds: 8 tps: 2456.55 qps: 71293.43 (r/w/o: 32754.15/33626.17/4913.10) lat (ms,95%): 7.84 err/s: 0.00 reconn/s: 0.00
[ 64s ] thds: 8 tps: 2476.89 qps: 71476.93 (r/w/o: 32877.59/33646.05/4953.29) lat (ms,95%): 7.70 err/s: 0.00 reconn/s: 0.00
[ 66s ] thds: 8 tps: 2474.58 qps: 70774.72 (r/w/o: 32590.52/33234.54/4949.66) lat (ms,95%): 7.70 err/s: 0.00 reconn/s: 0.00
[ 68s ] thds: 8 tps: 2449.39 qps: 70219.42 (r/w/o: 32304.58/33016.05/4898.79) lat (ms,95%): 7.84 err/s: 0.00 reconn/s: 0.00
[ 70s ] thds: 8 tps: 2470.10 qps: 71481.38 (r/w/o: 32965.83/33575.35/4940.20) lat (ms,95%): 7.43 err/s: 0.00 reconn/s: 0.00
[ 72s ] thds: 8 tps: 2416.44 qps: 70947.30 (r/w/o: 32656.22/33458.20/4832.88) lat (ms,95%): 7.98 err/s: 0.00 reconn/s: 0.00
[ 74s ] thds: 8 tps: 2449.01 qps: 71054.90 (r/w/o: 32701.68/33455.19/4898.03) lat (ms,95%): 7.98 err/s: 0.00 reconn/s: 0.00
[ 76s ] thds: 8 tps: 2435.02 qps: 70648.15 (r/w/o: 32541.80/33236.81/4869.54) lat (ms,95%): 7.84 err/s: 0.00 reconn/s: 0.00
[ 78s ] thds: 8 tps: 2390.50 qps: 69401.03 (r/w/o: 31910.02/32709.52/4781.50) lat (ms,95%): 7.98 err/s: 0.00 reconn/s: 0.00
[ 80s ] thds: 8 tps: 2466.03 qps: 70666.24 (r/w/o: 32546.84/33187.35/4932.05) lat (ms,95%): 7.43 err/s: 0.00 reconn/s: 0.00
[ 82s ] thds: 8 tps: 2435.44 qps: 70958.74 (r/w/o: 32667.19/33420.17/4871.38) lat (ms,95%): 7.98 err/s: 0.00 reconn/s: 0.00
[ 84s ] thds: 8 tps: 2434.87 qps: 71075.08 (r/w/o: 32738.69/33467.15/4869.23) lat (ms,95%): 7.84 err/s: 0.00 reconn/s: 0.00
[ 86s ] thds: 8 tps: 2431.19 qps: 70385.93 (r/w/o: 32407.00/33116.56/4862.38) lat (ms,95%): 7.70 err/s: 0.00 reconn/s: 0.00
[ 88s ] thds: 8 tps: 2382.45 qps: 69390.56 (r/w/o: 31921.34/32704.32/4764.90) lat (ms,95%): 7.98 err/s: 0.00 reconn/s: 0.00
[ 90s ] thds: 8 tps: 2422.54 qps: 71222.66 (r/w/o: 32767.04/33610.55/4845.08) lat (ms,95%): 7.98 err/s: 0.00 reconn/s: 0.00
[ 92s ] thds: 8 tps: 2416.03 qps: 71137.49 (r/w/o: 32729.46/33575.97/4832.07) lat (ms,95%): 7.84 err/s: 0.00 reconn/s: 0.00
[ 94s ] thds: 8 tps: 1839.53 qps: 54262.96 (r/w/o: 24966.44/25617.45/3679.07) lat (ms,95%): 9.39 err/s: 0.00 reconn/s: 0.00
[ 96s ] thds: 8 tps: 1441.48 qps: 40870.06 (r/w/o: 18776.30/19210.79/2882.97) lat (ms,95%): 10.46 err/s: 0.00 reconn/s: 0.00
[ 98s ] thds: 8 tps: 1422.02 qps: 39868.62 (r/w/o: 18362.29/18662.29/2844.04) lat (ms,95%): 10.84 err/s: 0.00 reconn/s: 0.00
[ 100s ] thds: 8 tps: 1403.45 qps: 40906.56 (r/w/o: 18844.84/19254.82/2806.90) lat (ms,95%): 10.65 err/s: 0.00 reconn/s: 0.00
[ 102s ] thds: 8 tps: 1443.45 qps: 41411.12 (r/w/o: 19063.86/19460.35/2886.90) lat (ms,95%): 10.27 err/s: 0.00 reconn/s: 0.00
[ 104s ] thds: 8 tps: 1422.08 qps: 41562.94 (r/w/o: 19179.13/19539.65/2844.17) lat (ms,95%): 10.46 err/s: 0.00 reconn/s: 0.00
[ 106s ] thds: 8 tps: 1426.93 qps: 40948.90 (r/w/o: 18894.53/19200.51/2853.85) lat (ms,95%): 10.09 err/s: 0.00 reconn/s: 0.00
[ 108s ] thds: 8 tps: 1437.48 qps: 41223.90 (r/w/o: 18961.22/19387.72/2874.96) lat (ms,95%): 10.46 err/s: 0.00 reconn/s: 0.00
[ 110s ] thds: 8 tps: 1458.12 qps: 41399.01 (r/w/o: 18991.61/19491.15/2916.25) lat (ms,95%): 10.27 err/s: 0.00 reconn/s: 0.00
[ 112s ] thds: 8 tps: 1427.99 qps: 42092.31 (r/w/o: 19385.41/19850.91/2855.99) lat (ms,95%): 10.46 err/s: 0.00 reconn/s: 0.00
[ 114s ] thds: 8 tps: 1357.49 qps: 38602.33 (r/w/o: 17762.42/18124.92/2714.99) lat (ms,95%): 10.84 err/s: 0.00 reconn/s: 0.00
[ 116s ] thds: 8 tps: 1420.95 qps: 41381.12 (r/w/o: 19053.36/19485.85/2841.91) lat (ms,95%): 10.65 err/s: 0.00 reconn/s: 0.00
[ 118s ] thds: 8 tps: 1401.04 qps: 41132.55 (r/w/o: 18972.48/19357.99/2802.07) lat (ms,95%): 10.84 err/s: 0.00 reconn/s: 0.00
[ 120s ] thds: 8 tps: 1437.49 qps: 41399.62 (r/w/o: 19058.82/19465.82/2874.97) lat (ms,95%): 10.46 err/s: 0.00 reconn/s: 0.00
[ 122s ] thds: 8 tps: 1449.03 qps: 41904.34 (r/w/o: 19308.89/19697.40/2898.06) lat (ms,95%): 10.27 err/s: 0.00 reconn/s: 0.00
[ 124s ] thds: 8 tps: 1431.41 qps: 42384.78 (r/w/o: 19511.75/20010.22/2862.82) lat (ms,95%): 10.46 err/s: 0.00 reconn/s: 0.00
[ 126s ] thds: 8 tps: 1453.56 qps: 42283.35 (r/w/o: 19473.35/19902.87/2907.13) lat (ms,95%): 10.27 err/s: 0.00 reconn/s: 0.00
[ 128s ] thds: 8 tps: 1427.05 qps: 40673.03 (r/w/o: 18697.20/19121.72/2854.11) lat (ms,95%): 10.65 err/s: 0.00 reconn/s: 0.00
[ 130s ] thds: 8 tps: 1436.98 qps: 41038.50 (r/w/o: 18893.77/19270.76/2873.96) lat (ms,95%): 10.84 err/s: 0.00 reconn/s: 0.00
[ 132s ] thds: 8 tps: 1443.49 qps: 41400.24 (r/w/o: 18988.38/19524.88/2886.98) lat (ms,95%): 10.27 err/s: 0.00 reconn/s: 0.00
[ 134s ] thds: 8 tps: 1437.50 qps: 41460.36 (r/w/o: 19050.94/19534.44/2874.99) lat (ms,95%): 10.84 err/s: 0.00 reconn/s: 0.00
[ 136s ] thds: 8 tps: 1444.47 qps: 41918.02 (r/w/o: 19319.05/19710.04/2888.93) lat (ms,95%): 10.27 err/s: 0.00 reconn/s: 0.00
[ 138s ] thds: 8 tps: 1331.53 qps: 37474.98 (r/w/o: 17230.95/17580.96/2663.07) lat (ms,95%): 11.65 err/s: 0.00 reconn/s: 0.00
[ 140s ] thds: 8 tps: 1422.99 qps: 41583.62 (r/w/o: 19191.83/19545.82/2845.97) lat (ms,95%): 10.46 err/s: 0.00 reconn/s: 0.00
[ 142s ] thds: 8 tps: 1437.46 qps: 41851.25 (r/w/o: 19276.92/19699.41/2874.91) lat (ms,95%): 10.46 err/s: 0.00 reconn/s: 0.00
[ 144s ] thds: 8 tps: 1420.51 qps: 41978.72 (r/w/o: 19345.60/19792.11/2841.02) lat (ms,95%): 10.46 err/s: 0.00 reconn/s: 0.00
[ 146s ] thds: 8 tps: 1445.33 qps: 40770.76 (r/w/o: 18763.82/19116.28/2890.66) lat (ms,95%): 10.46 err/s: 0.00 reconn/s: 0.00
[ 148s ] thds: 8 tps: 1383.13 qps: 40336.23 (r/w/o: 18592.72/18977.26/2766.26) lat (ms,95%): 10.65 err/s: 0.00 reconn/s: 0.00
[ 150s ] thds: 8 tps: 1392.03 qps: 40988.47 (r/w/o: 18848.45/19355.96/2784.07) lat (ms,95%): 11.04 err/s: 0.00 reconn/s: 0.00
[ 152s ] thds: 8 tps: 1439.40 qps: 40646.64 (r/w/o: 18704.68/19063.16/2878.80) lat (ms,95%): 10.46 err/s: 0.00 reconn/s: 0.00
[ 154s ] thds: 8 tps: 1413.66 qps: 41642.82 (r/w/o: 19219.23/19596.27/2827.33) lat (ms,95%): 10.46 err/s: 0.00 reconn/s: 0.00
[ 156s ] thds: 8 tps: 1395.44 qps: 41592.86 (r/w/o: 19174.74/19627.22/2790.89) lat (ms,95%): 10.46 err/s: 0.00 reconn/s: 0.00
[ 158s ] thds: 8 tps: 1427.53 qps: 41254.23 (r/w/o: 18994.33/19404.84/2855.05) lat (ms,95%): 10.65 err/s: 0.00 reconn/s: 0.00
[ 160s ] thds: 8 tps: 1446.50 qps: 42104.86 (r/w/o: 19407.44/19804.44/2892.99) lat (ms,95%): 10.27 err/s: 0.00 reconn/s: 0.00
[ 162s ] thds: 8 tps: 1321.02 qps: 38839.56 (r/w/o: 17911.76/18285.76/2642.04) lat (ms,95%): 11.65 err/s: 0.00 reconn/s: 0.00
[ 164s ] thds: 8 tps: 1429.98 qps: 42269.93 (r/w/o: 19478.24/19931.73/2859.96) lat (ms,95%): 10.27 err/s: 0.00 reconn/s: 0.00
[ 166s ] thds: 8 tps: 1417.49 qps: 41167.76 (r/w/o: 18971.89/19360.89/2834.98) lat (ms,95%): 10.46 err/s: 0.00 reconn/s: 0.00
[ 168s ] thds: 8 tps: 1414.51 qps: 41833.80 (r/w/o: 19302.64/19702.14/2829.02) lat (ms,95%): 10.46 err/s: 0.00 reconn/s: 0.00
[ 170s ] thds: 8 tps: 1447.01 qps: 42032.19 (r/w/o: 19368.09/19770.09/2894.01) lat (ms,95%): 10.46 err/s: 0.00 reconn/s: 0.00
[ 172s ] thds: 8 tps: 1453.41 qps: 42439.32 (r/w/o: 19550.26/19982.24/2906.82) lat (ms,95%): 10.46 err/s: 0.00 reconn/s: 0.00
[ 174s ] thds: 8 tps: 1439.55 qps: 42027.91 (r/w/o: 19377.15/19771.66/2879.10) lat (ms,95%): 10.46 err/s: 0.00 reconn/s: 0.00
[ 176s ] thds: 8 tps: 1441.53 qps: 41883.88 (r/w/o: 19321.91/19678.91/2883.06) lat (ms,95%): 10.46 err/s: 0.00 reconn/s: 0.00
[ 178s ] thds: 8 tps: 1412.04 qps: 41187.67 (r/w/o: 18953.54/19410.05/2824.08) lat (ms,95%): 10.84 err/s: 0.00 reconn/s: 0.00
[ 180s ] thds: 8 tps: 1427.88 qps: 40619.57 (r/w/o: 18653.42/19110.39/2855.76) lat (ms,95%): 10.46 err/s: 0.00 reconn/s: 0.00
[ 182s ] thds: 8 tps: 1470.12 qps: 42758.91 (r/w/o: 19772.58/20046.10/2940.23) lat (ms,95%): 10.09 err/s: 0.00 reconn/s: 0.00
[ 184s ] thds: 8 tps: 1442.40 qps: 41371.04 (r/w/o: 18999.64/19486.61/2884.79) lat (ms,95%): 10.46 err/s: 0.00 reconn/s: 0.00
[ 186s ] thds: 8 tps: 1328.98 qps: 38402.89 (r/w/o: 17684.22/18060.71/2657.96) lat (ms,95%): 11.45 err/s: 0.00 reconn/s: 0.00
[ 188s ] thds: 8 tps: 1424.97 qps: 40582.08 (r/w/o: 18656.08/19076.07/2849.94) lat (ms,95%): 10.65 err/s: 0.00 reconn/s: 0.00
[ 190s ] thds: 8 tps: 1425.08 qps: 41089.75 (r/w/o: 18871.03/19368.56/2850.16) lat (ms,95%): 10.46 err/s: 0.00 reconn/s: 0.00
[ 192s ] thds: 8 tps: 1414.55 qps: 40843.33 (r/w/o: 18852.11/19162.12/2829.09) lat (ms,95%): 10.27 err/s: 0.00 reconn/s: 0.00
[ 194s ] thds: 8 tps: 1434.00 qps: 41587.95 (r/w/o: 19147.48/19572.48/2868.00) lat (ms,95%): 10.46 err/s: 0.00 reconn/s: 0.00
[ 196s ] thds: 8 tps: 1392.40 qps: 40465.21 (r/w/o: 18571.22/19109.18/2784.81) lat (ms,95%): 10.46 err/s: 0.00 reconn/s: 0.00
[ 198s ] thds: 8 tps: 1375.64 qps: 39856.65 (r/w/o: 18366.41/18738.95/2751.29) lat (ms,95%): 11.04 err/s: 0.00 reconn/s: 0.00
[ 200s ] thds: 8 tps: 1416.48 qps: 41074.52 (r/w/o: 18894.28/19347.27/2832.97) lat (ms,95%): 10.46 err/s: 0.00 reconn/s: 0.00
[ 202s ] thds: 8 tps: 1402.49 qps: 40847.21 (r/w/o: 18798.87/19243.36/2804.98) lat (ms,95%): 10.65 err/s: 0.00 reconn/s: 0.00
[ 204s ] thds: 8 tps: 1427.46 qps: 40670.87 (r/w/o: 18673.98/19141.97/2854.92) lat (ms,95%): 10.27 err/s: 0.00 reconn/s: 0.00
[ 206s ] thds: 8 tps: 1447.03 qps: 41536.44 (r/w/o: 19061.43/19580.94/2894.07) lat (ms,95%): 10.46 err/s: 0.00 reconn/s: 0.00
[ 208s ] thds: 8 tps: 1420.97 qps: 42080.06 (r/w/o: 19374.07/19864.06/2841.94) lat (ms,95%): 10.65 err/s: 0.00 reconn/s: 0.00
[ 210s ] thds: 8 tps: 1306.02 qps: 38835.14 (r/w/o: 17903.29/18319.80/2612.04) lat (ms,95%): 11.45 err/s: 0.00 reconn/s: 0.00
[ 212s ] thds: 8 tps: 1411.03 qps: 40440.50 (r/w/o: 18592.96/19025.47/2822.07) lat (ms,95%): 10.46 err/s: 0.00 reconn/s: 0.00
[ 214s ] thds: 8 tps: 1427.87 qps: 41633.79 (r/w/o: 19153.29/19624.75/2855.75) lat (ms,95%): 10.65 err/s: 0.00 reconn/s: 0.00
[ 216s ] thds: 8 tps: 1418.50 qps: 41736.49 (r/w/o: 19214.99/19684.49/2837.00) lat (ms,95%): 10.65 err/s: 0.00 reconn/s: 0.00
[ 218s ] thds: 8 tps: 1461.10 qps: 41555.95 (r/w/o: 19167.36/19466.38/2922.21) lat (ms,95%): 10.46 err/s: 0.00 reconn/s: 0.00
[ 220s ] thds: 8 tps: 1446.01 qps: 41929.23 (r/w/o: 19316.61/19720.61/2892.02) lat (ms,95%): 10.46 err/s: 0.00 reconn/s: 0.00
[ 222s ] thds: 8 tps: 1416.46 qps: 40621.87 (r/w/o: 18668.98/19119.97/2832.92) lat (ms,95%): 10.84 err/s: 0.00 reconn/s: 0.00
[ 224s ] thds: 8 tps: 1431.41 qps: 41411.45 (r/w/o: 19072.82/19475.80/2862.82) lat (ms,95%): 10.65 err/s: 0.00 reconn/s: 0.00
[ 226s ] thds: 8 tps: 1398.63 qps: 41458.86 (r/w/o: 19079.28/19582.32/2797.26) lat (ms,95%): 10.84 err/s: 0.00 reconn/s: 0.00
[ 228s ] thds: 8 tps: 1421.94 qps: 40456.29 (r/w/o: 18528.72/19083.69/2843.88) lat (ms,95%): 10.84 err/s: 0.00 reconn/s: 0.00
[ 230s ] thds: 8 tps: 1426.04 qps: 42207.30 (r/w/o: 19432.60/19922.61/2852.09) lat (ms,95%): 10.84 err/s: 0.00 reconn/s: 0.00
[ 232s ] thds: 8 tps: 1317.39 qps: 37848.30 (r/w/o: 17442.02/17771.50/2634.78) lat (ms,95%): 12.30 err/s: 0.00 reconn/s: 0.00
[ 234s ] thds: 8 tps: 1413.61 qps: 41211.72 (r/w/o: 18959.98/19424.52/2827.22) lat (ms,95%): 10.84 err/s: 0.00 reconn/s: 0.00
[ 236s ] thds: 8 tps: 1403.88 qps: 40817.53 (r/w/o: 18816.90/19192.87/2807.76) lat (ms,95%): 11.04 err/s: 0.00 reconn/s: 0.00
[ 238s ] thds: 8 tps: 1407.08 qps: 40170.33 (r/w/o: 18490.57/18865.59/2814.16) lat (ms,95%): 10.84 err/s: 0.00 reconn/s: 0.00
[ 240s ] thds: 8 tps: 1376.05 qps: 40523.07 (r/w/o: 18645.22/19125.74/2752.11) lat (ms,95%): 11.04 err/s: 0.00 reconn/s: 0.00
[ 242s ] thds: 8 tps: 1381.49 qps: 40229.63 (r/w/o: 18510.33/18956.32/2762.97) lat (ms,95%): 10.65 err/s: 0.00 reconn/s: 0.00
[ 244s ] thds: 8 tps: 1409.41 qps: 40692.86 (r/w/o: 18730.79/19142.76/2819.32) lat (ms,95%): 10.65 err/s: 0.00 reconn/s: 0.00
[ 246s ] thds: 8 tps: 1379.03 qps: 40302.83 (r/w/o: 18565.88/18980.89/2756.06) lat (ms,95%): 10.84 err/s: 0.00 reconn/s: 0.00
[ 248s ] thds: 8 tps: 1407.58 qps: 39994.76 (r/w/o: 18387.54/18790.56/2816.66) lat (ms,95%): 10.65 err/s: 0.00 reconn/s: 0.00
[ 250s ] thds: 8 tps: 1418.00 qps: 41894.06 (r/w/o: 19338.53/19719.53/2836.00) lat (ms,95%): 10.46 err/s: 0.00 reconn/s: 0.00
[ 252s ] thds: 8 tps: 1437.98 qps: 41281.39 (r/w/o: 19022.22/19383.21/2875.96) lat (ms,95%): 10.84 err/s: 0.00 reconn/s: 0.00
[ 254s ] thds: 8 tps: 1380.02 qps: 40323.71 (r/w/o: 18621.33/18942.33/2760.05) lat (ms,95%): 10.65 err/s: 0.00 reconn/s: 0.00
[ 256s ] thds: 8 tps: 1356.97 qps: 39471.72 (r/w/o: 18147.14/18610.63/2713.95) lat (ms,95%): 10.65 err/s: 0.00 reconn/s: 0.00
[ 258s ] thds: 8 tps: 1379.01 qps: 40600.38 (r/w/o: 18705.67/19136.68/2758.03) lat (ms,95%): 10.84 err/s: 0.00 reconn/s: 0.00
[ 260s ] thds: 8 tps: 1419.91 qps: 41747.27 (r/w/o: 19301.24/19606.22/2839.81) lat (ms,95%): 10.46 err/s: 0.00 reconn/s: 0.00
[ 262s ] thds: 8 tps: 1428.09 qps: 41715.08 (r/w/o: 19218.19/19642.22/2854.68) lat (ms,95%): 10.46 err/s: 0.00 reconn/s: 0.00
[ 264s ] thds: 8 tps: 1441.97 qps: 42309.74 (r/w/o: 19496.15/19928.14/2885.45) lat (ms,95%): 10.27 err/s: 0.00 reconn/s: 0.00
[ 266s ] thds: 8 tps: 1428.48 qps: 41520.43 (r/w/o: 19127.24/19536.23/2856.96) lat (ms,95%): 10.46 err/s: 0.00 reconn/s: 0.00
[ 268s ] thds: 8 tps: 1409.96 qps: 41306.78 (r/w/o: 19021.94/19464.92/2819.92) lat (ms,95%): 10.46 err/s: 0.00 reconn/s: 0.00
[ 270s ] thds: 8 tps: 1426.11 qps: 41577.67 (r/w/o: 19127.96/19597.49/2852.22) lat (ms,95%): 10.84 err/s: 0.00 reconn/s: 0.00
[ 272s ] thds: 8 tps: 1455.00 qps: 41196.10 (r/w/o: 18927.05/19359.05/2910.01) lat (ms,95%): 10.65 err/s: 0.00 reconn/s: 0.00
[ 274s ] thds: 8 tps: 1437.48 qps: 41728.32 (r/w/o: 19207.19/19646.18/2874.95) lat (ms,95%): 10.09 err/s: 0.00 reconn/s: 0.00
[ 276s ] thds: 8 tps: 1446.48 qps: 42288.01 (r/w/o: 19490.28/19904.77/2892.97) lat (ms,95%): 10.27 err/s: 0.00 reconn/s: 0.00
[ 278s ] thds: 8 tps: 1360.93 qps: 38863.86 (r/w/o: 17869.52/18272.50/2721.85) lat (ms,95%): 10.84 err/s: 0.00 reconn/s: 0.00
[ 280s ] thds: 8 tps: 1394.96 qps: 40478.85 (r/w/o: 18655.97/19032.96/2789.92) lat (ms,95%): 10.65 err/s: 0.00 reconn/s: 0.00
[ 282s ] thds: 8 tps: 1445.16 qps: 42238.13 (r/w/o: 19485.64/19862.18/2890.32) lat (ms,95%): 10.46 err/s: 0.00 reconn/s: 0.00
[ 284s ] thds: 8 tps: 1426.99 qps: 42080.21 (r/w/o: 19371.87/19854.36/2853.98) lat (ms,95%): 10.27 err/s: 0.00 reconn/s: 0.00
[ 286s ] thds: 8 tps: 1392.90 qps: 41605.66 (r/w/o: 19204.69/19615.16/2785.81) lat (ms,95%): 10.65 err/s: 0.00 reconn/s: 0.00
[ 288s ] thds: 8 tps: 1409.60 qps: 41066.91 (r/w/o: 18872.84/19374.87/2819.20) lat (ms,95%): 10.65 err/s: 0.00 reconn/s: 0.00
[ 290s ] thds: 8 tps: 1424.41 qps: 41486.75 (r/w/o: 19123.73/19514.21/2848.81) lat (ms,95%): 10.27 err/s: 0.00 reconn/s: 0.00
[ 292s ] thds: 8 tps: 1422.06 qps: 41097.59 (r/w/o: 18919.73/19333.75/2844.11) lat (ms,95%): 10.46 err/s: 0.00 reconn/s: 0.00
[ 294s ] thds: 8 tps: 1420.04 qps: 41778.30 (r/w/o: 19214.60/19723.62/2840.09) lat (ms,95%): 10.84 err/s: 0.00 reconn/s: 0.00
[ 296s ] thds: 8 tps: 1392.47 qps: 41014.05 (r/w/o: 18900.06/19329.05/2784.94) lat (ms,95%): 10.65 err/s: 0.00 reconn/s: 0.00
[ 298s ] thds: 8 tps: 1409.37 qps: 40218.92 (r/w/o: 18523.35/18876.82/2818.75) lat (ms,95%): 10.46 err/s: 0.00 reconn/s: 0.00
[ 300s ] thds: 8 tps: 1439.62 qps: 41470.03 (r/w/o: 19070.12/19520.66/2879.24) lat (ms,95%): 10.46 err/s: 0.00 reconn/s: 0.00
SQL statistics:
    queries performed:
        read:                            6342601
        write:                           6485929
        other:                           949718
        total:                           13778248
    transactions:                        474851 (1582.79 per sec.)
    queries:                             13778248 (45926.15 per sec.)
    ignored errors:                      0      (0.00 per sec.)
    reconnects:                          0      (0.00 per sec.)

Throughput:
    events/s (eps):                      1582.7905
    time elapsed:                        300.0087s
    total number of events:              474851

Latency (ms):
         min:                                    0.26
         avg:                                    5.05
         max:                                   79.18
         95th percentile:                       10.09
         sum:                              2399360.78

Threads fairness:
    events (avg/stddev):           59356.3750/131.52
    execution time (avg/stddev):   299.9201/0.00

sysbench 1.1.0 (using bundled LuaJIT 2.1.0-beta3)

Running the test with following options:
Number of threads: 16
Report intermediate results every 2 second(s)
Initializing random number generator from current time


Initializing worker threads...

** Using FOR UPDATE : 1
** FORCE_PRIMARY : 0
** FORCE_NULL : 0
=> Using SESSION ops: 
Threads started!

[ 2s ] thds: 16 tps: 2224.39 qps: 64497.35 (r/w/o: 29671.88/30352.70/4472.78) lat (ms,95%): 13.46 err/s: 0.00 reconn/s: 0.00
[ 4s ] thds: 16 tps: 2317.05 qps: 67684.59 (r/w/o: 31086.73/31963.75/4634.11) lat (ms,95%): 13.46 err/s: 0.00 reconn/s: 0.00
[ 6s ] thds: 16 tps: 2394.49 qps: 68350.61 (r/w/o: 31400.82/32163.82/4785.97) lat (ms,95%): 12.75 err/s: 0.00 reconn/s: 0.00
[ 8s ] thds: 16 tps: 2333.98 qps: 67876.46 (r/w/o: 31227.75/31977.74/4670.96) lat (ms,95%): 12.98 err/s: 0.00 reconn/s: 0.00
[ 10s ] thds: 16 tps: 2330.51 qps: 68901.84 (r/w/o: 31758.16/32483.16/4660.52) lat (ms,95%): 13.46 err/s: 0.00 reconn/s: 0.00
[ 12s ] thds: 16 tps: 2336.52 qps: 65575.56 (r/w/o: 30096.76/30805.26/4673.54) lat (ms,95%): 13.22 err/s: 0.00 reconn/s: 0.00
[ 14s ] thds: 16 tps: 2321.05 qps: 67910.08 (r/w/o: 31238.73/32029.24/4642.11) lat (ms,95%): 13.22 err/s: 0.00 reconn/s: 0.00
[ 16s ] thds: 16 tps: 2297.30 qps: 66090.88 (r/w/o: 30405.42/31090.86/4594.61) lat (ms,95%): 13.70 err/s: 0.00 reconn/s: 0.00
[ 18s ] thds: 16 tps: 2334.60 qps: 67894.53 (r/w/o: 31246.40/31981.93/4666.21) lat (ms,95%): 13.22 err/s: 0.00 reconn/s: 0.00
[ 20s ] thds: 16 tps: 2362.00 qps: 68155.58 (r/w/o: 31410.54/32018.04/4727.01) lat (ms,95%): 13.22 err/s: 0.00 reconn/s: 0.00
[ 22s ] thds: 16 tps: 2278.00 qps: 66673.50 (r/w/o: 30676.50/31441.00/4556.00) lat (ms,95%): 13.46 err/s: 0.00 reconn/s: 0.00
[ 24s ] thds: 16 tps: 2343.60 qps: 67945.90 (r/w/o: 31288.84/31969.86/4687.20) lat (ms,95%): 13.22 err/s: 0.00 reconn/s: 0.00
[ 26s ] thds: 16 tps: 2141.41 qps: 63507.29 (r/w/o: 29267.25/29957.22/4282.82) lat (ms,95%): 14.21 err/s: 0.00 reconn/s: 0.00
[ 28s ] thds: 16 tps: 2356.52 qps: 68449.70 (r/w/o: 31535.82/32200.83/4713.05) lat (ms,95%): 12.98 err/s: 0.00 reconn/s: 0.00
[ 30s ] thds: 16 tps: 2366.04 qps: 67510.13 (r/w/o: 31037.52/31740.53/4732.08) lat (ms,95%): 12.98 err/s: 0.00 reconn/s: 0.00
[ 32s ] thds: 16 tps: 2242.53 qps: 65428.98 (r/w/o: 30107.45/30836.46/4485.07) lat (ms,95%): 13.70 err/s: 0.00 reconn/s: 0.00
[ 34s ] thds: 16 tps: 2999.30 qps: 85032.91 (r/w/o: 39107.43/39926.87/5998.61) lat (ms,95%): 12.98 err/s: 0.00 reconn/s: 0.00
[ 36s ] thds: 16 tps: 2982.99 qps: 87022.70 (r/w/o: 40077.86/40978.86/5965.98) lat (ms,95%): 12.75 err/s: 0.00 reconn/s: 0.00
[ 38s ] thds: 16 tps: 3055.95 qps: 86519.15 (r/w/o: 39755.88/40651.37/6111.90) lat (ms,95%): 12.52 err/s: 0.00 reconn/s: 0.00
[ 40s ] thds: 16 tps: 2949.10 qps: 86324.00 (r/w/o: 39705.88/40719.92/5898.21) lat (ms,95%): 13.22 err/s: 0.00 reconn/s: 0.00
[ 42s ] thds: 16 tps: 2893.04 qps: 83243.55 (r/w/o: 38298.48/39159.00/5786.07) lat (ms,95%): 13.46 err/s: 0.00 reconn/s: 0.00
[ 44s ] thds: 16 tps: 2939.95 qps: 86502.90 (r/w/o: 39889.76/40733.25/5879.89) lat (ms,95%): 13.22 err/s: 0.00 reconn/s: 0.00
[ 46s ] thds: 16 tps: 2942.54 qps: 86426.69 (r/w/o: 39847.55/40694.06/5885.08) lat (ms,95%): 12.98 err/s: 0.00 reconn/s: 0.00
[ 48s ] thds: 16 tps: 2965.47 qps: 87100.56 (r/w/o: 40139.07/41030.56/5930.94) lat (ms,95%): 12.98 err/s: 0.00 reconn/s: 0.00
[ 50s ] thds: 16 tps: 2949.95 qps: 87152.56 (r/w/o: 40191.34/41061.32/5899.90) lat (ms,95%): 12.98 err/s: 0.00 reconn/s: 0.00
[ 52s ] thds: 16 tps: 2836.46 qps: 83478.69 (r/w/o: 38411.90/39393.88/5672.91) lat (ms,95%): 13.70 err/s: 0.00 reconn/s: 0.00
[ 54s ] thds: 16 tps: 2943.56 qps: 86101.28 (r/w/o: 39616.32/40597.84/5887.12) lat (ms,95%): 13.22 err/s: 0.00 reconn/s: 0.00
[ 56s ] thds: 16 tps: 3018.58 qps: 86221.82 (r/w/o: 39595.06/40590.59/6036.16) lat (ms,95%): 13.22 err/s: 0.00 reconn/s: 0.00
[ 58s ] thds: 16 tps: 3003.30 qps: 86627.23 (r/w/o: 39888.34/40731.29/6007.60) lat (ms,95%): 12.75 err/s: 0.00 reconn/s: 0.00
[ 60s ] thds: 16 tps: 3073.52 qps: 86677.97 (r/w/o: 39924.72/40606.22/6147.03) lat (ms,95%): 12.75 err/s: 0.00 reconn/s: 0.00
[ 62s ] thds: 16 tps: 2863.63 qps: 83772.41 (r/w/o: 38534.80/39510.34/5727.27) lat (ms,95%): 13.70 err/s: 0.00 reconn/s: 0.00
[ 64s ] thds: 16 tps: 3013.00 qps: 86197.44 (r/w/o: 39623.47/40547.97/6026.00) lat (ms,95%): 13.22 err/s: 0.00 reconn/s: 0.00
[ 66s ] thds: 16 tps: 3009.51 qps: 86497.30 (r/w/o: 39745.64/40732.64/6019.02) lat (ms,95%): 12.98 err/s: 0.00 reconn/s: 0.00
[ 68s ] thds: 16 tps: 2954.48 qps: 86015.86 (r/w/o: 39551.71/40555.70/5908.46) lat (ms,95%): 12.98 err/s: 0.00 reconn/s: 0.00
[ 70s ] thds: 16 tps: 2968.97 qps: 86210.52 (r/w/o: 39680.55/40592.04/5937.93) lat (ms,95%): 13.46 err/s: 0.00 reconn/s: 0.00
[ 72s ] thds: 16 tps: 2933.08 qps: 83123.63 (r/w/o: 38212.48/39044.50/5866.65) lat (ms,95%): 13.46 err/s: 0.00 reconn/s: 0.00
[ 74s ] thds: 16 tps: 2991.94 qps: 86109.77 (r/w/o: 39691.70/40434.19/5983.88) lat (ms,95%): 13.22 err/s: 0.00 reconn/s: 0.00
[ 76s ] thds: 16 tps: 2990.93 qps: 85954.13 (r/w/o: 39558.64/40413.62/5981.87) lat (ms,95%): 12.98 err/s: 0.00 reconn/s: 0.00
[ 78s ] thds: 16 tps: 2565.14 qps: 74815.00 (r/w/o: 34489.84/35194.88/5130.27) lat (ms,95%): 13.46 err/s: 0.00 reconn/s: 0.00
[ 80s ] thds: 16 tps: 2298.47 qps: 65999.68 (r/w/o: 30324.12/31078.62/4596.94) lat (ms,95%): 13.70 err/s: 0.00 reconn/s: 0.00
[ 82s ] thds: 16 tps: 2201.53 qps: 64070.99 (r/w/o: 29522.46/30145.47/4403.07) lat (ms,95%): 14.21 err/s: 0.00 reconn/s: 0.00
[ 84s ] thds: 16 tps: 2263.98 qps: 65276.55 (r/w/o: 30082.29/30666.29/4527.97) lat (ms,95%): 13.95 err/s: 0.00 reconn/s: 0.00
[ 86s ] thds: 16 tps: 2244.05 qps: 64855.97 (r/w/o: 29824.18/30543.69/4488.10) lat (ms,95%): 14.21 err/s: 0.00 reconn/s: 0.00
[ 88s ] thds: 16 tps: 2287.55 qps: 65511.06 (r/w/o: 30151.72/30784.23/4575.11) lat (ms,95%): 13.70 err/s: 0.00 reconn/s: 0.00
[ 90s ] thds: 16 tps: 2260.92 qps: 65746.76 (r/w/o: 30297.97/30926.95/4521.85) lat (ms,95%): 13.95 err/s: 0.00 reconn/s: 0.00
[ 92s ] thds: 16 tps: 2070.35 qps: 59529.24 (r/w/o: 27399.54/27989.50/4140.20) lat (ms,95%): 15.55 err/s: 0.00 reconn/s: 0.00
[ 94s ] thds: 16 tps: 2251.18 qps: 64587.05 (r/w/o: 29713.32/30370.87/4502.85) lat (ms,95%): 14.21 err/s: 0.00 reconn/s: 0.00
[ 96s ] thds: 16 tps: 2228.98 qps: 64777.40 (r/w/o: 29772.22/30547.22/4457.96) lat (ms,95%): 14.21 err/s: 0.00 reconn/s: 0.00
[ 98s ] thds: 16 tps: 2258.43 qps: 66108.06 (r/w/o: 30428.11/31163.59/4516.37) lat (ms,95%): 14.21 err/s: 0.00 reconn/s: 0.00
[ 100s ] thds: 16 tps: 2212.04 qps: 65510.05 (r/w/o: 30123.48/30962.00/4424.57) lat (ms,95%): 14.46 err/s: 0.00 reconn/s: 0.00
[ 102s ] thds: 16 tps: 2203.98 qps: 64261.34 (r/w/o: 29581.70/30271.69/4407.95) lat (ms,95%): 14.21 err/s: 0.00 reconn/s: 0.00
[ 104s ] thds: 16 tps: 2244.13 qps: 64961.82 (r/w/o: 29860.26/30613.30/4488.26) lat (ms,95%): 14.46 err/s: 0.00 reconn/s: 0.00
[ 106s ] thds: 16 tps: 2256.35 qps: 65360.27 (r/w/o: 30071.55/30776.01/4512.71) lat (ms,95%): 13.70 err/s: 0.00 reconn/s: 0.00
[ 108s ] thds: 16 tps: 2260.53 qps: 65939.88 (r/w/o: 30344.91/31073.92/4521.06) lat (ms,95%): 13.70 err/s: 0.00 reconn/s: 0.00
[ 110s ] thds: 16 tps: 2346.59 qps: 67033.66 (r/w/o: 30898.72/31441.75/4693.19) lat (ms,95%): 13.46 err/s: 0.00 reconn/s: 0.00
[ 112s ] thds: 16 tps: 2067.46 qps: 59803.93 (r/w/o: 27528.01/28141.00/4134.93) lat (ms,95%): 16.41 err/s: 0.00 reconn/s: 0.00
[ 114s ] thds: 16 tps: 2222.46 qps: 66935.81 (r/w/o: 30860.45/31630.44/4444.92) lat (ms,95%): 13.95 err/s: 0.00 reconn/s: 0.00
[ 116s ] thds: 16 tps: 2281.47 qps: 66449.22 (r/w/o: 30604.14/31282.13/4562.95) lat (ms,95%): 13.46 err/s: 0.00 reconn/s: 0.00
[ 118s ] thds: 16 tps: 2292.06 qps: 65276.07 (r/w/o: 29960.22/30731.74/4584.11) lat (ms,95%): 13.46 err/s: 0.00 reconn/s: 0.00
[ 120s ] thds: 16 tps: 2271.98 qps: 66678.82 (r/w/o: 30683.69/31451.18/4543.95) lat (ms,95%): 13.70 err/s: 0.00 reconn/s: 0.00
[ 122s ] thds: 16 tps: 2215.52 qps: 64097.13 (r/w/o: 29450.79/30215.30/4431.04) lat (ms,95%): 14.21 err/s: 0.00 reconn/s: 0.00
[ 124s ] thds: 16 tps: 2281.08 qps: 65361.31 (r/w/o: 30049.06/30750.09/4562.16) lat (ms,95%): 13.70 err/s: 0.00 reconn/s: 0.00
[ 126s ] thds: 16 tps: 2280.91 qps: 66471.85 (r/w/o: 30617.78/31292.25/4561.82) lat (ms,95%): 13.70 err/s: 0.00 reconn/s: 0.00
[ 128s ] thds: 16 tps: 2331.95 qps: 66770.66 (r/w/o: 30709.89/31396.87/4663.91) lat (ms,95%): 13.46 err/s: 0.00 reconn/s: 0.00
[ 130s ] thds: 16 tps: 2315.01 qps: 66684.90 (r/w/o: 30724.18/31330.69/4630.03) lat (ms,95%): 13.22 err/s: 0.00 reconn/s: 0.00
[ 132s ] thds: 16 tps: 2250.49 qps: 64942.83 (r/w/o: 29860.92/30580.92/4500.99) lat (ms,95%): 13.95 err/s: 0.00 reconn/s: 0.00
[ 134s ] thds: 16 tps: 2136.31 qps: 61651.97 (r/w/o: 28398.95/28980.40/4272.62) lat (ms,95%): 15.55 err/s: 0.00 reconn/s: 0.00
[ 136s ] thds: 16 tps: 2201.27 qps: 64602.53 (r/w/o: 29745.20/30454.79/4402.55) lat (ms,95%): 13.95 err/s: 0.00 reconn/s: 0.00
[ 138s ] thds: 16 tps: 2308.93 qps: 67706.07 (r/w/o: 31161.11/31927.09/4617.87) lat (ms,95%): 13.46 err/s: 0.00 reconn/s: 0.00
[ 140s ] thds: 16 tps: 2357.61 qps: 67472.76 (r/w/o: 31063.50/31694.03/4715.23) lat (ms,95%): 13.22 err/s: 0.00 reconn/s: 0.00
[ 142s ] thds: 16 tps: 2284.40 qps: 66003.99 (r/w/o: 30334.62/31101.08/4568.29) lat (ms,95%): 13.46 err/s: 0.00 reconn/s: 0.00
[ 144s ] thds: 16 tps: 2298.03 qps: 67310.29 (r/w/o: 31017.86/31696.37/4596.05) lat (ms,95%): 13.46 err/s: 0.00 reconn/s: 0.00
[ 146s ] thds: 16 tps: 2316.45 qps: 67092.70 (r/w/o: 30882.40/31576.89/4633.41) lat (ms,95%): 13.46 err/s: 0.00 reconn/s: 0.00
[ 148s ] thds: 16 tps: 2268.00 qps: 67022.08 (r/w/o: 30916.04/31570.04/4536.01) lat (ms,95%): 13.46 err/s: 0.00 reconn/s: 0.00
[ 150s ] thds: 16 tps: 2311.01 qps: 66395.38 (r/w/o: 30539.67/31233.68/4622.03) lat (ms,95%): 13.70 err/s: 0.00 reconn/s: 0.00
[ 152s ] thds: 16 tps: 2259.86 qps: 65940.32 (r/w/o: 30402.07/31018.53/4519.71) lat (ms,95%): 13.95 err/s: 0.00 reconn/s: 0.00
[ 154s ] thds: 16 tps: 2305.66 qps: 66821.62 (r/w/o: 30781.63/31428.67/4611.32) lat (ms,95%): 13.46 err/s: 0.00 reconn/s: 0.00
[ 156s ] thds: 16 tps: 2285.04 qps: 66765.66 (r/w/o: 30734.03/31461.55/4570.08) lat (ms,95%): 13.70 err/s: 0.00 reconn/s: 0.00
[ 158s ] thds: 16 tps: 2249.44 qps: 64565.81 (r/w/o: 29733.72/30333.21/4498.88) lat (ms,95%): 14.21 err/s: 0.00 reconn/s: 0.00
[ 160s ] thds: 16 tps: 2206.53 qps: 63404.44 (r/w/o: 29105.43/29885.94/4413.07) lat (ms,95%): 14.21 err/s: 0.00 reconn/s: 0.00
[ 162s ] thds: 16 tps: 2255.93 qps: 66175.91 (r/w/o: 30517.03/31147.01/4511.86) lat (ms,95%): 13.70 err/s: 0.00 reconn/s: 0.00
[ 164s ] thds: 16 tps: 2230.57 qps: 65413.18 (r/w/o: 30117.00/30835.03/4461.15) lat (ms,95%): 13.70 err/s: 0.00 reconn/s: 0.00
[ 166s ] thds: 16 tps: 2264.49 qps: 65751.11 (r/w/o: 30245.82/30976.31/4528.97) lat (ms,95%): 13.70 err/s: 0.00 reconn/s: 0.00
[ 168s ] thds: 16 tps: 2247.49 qps: 65938.13 (r/w/o: 30329.83/31113.32/4494.97) lat (ms,95%): 13.46 err/s: 0.00 reconn/s: 0.00
[ 170s ] thds: 16 tps: 2299.45 qps: 65213.55 (r/w/o: 29982.83/30633.32/4597.40) lat (ms,95%): 13.46 err/s: 0.00 reconn/s: 0.00
[ 172s ] thds: 16 tps: 2202.03 qps: 65272.39 (r/w/o: 30100.91/30766.42/4405.06) lat (ms,95%): 14.21 err/s: 0.00 reconn/s: 0.00
[ 174s ] thds: 16 tps: 2293.04 qps: 66320.21 (r/w/o: 30569.56/31164.07/4586.58) lat (ms,95%): 13.46 err/s: 0.00 reconn/s: 0.00
[ 176s ] thds: 16 tps: 2239.48 qps: 65622.47 (r/w/o: 30214.25/30929.25/4478.96) lat (ms,95%): 13.95 err/s: 0.00 reconn/s: 0.00
[ 178s ] thds: 16 tps: 2307.01 qps: 65776.38 (r/w/o: 30233.17/30929.18/4614.03) lat (ms,95%): 13.46 err/s: 0.00 reconn/s: 0.00
[ 180s ] thds: 16 tps: 2304.54 qps: 65409.11 (r/w/o: 30107.51/30692.52/4609.08) lat (ms,95%): 13.70 err/s: 0.00 reconn/s: 0.00
[ 182s ] thds: 16 tps: 2089.94 qps: 60425.25 (r/w/o: 27795.19/28450.18/4179.88) lat (ms,95%): 15.83 err/s: 0.00 reconn/s: 0.00
[ 184s ] thds: 16 tps: 2282.79 qps: 65463.50 (r/w/o: 30139.74/30758.18/4565.58) lat (ms,95%): 13.46 err/s: 0.00 reconn/s: 0.00
[ 186s ] thds: 16 tps: 2291.65 qps: 66204.73 (r/w/o: 30449.45/31171.99/4583.29) lat (ms,95%): 13.46 err/s: 0.00 reconn/s: 0.00
[ 188s ] thds: 16 tps: 2230.14 qps: 65810.66 (r/w/o: 30291.91/31058.46/4460.28) lat (ms,95%): 13.95 err/s: 0.00 reconn/s: 0.00
[ 190s ] thds: 16 tps: 2223.90 qps: 65814.53 (r/w/o: 30332.63/31034.10/4447.80) lat (ms,95%): 14.21 err/s: 0.00 reconn/s: 0.00
[ 192s ] thds: 16 tps: 2225.58 qps: 64436.93 (r/w/o: 29665.12/30320.64/4451.17) lat (ms,95%): 13.95 err/s: 0.00 reconn/s: 0.00
[ 194s ] thds: 16 tps: 2235.05 qps: 65378.43 (r/w/o: 30108.16/30800.17/4470.10) lat (ms,95%): 14.21 err/s: 0.00 reconn/s: 0.00
[ 196s ] thds: 16 tps: 2260.32 qps: 64470.97 (r/w/o: 29594.19/30356.13/4520.65) lat (ms,95%): 13.95 err/s: 0.00 reconn/s: 0.00
[ 198s ] thds: 16 tps: 2242.12 qps: 66346.44 (r/w/o: 30562.09/31300.12/4484.23) lat (ms,95%): 14.21 err/s: 0.00 reconn/s: 0.00
[ 200s ] thds: 16 tps: 2214.98 qps: 65887.37 (r/w/o: 30358.71/31098.70/4429.96) lat (ms,95%): 13.95 err/s: 0.00 reconn/s: 0.00
[ 202s ] thds: 16 tps: 2201.48 qps: 63561.42 (r/w/o: 29259.23/29899.23/4402.96) lat (ms,95%): 14.46 err/s: 0.00 reconn/s: 0.00
[ 204s ] thds: 16 tps: 2082.45 qps: 60644.98 (r/w/o: 27971.80/28508.28/4164.90) lat (ms,95%): 14.73 err/s: 0.00 reconn/s: 0.00
[ 206s ] thds: 16 tps: 2216.55 qps: 64473.55 (r/w/o: 29692.22/30348.23/4433.11) lat (ms,95%): 14.21 err/s: 0.00 reconn/s: 0.00
[ 208s ] thds: 16 tps: 2220.06 qps: 64771.66 (r/w/o: 29829.76/30501.78/4440.11) lat (ms,95%): 13.70 err/s: 0.00 reconn/s: 0.00
[ 210s ] thds: 16 tps: 2248.95 qps: 65471.67 (r/w/o: 30194.89/30778.88/4497.91) lat (ms,95%): 13.95 err/s: 0.00 reconn/s: 0.00
[ 212s ] thds: 16 tps: 2240.04 qps: 64157.13 (r/w/o: 29513.02/30164.03/4480.08) lat (ms,95%): 13.95 err/s: 0.00 reconn/s: 0.00
[ 214s ] thds: 16 tps: 2279.42 qps: 65624.81 (r/w/o: 30196.49/30869.47/4558.85) lat (ms,95%): 13.95 err/s: 0.00 reconn/s: 0.00
[ 216s ] thds: 16 tps: 2211.50 qps: 64710.08 (r/w/o: 29818.04/30469.04/4423.01) lat (ms,95%): 14.21 err/s: 0.00 reconn/s: 0.00
[ 218s ] thds: 16 tps: 2237.01 qps: 65693.28 (r/w/o: 30251.63/30968.13/4473.52) lat (ms,95%): 14.46 err/s: 0.00 reconn/s: 0.00
[ 220s ] thds: 16 tps: 2197.82 qps: 65172.66 (r/w/o: 29998.54/30777.98/4396.14) lat (ms,95%): 14.21 err/s: 0.00 reconn/s: 0.00
[ 222s ] thds: 16 tps: 2144.30 qps: 64821.13 (r/w/o: 29903.71/30628.81/4288.60) lat (ms,95%): 14.46 err/s: 0.00 reconn/s: 0.00
[ 224s ] thds: 16 tps: 2278.40 qps: 65633.19 (r/w/o: 30215.21/30861.18/4556.80) lat (ms,95%): 14.21 err/s: 0.00 reconn/s: 0.00
[ 226s ] thds: 16 tps: 2147.02 qps: 61902.62 (r/w/o: 28460.79/29147.79/4294.04) lat (ms,95%): 16.12 err/s: 0.00 reconn/s: 0.00
[ 228s ] thds: 16 tps: 2260.46 qps: 66073.85 (r/w/o: 30448.97/31103.96/4520.92) lat (ms,95%): 13.70 err/s: 0.00 reconn/s: 0.00
[ 230s ] thds: 16 tps: 2266.51 qps: 66247.37 (r/w/o: 30511.17/31203.18/4533.03) lat (ms,95%): 13.46 err/s: 0.00 reconn/s: 0.00
[ 232s ] thds: 16 tps: 2159.98 qps: 64269.80 (r/w/o: 29622.68/30327.17/4319.95) lat (ms,95%): 14.73 err/s: 0.00 reconn/s: 0.00
[ 234s ] thds: 16 tps: 2228.09 qps: 65040.58 (r/w/o: 29901.69/30682.72/4456.18) lat (ms,95%): 14.46 err/s: 0.00 reconn/s: 0.00
[ 236s ] thds: 16 tps: 2258.39 qps: 66385.91 (r/w/o: 30603.08/31266.04/4516.79) lat (ms,95%): 13.95 err/s: 0.00 reconn/s: 0.00
[ 238s ] thds: 16 tps: 2267.06 qps: 66029.84 (r/w/o: 30417.35/31078.37/4534.13) lat (ms,95%): 13.70 err/s: 0.00 reconn/s: 0.00
[ 240s ] thds: 16 tps: 2296.44 qps: 65273.90 (r/w/o: 29958.27/30722.75/4592.89) lat (ms,95%): 13.70 err/s: 0.00 reconn/s: 0.00
[ 242s ] thds: 16 tps: 2181.97 qps: 63787.15 (r/w/o: 29343.11/30080.10/4363.94) lat (ms,95%): 14.46 err/s: 0.00 reconn/s: 0.00
[ 244s ] thds: 16 tps: 2159.63 qps: 63738.47 (r/w/o: 29311.32/30107.87/4319.27) lat (ms,95%): 14.46 err/s: 0.00 reconn/s: 0.00
[ 246s ] thds: 16 tps: 2211.91 qps: 64488.87 (r/w/o: 29659.29/30405.76/4423.82) lat (ms,95%): 14.46 err/s: 0.00 reconn/s: 0.00
[ 248s ] thds: 16 tps: 2069.02 qps: 59141.60 (r/w/o: 27151.78/27851.78/4138.04) lat (ms,95%): 17.01 err/s: 0.00 reconn/s: 0.00
[ 250s ] thds: 16 tps: 2201.46 qps: 63764.36 (r/w/o: 29386.98/29975.97/4401.42) lat (ms,95%): 14.21 err/s: 0.00 reconn/s: 0.00
[ 252s ] thds: 16 tps: 2182.02 qps: 63504.20 (r/w/o: 29219.32/29919.33/4365.55) lat (ms,95%): 14.73 err/s: 0.00 reconn/s: 0.00
[ 254s ] thds: 16 tps: 2230.90 qps: 65180.50 (r/w/o: 30089.61/30629.09/4461.79) lat (ms,95%): 13.95 err/s: 0.00 reconn/s: 0.00
[ 256s ] thds: 16 tps: 2179.64 qps: 64554.75 (r/w/o: 29771.96/30424.00/4358.79) lat (ms,95%): 14.73 err/s: 0.00 reconn/s: 0.00
[ 258s ] thds: 16 tps: 2242.92 qps: 65812.25 (r/w/o: 30323.96/31001.94/4486.35) lat (ms,95%): 14.21 err/s: 0.00 reconn/s: 0.00
[ 260s ] thds: 16 tps: 2250.05 qps: 64866.53 (r/w/o: 29854.71/30511.72/4500.11) lat (ms,95%): 14.21 err/s: 0.00 reconn/s: 0.00
[ 262s ] thds: 16 tps: 2217.91 qps: 64541.43 (r/w/o: 29665.32/30440.29/4435.82) lat (ms,95%): 14.21 err/s: 0.00 reconn/s: 0.00
[ 264s ] thds: 16 tps: 2213.04 qps: 64946.79 (r/w/o: 29913.09/30607.61/4426.09) lat (ms,95%): 14.46 err/s: 0.00 reconn/s: 0.00
[ 266s ] thds: 16 tps: 2309.98 qps: 65624.87 (r/w/o: 30229.21/30775.70/4619.96) lat (ms,95%): 13.46 err/s: 0.00 reconn/s: 0.00
[ 268s ] thds: 16 tps: 2121.90 qps: 61849.66 (r/w/o: 28489.19/29116.66/4243.81) lat (ms,95%): 16.12 err/s: 0.00 reconn/s: 0.00
[ 270s ] thds: 16 tps: 2255.16 qps: 65416.75 (r/w/o: 30087.69/30818.74/4510.33) lat (ms,95%): 13.95 err/s: 0.00 reconn/s: 0.00
[ 272s ] thds: 16 tps: 2248.47 qps: 64380.04 (r/w/o: 29630.56/30252.55/4496.93) lat (ms,95%): 14.21 err/s: 0.00 reconn/s: 0.00
[ 274s ] thds: 16 tps: 2269.05 qps: 65554.40 (r/w/o: 30193.15/30823.16/4538.10) lat (ms,95%): 13.95 err/s: 0.00 reconn/s: 0.00
[ 276s ] thds: 16 tps: 2257.44 qps: 65173.73 (r/w/o: 29964.18/30694.66/4514.88) lat (ms,95%): 13.95 err/s: 0.00 reconn/s: 0.00
[ 278s ] thds: 16 tps: 2300.06 qps: 66286.77 (r/w/o: 30473.31/31213.33/4600.12) lat (ms,95%): 13.70 err/s: 0.00 reconn/s: 0.00
[ 280s ] thds: 16 tps: 2328.91 qps: 66136.81 (r/w/o: 30447.26/31031.74/4657.81) lat (ms,95%): 13.70 err/s: 0.00 reconn/s: 0.00
[ 282s ] thds: 16 tps: 2179.08 qps: 63612.31 (r/w/o: 29270.06/29984.09/4358.16) lat (ms,95%): 14.46 err/s: 0.00 reconn/s: 0.00
[ 284s ] thds: 16 tps: 2169.53 qps: 63106.29 (r/w/o: 29120.86/29646.37/4339.05) lat (ms,95%): 14.46 err/s: 0.00 reconn/s: 0.00
[ 286s ] thds: 16 tps: 2231.93 qps: 64760.01 (r/w/o: 29825.09/30471.07/4463.86) lat (ms,95%): 13.70 err/s: 0.00 reconn/s: 0.00
[ 288s ] thds: 16 tps: 2251.99 qps: 64972.58 (r/w/o: 29915.81/30552.80/4503.97) lat (ms,95%): 13.70 err/s: 0.00 reconn/s: 0.00
[ 290s ] thds: 16 tps: 2280.58 qps: 65330.23 (r/w/o: 29999.53/30769.55/4561.16) lat (ms,95%): 13.70 err/s: 0.00 reconn/s: 0.00
[ 292s ] thds: 16 tps: 2103.44 qps: 61608.60 (r/w/o: 28352.13/29049.60/4206.87) lat (ms,95%): 16.41 err/s: 0.00 reconn/s: 0.00
[ 294s ] thds: 16 tps: 2250.04 qps: 65425.04 (r/w/o: 30122.98/30801.99/4500.07) lat (ms,95%): 13.70 err/s: 0.00 reconn/s: 0.00
[ 296s ] thds: 16 tps: 2252.45 qps: 66772.99 (r/w/o: 30762.30/31505.79/4504.90) lat (ms,95%): 13.46 err/s: 0.00 reconn/s: 0.00
[ 298s ] thds: 16 tps: 2254.50 qps: 65637.48 (r/w/o: 30254.49/30873.99/4509.00) lat (ms,95%): 13.70 err/s: 0.00 reconn/s: 0.00
[ 300s ] thds: 16 tps: 2292.03 qps: 65328.35 (r/w/o: 30082.89/30661.40/4584.06) lat (ms,95%): 13.46 err/s: 0.00 reconn/s: 0.00
SQL statistics:
    queries performed:
        read:                            9441359
        write:                           9656613
        other:                           1413634
        total:                           20511606
    transactions:                        706801 (2355.92 per sec.)
    queries:                             20511606 (68369.72 per sec.)
    ignored errors:                      0      (0.00 per sec.)
    reconnects:                          0      (0.00 per sec.)

Throughput:
    events/s (eps):                      2355.9242
    time elapsed:                        300.0101s
    total number of events:              706801

Latency (ms):
         min:                                    0.34
         avg:                                    6.79
         max:                                  117.21
         95th percentile:                       13.70
         sum:                              4798809.77

Threads fairness:
    events (avg/stddev):           44175.0625/3188.78
    execution time (avg/stddev):   299.9256/0.01

sysbench 1.1.0 (using bundled LuaJIT 2.1.0-beta3)

Running the test with following options:
Number of threads: 32
Report intermediate results every 2 second(s)
Initializing random number generator from current time


Initializing worker threads...

** Using FOR UPDATE : 1
** FORCE_PRIMARY : 0
** FORCE_NULL : 0
=> Using SESSION ops: 
Threads started!

[ 2s ] thds: 32 tps: 3041.86 qps: 87465.81 (r/w/o: 40191.48/41143.62/6130.71) lat (ms,95%): 21.89 err/s: 0.00 reconn/s: 0.00
[ 4s ] thds: 32 tps: 2892.35 qps: 84709.18 (r/w/o: 39010.69/39912.80/5785.70) lat (ms,95%): 22.69 err/s: 0.00 reconn/s: 0.00
[ 6s ] thds: 32 tps: 2907.41 qps: 83637.16 (r/w/o: 38544.56/39277.78/5814.82) lat (ms,95%): 23.10 err/s: 0.00 reconn/s: 0.00
[ 8s ] thds: 32 tps: 2818.50 qps: 81940.61 (r/w/o: 37724.90/38580.70/5635.00) lat (ms,95%): 23.95 err/s: 0.00 reconn/s: 0.00
[ 10s ] thds: 32 tps: 2847.49 qps: 83871.61 (r/w/o: 38627.82/39547.82/5695.97) lat (ms,95%): 23.52 err/s: 0.00 reconn/s: 0.00
[ 12s ] thds: 32 tps: 2667.50 qps: 77754.82 (r/w/o: 35777.24/36641.58/5335.99) lat (ms,95%): 26.68 err/s: 0.00 reconn/s: 0.00
[ 14s ] thds: 32 tps: 2882.53 qps: 83547.33 (r/w/o: 38400.54/39381.72/5765.06) lat (ms,95%): 23.52 err/s: 0.00 reconn/s: 0.00
[ 16s ] thds: 32 tps: 2794.51 qps: 82061.83 (r/w/o: 37812.15/38660.66/5589.02) lat (ms,95%): 24.38 err/s: 0.00 reconn/s: 0.00
[ 18s ] thds: 32 tps: 2799.38 qps: 80548.93 (r/w/o: 37020.86/37929.32/5598.75) lat (ms,95%): 23.95 err/s: 0.00 reconn/s: 0.00
[ 20s ] thds: 32 tps: 2769.55 qps: 81781.75 (r/w/o: 37652.33/38590.33/5539.09) lat (ms,95%): 23.95 err/s: 0.00 reconn/s: 0.00
[ 22s ] thds: 32 tps: 3032.87 qps: 86322.38 (r/w/o: 39734.63/40522.01/6065.74) lat (ms,95%): 24.83 err/s: 0.00 reconn/s: 0.00
[ 24s ] thds: 32 tps: 3041.91 qps: 86912.06 (r/w/o: 39934.12/40894.62/6083.32) lat (ms,95%): 25.28 err/s: 0.00 reconn/s: 0.00
[ 26s ] thds: 32 tps: 3038.09 qps: 86729.82 (r/w/o: 39883.34/40769.80/6076.68) lat (ms,95%): 24.83 err/s: 0.00 reconn/s: 0.00
[ 28s ] thds: 32 tps: 2913.26 qps: 84241.52 (r/w/o: 38709.79/39705.21/5826.52) lat (ms,95%): 26.20 err/s: 0.00 reconn/s: 0.00
[ 30s ] thds: 32 tps: 2986.52 qps: 86127.54 (r/w/o: 39579.25/40575.26/5973.04) lat (ms,95%): 26.20 err/s: 0.00 reconn/s: 0.00
[ 32s ] thds: 32 tps: 2992.73 qps: 87030.76 (r/w/o: 40017.61/41027.69/5985.46) lat (ms,95%): 25.74 err/s: 0.00 reconn/s: 0.00
[ 34s ] thds: 32 tps: 3012.99 qps: 87417.75 (r/w/o: 40266.39/41125.88/6025.48) lat (ms,95%): 25.28 err/s: 0.00 reconn/s: 0.00
[ 36s ] thds: 32 tps: 2912.44 qps: 86103.95 (r/w/o: 39611.89/40666.68/5825.38) lat (ms,95%): 27.17 err/s: 0.00 reconn/s: 0.00
[ 38s ] thds: 32 tps: 2904.54 qps: 84483.79 (r/w/o: 38918.28/39756.43/5809.09) lat (ms,95%): 26.68 err/s: 0.00 reconn/s: 0.00
[ 40s ] thds: 32 tps: 2998.33 qps: 86511.65 (r/w/o: 39787.77/40728.22/5995.66) lat (ms,95%): 25.74 err/s: 0.00 reconn/s: 0.00
[ 42s ] thds: 32 tps: 2973.12 qps: 86679.48 (r/w/o: 39834.10/40898.14/5947.24) lat (ms,95%): 26.20 err/s: 0.00 reconn/s: 0.00
[ 44s ] thds: 32 tps: 3064.09 qps: 87294.74 (r/w/o: 40212.58/40954.48/6127.67) lat (ms,95%): 25.28 err/s: 0.00 reconn/s: 0.00
[ 46s ] thds: 32 tps: 3001.98 qps: 86294.86 (r/w/o: 39710.38/40580.02/6004.46) lat (ms,95%): 25.28 err/s: 0.00 reconn/s: 0.00
[ 48s ] thds: 32 tps: 2913.49 qps: 84547.17 (r/w/o: 38986.35/39734.35/5826.48) lat (ms,95%): 27.17 err/s: 0.00 reconn/s: 0.00
[ 50s ] thds: 32 tps: 2940.01 qps: 86181.16 (r/w/o: 39687.58/40613.58/5880.01) lat (ms,95%): 25.74 err/s: 0.00 reconn/s: 0.00
[ 52s ] thds: 32 tps: 2969.66 qps: 86774.56 (r/w/o: 39918.93/40915.81/5939.82) lat (ms,95%): 25.28 err/s: 0.00 reconn/s: 0.00
[ 54s ] thds: 32 tps: 2976.40 qps: 86789.83 (r/w/o: 39909.21/40927.83/5952.79) lat (ms,95%): 25.74 err/s: 0.00 reconn/s: 0.00
[ 56s ] thds: 32 tps: 2947.41 qps: 85585.58 (r/w/o: 39376.40/40315.35/5893.83) lat (ms,95%): 25.74 err/s: 0.00 reconn/s: 0.00
[ 58s ] thds: 32 tps: 2911.55 qps: 84745.47 (r/w/o: 39027.18/39894.19/5824.10) lat (ms,95%): 25.74 err/s: 0.00 reconn/s: 0.00
[ 60s ] thds: 32 tps: 2948.78 qps: 85763.15 (r/w/o: 39477.23/40388.85/5897.07) lat (ms,95%): 26.20 err/s: 0.00 reconn/s: 0.00
[ 62s ] thds: 32 tps: 2997.10 qps: 85954.10 (r/w/o: 39578.55/40380.85/5994.70) lat (ms,95%): 25.28 err/s: 0.00 reconn/s: 0.00
[ 64s ] thds: 32 tps: 2990.22 qps: 86715.46 (r/w/o: 39884.80/40850.71/5979.95) lat (ms,95%): 25.74 err/s: 0.00 reconn/s: 0.00
[ 66s ] thds: 32 tps: 2998.23 qps: 85738.13 (r/w/o: 39391.55/40349.62/5996.96) lat (ms,95%): 25.28 err/s: 0.00 reconn/s: 0.00
[ 68s ] thds: 32 tps: 2866.81 qps: 84328.86 (r/w/o: 38816.90/39779.34/5732.62) lat (ms,95%): 27.17 err/s: 0.00 reconn/s: 0.00
[ 70s ] thds: 32 tps: 2927.75 qps: 85994.39 (r/w/o: 39595.40/40542.98/5856.00) lat (ms,95%): 26.68 err/s: 0.00 reconn/s: 0.00
[ 72s ] thds: 32 tps: 2993.55 qps: 85048.04 (r/w/o: 39153.71/39906.72/5987.61) lat (ms,95%): 23.95 err/s: 0.00 reconn/s: 0.00
[ 74s ] thds: 32 tps: 2840.09 qps: 81198.78 (r/w/o: 37378.61/38140.00/5680.18) lat (ms,95%): 23.95 err/s: 0.00 reconn/s: 0.00
[ 76s ] thds: 32 tps: 2791.45 qps: 80996.60 (r/w/o: 37245.02/38168.67/5582.90) lat (ms,95%): 23.95 err/s: 0.00 reconn/s: 0.00
[ 78s ] thds: 32 tps: 2694.33 qps: 78624.91 (r/w/o: 36163.66/37074.10/5387.15) lat (ms,95%): 25.74 err/s: 0.00 reconn/s: 0.00
[ 80s ] thds: 32 tps: 2728.61 qps: 80271.23 (r/w/o: 36956.49/37857.52/5457.22) lat (ms,95%): 24.38 err/s: 0.00 reconn/s: 0.00
[ 82s ] thds: 32 tps: 2608.45 qps: 75779.07 (r/w/o: 34866.34/35694.33/5218.40) lat (ms,95%): 27.66 err/s: 0.00 reconn/s: 0.00
[ 84s ] thds: 32 tps: 2824.06 qps: 82191.15 (r/w/o: 37846.76/38696.28/5648.11) lat (ms,95%): 23.95 err/s: 0.00 reconn/s: 0.00
[ 86s ] thds: 32 tps: 2807.03 qps: 80747.81 (r/w/o: 37185.37/37948.88/5613.56) lat (ms,95%): 23.52 err/s: 0.00 reconn/s: 0.00
[ 88s ] thds: 32 tps: 2741.89 qps: 78914.41 (r/w/o: 36340.08/37090.05/5484.29) lat (ms,95%): 24.38 err/s: 0.00 reconn/s: 0.00
[ 90s ] thds: 32 tps: 2839.97 qps: 81600.09 (r/w/o: 37610.58/38310.07/5679.44) lat (ms,95%): 23.95 err/s: 0.00 reconn/s: 0.00
[ 92s ] thds: 32 tps: 2797.68 qps: 81467.11 (r/w/o: 37490.85/38380.41/5595.85) lat (ms,95%): 23.95 err/s: 0.00 reconn/s: 0.00
[ 94s ] thds: 32 tps: 2832.46 qps: 82219.98 (r/w/o: 37867.03/38688.02/5664.93) lat (ms,95%): 23.10 err/s: 0.00 reconn/s: 0.00
[ 96s ] thds: 32 tps: 2838.97 qps: 81651.63 (r/w/o: 37593.60/38381.09/5676.94) lat (ms,95%): 23.52 err/s: 0.00 reconn/s: 0.00
[ 98s ] thds: 32 tps: 2752.52 qps: 79554.03 (r/w/o: 36614.75/37433.25/5506.04) lat (ms,95%): 24.83 err/s: 0.00 reconn/s: 0.00
[ 100s ] thds: 32 tps: 2810.45 qps: 81023.57 (r/w/o: 37272.84/38130.33/5620.40) lat (ms,95%): 24.83 err/s: 0.00 reconn/s: 0.00
[ 102s ] thds: 32 tps: 2650.07 qps: 76113.98 (r/w/o: 34995.91/35817.43/5300.64) lat (ms,95%): 27.17 err/s: 0.00 reconn/s: 0.00
[ 104s ] thds: 32 tps: 2801.41 qps: 81813.19 (r/w/o: 37615.88/38594.50/5602.82) lat (ms,95%): 23.95 err/s: 0.00 reconn/s: 0.00
[ 106s ] thds: 32 tps: 2801.97 qps: 81535.59 (r/w/o: 37552.44/38380.22/5602.93) lat (ms,95%): 23.52 err/s: 0.00 reconn/s: 0.00
[ 108s ] thds: 32 tps: 2763.53 qps: 80453.28 (r/w/o: 37042.86/37882.87/5527.55) lat (ms,95%): 24.38 err/s: 0.00 reconn/s: 0.00
[ 110s ] thds: 32 tps: 2802.67 qps: 81116.06 (r/w/o: 37342.33/38167.88/5605.85) lat (ms,95%): 23.95 err/s: 0.00 reconn/s: 0.00
[ 112s ] thds: 32 tps: 2837.83 qps: 82431.00 (r/w/o: 37951.70/38804.14/5675.16) lat (ms,95%): 23.52 err/s: 0.00 reconn/s: 0.00
[ 114s ] thds: 32 tps: 2815.23 qps: 81422.38 (r/w/o: 37443.99/38347.42/5630.96) lat (ms,95%): 23.95 err/s: 0.00 reconn/s: 0.00
[ 116s ] thds: 32 tps: 2818.87 qps: 81040.88 (r/w/o: 37317.31/38085.82/5637.75) lat (ms,95%): 23.95 err/s: 0.00 reconn/s: 0.00
[ 118s ] thds: 32 tps: 2704.82 qps: 79377.60 (r/w/o: 36543.51/37424.95/5409.13) lat (ms,95%): 25.28 err/s: 0.00 reconn/s: 0.00
[ 120s ] thds: 32 tps: 2804.67 qps: 81164.97 (r/w/o: 37370.79/38184.34/5609.84) lat (ms,95%): 24.38 err/s: 0.00 reconn/s: 0.00
[ 122s ] thds: 32 tps: 2865.00 qps: 82604.99 (r/w/o: 38050.00/38825.00/5730.00) lat (ms,95%): 23.10 err/s: 0.00 reconn/s: 0.00
[ 124s ] thds: 32 tps: 2755.95 qps: 79735.02 (r/w/o: 36680.32/37543.30/5511.40) lat (ms,95%): 25.28 err/s: 0.00 reconn/s: 0.00
[ 126s ] thds: 32 tps: 2760.02 qps: 80099.64 (r/w/o: 36877.79/37701.30/5520.54) lat (ms,95%): 26.20 err/s: 0.00 reconn/s: 0.00
[ 128s ] thds: 32 tps: 2776.45 qps: 79786.44 (r/w/o: 36709.28/37524.26/5552.89) lat (ms,95%): 24.38 err/s: 0.00 reconn/s: 0.00
[ 130s ] thds: 32 tps: 2835.66 qps: 81284.14 (r/w/o: 37367.47/38246.86/5669.81) lat (ms,95%): 23.95 err/s: 0.00 reconn/s: 0.00
[ 132s ] thds: 32 tps: 2767.04 qps: 81489.56 (r/w/o: 37563.81/38390.17/5535.59) lat (ms,95%): 23.95 err/s: 0.00 reconn/s: 0.00
[ 134s ] thds: 32 tps: 2817.95 qps: 81896.00 (r/w/o: 37722.67/38537.44/5635.89) lat (ms,95%): 23.52 err/s: 0.00 reconn/s: 0.00
[ 136s ] thds: 32 tps: 2790.41 qps: 80393.36 (r/w/o: 37016.11/37796.44/5580.81) lat (ms,95%): 24.83 err/s: 0.00 reconn/s: 0.00
[ 138s ] thds: 32 tps: 2752.09 qps: 79806.19 (r/w/o: 36680.90/37621.10/5504.19) lat (ms,95%): 23.52 err/s: 0.00 reconn/s: 0.00
[ 140s ] thds: 32 tps: 2776.45 qps: 80483.45 (r/w/o: 37054.29/37876.27/5552.89) lat (ms,95%): 24.38 err/s: 0.00 reconn/s: 0.00
[ 142s ] thds: 32 tps: 2835.49 qps: 81324.66 (r/w/o: 37436.84/38216.84/5670.98) lat (ms,95%): 23.10 err/s: 0.00 reconn/s: 0.00
[ 144s ] thds: 32 tps: 2798.86 qps: 81050.05 (r/w/o: 37270.18/38182.64/5597.23) lat (ms,95%): 23.52 err/s: 0.00 reconn/s: 0.00
[ 146s ] thds: 32 tps: 2545.64 qps: 74914.69 (r/w/o: 34456.43/35366.48/5091.78) lat (ms,95%): 27.17 err/s: 0.00 reconn/s: 0.00
[ 148s ] thds: 32 tps: 2767.17 qps: 79688.99 (r/w/o: 36653.63/37501.53/5533.84) lat (ms,95%): 24.38 err/s: 0.00 reconn/s: 0.00
[ 150s ] thds: 32 tps: 2769.84 qps: 80404.82 (r/w/o: 36957.01/37907.63/5540.18) lat (ms,95%): 23.95 err/s: 0.00 reconn/s: 0.00
[ 152s ] thds: 32 tps: 2741.94 qps: 79450.62 (r/w/o: 36602.13/37364.61/5483.87) lat (ms,95%): 25.28 err/s: 0.00 reconn/s: 0.00
[ 154s ] thds: 32 tps: 2796.54 qps: 80619.03 (r/w/o: 37053.47/37972.48/5593.07) lat (ms,95%): 23.95 err/s: 0.00 reconn/s: 0.00
[ 156s ] thds: 32 tps: 2819.02 qps: 80946.60 (r/w/o: 37261.28/38047.28/5638.04) lat (ms,95%): 23.52 err/s: 0.00 reconn/s: 0.00
[ 158s ] thds: 32 tps: 2693.46 qps: 79461.19 (r/w/o: 36599.72/37474.54/5386.93) lat (ms,95%): 24.83 err/s: 0.00 reconn/s: 0.00
[ 160s ] thds: 32 tps: 2729.07 qps: 80371.15 (r/w/o: 36993.16/37919.86/5458.13) lat (ms,95%): 24.38 err/s: 0.00 reconn/s: 0.00
[ 162s ] thds: 32 tps: 2782.35 qps: 80502.03 (r/w/o: 37029.44/37907.89/5564.69) lat (ms,95%): 24.38 err/s: 0.00 reconn/s: 0.00
[ 164s ] thds: 32 tps: 2789.60 qps: 81240.30 (r/w/o: 37412.29/38248.82/5579.19) lat (ms,95%): 23.95 err/s: 0.00 reconn/s: 0.00
[ 166s ] thds: 32 tps: 2645.10 qps: 76980.83 (r/w/o: 35390.80/36299.84/5290.19) lat (ms,95%): 26.20 err/s: 0.00 reconn/s: 0.00
[ 168s ] thds: 32 tps: 2681.92 qps: 76922.71 (r/w/o: 35378.45/36180.42/5363.84) lat (ms,95%): 25.74 err/s: 0.00 reconn/s: 0.00
[ 170s ] thds: 32 tps: 2712.00 qps: 78132.58 (r/w/o: 35927.04/36781.54/5424.01) lat (ms,95%): 25.28 err/s: 0.00 reconn/s: 0.00
[ 172s ] thds: 32 tps: 2775.79 qps: 80270.91 (r/w/o: 36941.20/37778.13/5551.58) lat (ms,95%): 24.38 err/s: 0.00 reconn/s: 0.00
[ 174s ] thds: 32 tps: 2779.72 qps: 80396.85 (r/w/o: 36992.42/37844.99/5559.44) lat (ms,95%): 23.95 err/s: 0.00 reconn/s: 0.00
[ 176s ] thds: 32 tps: 2709.83 qps: 79860.60 (r/w/o: 36811.74/37629.69/5419.17) lat (ms,95%): 24.38 err/s: 0.00 reconn/s: 0.00
[ 178s ] thds: 32 tps: 2771.54 qps: 79635.67 (r/w/o: 36633.87/37458.23/5543.57) lat (ms,95%): 24.38 err/s: 0.00 reconn/s: 0.00
[ 180s ] thds: 32 tps: 2763.63 qps: 79602.59 (r/w/o: 36669.83/37405.50/5527.26) lat (ms,95%): 24.38 err/s: 0.00 reconn/s: 0.00
[ 182s ] thds: 32 tps: 2755.00 qps: 80403.38 (r/w/o: 37028.94/37864.44/5509.99) lat (ms,95%): 24.38 err/s: 0.00 reconn/s: 0.00
[ 184s ] thds: 32 tps: 2718.00 qps: 79053.47 (r/w/o: 36434.49/37182.99/5436.00) lat (ms,95%): 24.83 err/s: 0.00 reconn/s: 0.00
[ 186s ] thds: 32 tps: 2738.99 qps: 78555.68 (r/w/o: 36177.85/36899.85/5477.98) lat (ms,95%): 24.38 err/s: 0.00 reconn/s: 0.00
[ 188s ] thds: 32 tps: 2604.09 qps: 75228.19 (r/w/o: 34636.74/35383.26/5208.19) lat (ms,95%): 28.67 err/s: 0.00 reconn/s: 0.00
[ 190s ] thds: 32 tps: 2739.74 qps: 79340.35 (r/w/o: 36563.47/37297.40/5479.47) lat (ms,95%): 24.83 err/s: 0.00 reconn/s: 0.00
[ 192s ] thds: 32 tps: 2784.68 qps: 80067.69 (r/w/o: 36876.39/37621.94/5569.36) lat (ms,95%): 24.38 err/s: 0.00 reconn/s: 0.00
[ 194s ] thds: 32 tps: 2794.46 qps: 80687.27 (r/w/o: 37189.43/37908.92/5588.91) lat (ms,95%): 23.95 err/s: 0.00 reconn/s: 0.00
[ 196s ] thds: 32 tps: 2680.53 qps: 78649.97 (r/w/o: 36166.44/37123.46/5360.07) lat (ms,95%): 24.38 err/s: 0.00 reconn/s: 0.00
[ 198s ] thds: 32 tps: 2736.83 qps: 78816.14 (r/w/o: 36295.76/37045.72/5474.66) lat (ms,95%): 24.83 err/s: 0.00 reconn/s: 0.00
[ 200s ] thds: 32 tps: 2740.12 qps: 78879.90 (r/w/o: 36256.56/37143.60/5479.74) lat (ms,95%): 25.28 err/s: 0.00 reconn/s: 0.00
[ 202s ] thds: 32 tps: 2742.35 qps: 79823.66 (r/w/o: 36771.00/37567.46/5485.20) lat (ms,95%): 24.38 err/s: 0.00 reconn/s: 0.00
[ 204s ] thds: 32 tps: 2723.21 qps: 79763.60 (r/w/o: 36717.81/37599.38/5446.42) lat (ms,95%): 24.38 err/s: 0.00 reconn/s: 0.00
[ 206s ] thds: 32 tps: 2658.96 qps: 77721.71 (r/w/o: 35822.90/36580.89/5317.91) lat (ms,95%): 25.28 err/s: 0.00 reconn/s: 0.00
[ 208s ] thds: 32 tps: 2487.25 qps: 73315.93 (r/w/o: 33801.83/34539.60/4974.50) lat (ms,95%): 24.38 err/s: 0.00 reconn/s: 0.00
[ 210s ] thds: 32 tps: 2742.89 qps: 79390.31 (r/w/o: 36564.89/37339.64/5485.78) lat (ms,95%): 24.38 err/s: 0.00 reconn/s: 0.00
[ 212s ] thds: 32 tps: 2724.16 qps: 79668.87 (r/w/o: 36666.67/37554.39/5447.82) lat (ms,95%): 24.38 err/s: 0.00 reconn/s: 0.00
[ 214s ] thds: 32 tps: 2722.44 qps: 79193.35 (r/w/o: 36465.91/37282.05/5445.38) lat (ms,95%): 24.83 err/s: 0.00 reconn/s: 0.00
[ 216s ] thds: 32 tps: 2694.38 qps: 78151.42 (r/w/o: 35966.53/36796.14/5388.75) lat (ms,95%): 24.83 err/s: 0.00 reconn/s: 0.00
[ 218s ] thds: 32 tps: 2703.58 qps: 79068.71 (r/w/o: 36468.64/37192.90/5407.17) lat (ms,95%): 24.83 err/s: 0.00 reconn/s: 0.00
[ 220s ] thds: 32 tps: 2671.17 qps: 77675.08 (r/w/o: 35762.02/36571.22/5341.85) lat (ms,95%): 25.28 err/s: 0.00 reconn/s: 0.00
[ 222s ] thds: 32 tps: 2743.74 qps: 80439.48 (r/w/o: 37052.72/37899.29/5487.48) lat (ms,95%): 24.38 err/s: 0.00 reconn/s: 0.00
[ 224s ] thds: 32 tps: 2709.45 qps: 79568.99 (r/w/o: 36659.80/37489.79/5419.40) lat (ms,95%): 25.74 err/s: 0.00 reconn/s: 0.00
[ 226s ] thds: 32 tps: 2651.13 qps: 75741.14 (r/w/o: 34866.18/35572.71/5302.26) lat (ms,95%): 27.17 err/s: 0.00 reconn/s: 0.00
[ 228s ] thds: 32 tps: 2602.43 qps: 74265.41 (r/w/o: 34164.04/34896.52/5204.85) lat (ms,95%): 27.17 err/s: 0.00 reconn/s: 0.00
[ 230s ] thds: 32 tps: 2782.68 qps: 79918.40 (r/w/o: 36763.81/37589.22/5565.37) lat (ms,95%): 24.38 err/s: 0.00 reconn/s: 0.00
[ 232s ] thds: 32 tps: 2762.18 qps: 79935.80 (r/w/o: 36729.43/37682.50/5523.87) lat (ms,95%): 24.83 err/s: 0.00 reconn/s: 0.00
[ 234s ] thds: 32 tps: 2783.57 qps: 80493.47 (r/w/o: 37050.91/37874.93/5567.64) lat (ms,95%): 23.52 err/s: 0.00 reconn/s: 0.00
[ 236s ] thds: 32 tps: 2764.88 qps: 79848.59 (r/w/o: 36751.93/37567.90/5528.76) lat (ms,95%): 24.38 err/s: 0.00 reconn/s: 0.00
[ 238s ] thds: 32 tps: 2753.71 qps: 79071.04 (r/w/o: 36365.28/37197.34/5508.42) lat (ms,95%): 24.83 err/s: 0.00 reconn/s: 0.00
[ 240s ] thds: 32 tps: 2720.52 qps: 78977.64 (r/w/o: 36368.80/37167.80/5441.04) lat (ms,95%): 25.28 err/s: 0.00 reconn/s: 0.00
[ 242s ] thds: 32 tps: 2762.95 qps: 79942.96 (r/w/o: 36839.29/37577.78/5525.89) lat (ms,95%): 24.38 err/s: 0.00 reconn/s: 0.00
[ 244s ] thds: 32 tps: 2762.01 qps: 81270.85 (r/w/o: 37403.16/38343.66/5524.02) lat (ms,95%): 24.38 err/s: 0.00 reconn/s: 0.00
[ 246s ] thds: 32 tps: 2644.51 qps: 77984.76 (r/w/o: 35850.12/36845.63/5289.02) lat (ms,95%): 25.74 err/s: 0.00 reconn/s: 0.00
[ 248s ] thds: 32 tps: 2604.17 qps: 77128.70 (r/w/o: 35487.99/36432.37/5208.34) lat (ms,95%): 27.66 err/s: 0.00 reconn/s: 0.00
[ 250s ] thds: 32 tps: 2674.19 qps: 77938.07 (r/w/o: 35880.06/36709.62/5348.38) lat (ms,95%): 25.74 err/s: 0.00 reconn/s: 0.00
[ 252s ] thds: 32 tps: 2758.10 qps: 79995.39 (r/w/o: 36865.83/37613.36/5516.20) lat (ms,95%): 24.38 err/s: 0.00 reconn/s: 0.00
[ 254s ] thds: 32 tps: 2756.24 qps: 80308.39 (r/w/o: 36930.50/37865.41/5512.48) lat (ms,95%): 24.38 err/s: 0.00 reconn/s: 0.00
[ 256s ] thds: 32 tps: 2689.60 qps: 78676.00 (r/w/o: 36300.39/36996.91/5378.71) lat (ms,95%): 25.28 err/s: 0.00 reconn/s: 0.00
[ 258s ] thds: 32 tps: 2685.20 qps: 78131.27 (r/w/o: 36006.66/36753.71/5370.90) lat (ms,95%): 25.28 err/s: 0.00 reconn/s: 0.00
[ 260s ] thds: 32 tps: 2771.90 qps: 79566.16 (r/w/o: 36636.69/37385.67/5543.80) lat (ms,95%): 23.95 err/s: 0.00 reconn/s: 0.00
[ 262s ] thds: 32 tps: 2728.88 qps: 79036.64 (r/w/o: 36353.95/37224.92/5457.77) lat (ms,95%): 25.74 err/s: 0.00 reconn/s: 0.00
[ 264s ] thds: 32 tps: 2718.17 qps: 79420.08 (r/w/o: 36610.84/37372.89/5436.35) lat (ms,95%): 24.83 err/s: 0.00 reconn/s: 0.00
[ 266s ] thds: 32 tps: 2662.04 qps: 77376.18 (r/w/o: 35561.04/36491.06/5324.08) lat (ms,95%): 26.20 err/s: 0.00 reconn/s: 0.00
[ 268s ] thds: 32 tps: 2711.80 qps: 78560.62 (r/w/o: 36153.79/36983.73/5423.09) lat (ms,95%): 24.83 err/s: 0.00 reconn/s: 0.00
[ 270s ] thds: 32 tps: 2449.74 qps: 72839.68 (r/w/o: 33539.31/34400.39/4899.98) lat (ms,95%): 28.67 err/s: 0.00 reconn/s: 0.00
[ 272s ] thds: 32 tps: 2734.36 qps: 79970.36 (r/w/o: 36779.60/37723.05/5467.72) lat (ms,95%): 24.38 err/s: 0.00 reconn/s: 0.00
[ 274s ] thds: 32 tps: 2714.04 qps: 80297.24 (r/w/o: 36976.07/37892.08/5429.08) lat (ms,95%): 24.38 err/s: 0.00 reconn/s: 0.00
[ 276s ] thds: 32 tps: 2721.02 qps: 79057.58 (r/w/o: 36368.77/37246.77/5442.04) lat (ms,95%): 24.83 err/s: 0.00 reconn/s: 0.00
[ 278s ] thds: 32 tps: 2632.48 qps: 77714.92 (r/w/o: 35755.73/36694.22/5264.96) lat (ms,95%): 25.74 err/s: 0.00 reconn/s: 0.00
[ 280s ] thds: 32 tps: 2777.61 qps: 79298.14 (r/w/o: 36497.83/37245.09/5555.22) lat (ms,95%): 24.83 err/s: 0.00 reconn/s: 0.00
[ 282s ] thds: 32 tps: 2763.91 qps: 79794.14 (r/w/o: 36765.05/37502.79/5526.31) lat (ms,95%): 23.95 err/s: 0.00 reconn/s: 0.00
[ 284s ] thds: 32 tps: 2757.93 qps: 78863.87 (r/w/o: 36283.52/37063.50/5516.85) lat (ms,95%): 24.38 err/s: 0.00 reconn/s: 0.00
[ 286s ] thds: 32 tps: 2388.34 qps: 69770.32 (r/w/o: 32141.35/32851.80/4777.18) lat (ms,95%): 39.65 err/s: 0.00 reconn/s: 0.00
[ 288s ] thds: 32 tps: 2191.15 qps: 64510.95 (r/w/o: 29724.55/30404.10/4382.30) lat (ms,95%): 45.79 err/s: 0.00 reconn/s: 0.00
[ 290s ] thds: 32 tps: 1356.11 qps: 39314.16 (r/w/o: 18122.46/18479.49/2712.22) lat (ms,95%): 38.94 err/s: 2.00 reconn/s: 0.00
[ 292s ] thds: 32 tps: 2427.23 qps: 70154.69 (r/w/o: 32245.91/33056.82/4851.96) lat (ms,95%): 33.12 err/s: 0.00 reconn/s: 0.00
[ 294s ] thds: 32 tps: 2314.69 qps: 67420.17 (r/w/o: 31059.11/31729.17/4631.89) lat (ms,95%): 31.37 err/s: 0.00 reconn/s: 0.00
[ 296s ] thds: 32 tps: 2627.91 qps: 74779.55 (r/w/o: 34425.37/35098.35/5255.83) lat (ms,95%): 27.17 err/s: 0.00 reconn/s: 0.00
[ 298s ] thds: 32 tps: 2680.25 qps: 78744.30 (r/w/o: 36264.86/37118.94/5360.50) lat (ms,95%): 25.74 err/s: 0.00 reconn/s: 0.00
[ 300s ] thds: 32 tps: 2876.32 qps: 81502.39 (r/w/o: 37468.65/38281.10/5752.64) lat (ms,95%): 23.95 err/s: 0.00 reconn/s: 0.00
SQL statistics:
    queries performed:
        read:                            11080765
        write:                           11333301
        other:                           1660008
        total:                           24074074
    transactions:                        829972 (2766.34 per sec.)
    queries:                             24074074 (80240.21 per sec.)
    ignored errors:                      4      (0.01 per sec.)
    reconnects:                          0      (0.00 per sec.)

Throughput:
    events/s (eps):                      2766.3421
    time elapsed:                        300.0251s
    total number of events:              829972

Latency (ms):
         min:                                    0.36
         avg:                                   11.56
         max:                                  763.63
         95th percentile:                       24.83
         sum:                              9598418.46

Threads fairness:
    events (avg/stddev):           25936.6250/1098.14
    execution time (avg/stddev):   299.9506/0.01

sysbench 1.1.0 (using bundled LuaJIT 2.1.0-beta3)

Running the test with following options:
Number of threads: 64
Report intermediate results every 2 second(s)
Initializing random number generator from current time


Initializing worker threads...

** Using FOR UPDATE : 1
** FORCE_PRIMARY : 0
** FORCE_NULL : 0
=> Using SESSION ops: 
Threads started!

[ 2s ] thds: 64 tps: 2906.14 qps: 86370.54 (r/w/o: 39741.43/40720.96/5908.14) lat (ms,95%): 51.94 err/s: 0.00 reconn/s: 0.00
[ 4s ] thds: 64 tps: 3046.48 qps: 88295.41 (r/w/o: 40606.06/41597.89/6091.46) lat (ms,95%): 51.94 err/s: 0.00 reconn/s: 0.00
[ 6s ] thds: 64 tps: 3059.57 qps: 88016.59 (r/w/o: 40487.96/41407.98/6120.65) lat (ms,95%): 51.02 err/s: 0.00 reconn/s: 0.00
[ 8s ] thds: 64 tps: 2979.46 qps: 87126.00 (r/w/o: 40119.22/41047.86/5958.92) lat (ms,95%): 49.21 err/s: 0.00 reconn/s: 0.00
[ 10s ] thds: 64 tps: 2731.36 qps: 79027.98 (r/w/o: 36340.65/37225.11/5462.22) lat (ms,95%): 55.82 err/s: 0.00 reconn/s: 0.00
[ 12s ] thds: 64 tps: 2884.67 qps: 83726.51 (r/w/o: 38542.30/39414.86/5769.34) lat (ms,95%): 50.11 err/s: 0.00 reconn/s: 0.00
[ 14s ] thds: 64 tps: 2932.93 qps: 84389.49 (r/w/o: 38846.07/39677.05/5866.36) lat (ms,95%): 52.89 err/s: 0.00 reconn/s: 0.00
[ 16s ] thds: 64 tps: 2865.57 qps: 83973.60 (r/w/o: 38636.31/39607.15/5730.15) lat (ms,95%): 52.89 err/s: 0.00 reconn/s: 0.00
[ 18s ] thds: 64 tps: 2920.52 qps: 84165.05 (r/w/o: 38747.75/39575.75/5841.55) lat (ms,95%): 51.02 err/s: 0.00 reconn/s: 0.00
[ 20s ] thds: 64 tps: 3009.00 qps: 87525.13 (r/w/o: 40329.56/41177.56/6018.01) lat (ms,95%): 58.92 err/s: 0.00 reconn/s: 0.00
[ 22s ] thds: 64 tps: 2887.99 qps: 84128.20 (r/w/o: 38702.69/39649.03/5776.48) lat (ms,95%): 68.05 err/s: 0.00 reconn/s: 0.00
[ 24s ] thds: 64 tps: 3005.52 qps: 87479.37 (r/w/o: 40281.11/41187.71/6010.55) lat (ms,95%): 57.87 err/s: 0.00 reconn/s: 0.00
[ 26s ] thds: 64 tps: 3034.27 qps: 86734.45 (r/w/o: 39896.49/40768.93/6069.04) lat (ms,95%): 64.47 err/s: 0.00 reconn/s: 0.00
[ 28s ] thds: 64 tps: 2961.86 qps: 87545.85 (r/w/o: 40313.59/41308.54/5923.72) lat (ms,95%): 63.32 err/s: 0.00 reconn/s: 0.00
[ 30s ] thds: 64 tps: 3079.92 qps: 88442.92 (r/w/o: 40723.49/41560.10/6159.33) lat (ms,95%): 59.99 err/s: 0.00 reconn/s: 0.00
[ 32s ] thds: 64 tps: 2894.07 qps: 84743.77 (r/w/o: 39019.64/39937.00/5787.13) lat (ms,95%): 66.84 err/s: 0.00 reconn/s: 0.00
[ 34s ] thds: 64 tps: 3044.43 qps: 87215.91 (r/w/o: 40134.21/40991.33/6090.37) lat (ms,95%): 59.99 err/s: 0.00 reconn/s: 0.00
[ 36s ] thds: 64 tps: 3040.45 qps: 87513.51 (r/w/o: 40291.31/41141.80/6080.40) lat (ms,95%): 59.99 err/s: 0.00 reconn/s: 0.00
[ 38s ] thds: 64 tps: 3002.06 qps: 87955.16 (r/w/o: 40528.77/41422.28/6004.11) lat (ms,95%): 57.87 err/s: 0.00 reconn/s: 0.00
[ 40s ] thds: 64 tps: 3005.51 qps: 86546.76 (r/w/o: 39878.62/40657.12/6011.02) lat (ms,95%): 64.47 err/s: 0.00 reconn/s: 0.00
[ 42s ] thds: 64 tps: 2879.50 qps: 84453.37 (r/w/o: 38919.94/39773.94/5759.49) lat (ms,95%): 58.92 err/s: 0.00 reconn/s: 0.00
[ 44s ] thds: 64 tps: 3023.53 qps: 86702.43 (r/w/o: 39823.93/40831.44/6047.07) lat (ms,95%): 58.92 err/s: 0.00 reconn/s: 0.00
[ 46s ] thds: 64 tps: 2978.54 qps: 86624.24 (r/w/o: 39924.07/40743.08/5957.09) lat (ms,95%): 56.84 err/s: 0.00 reconn/s: 0.00
[ 48s ] thds: 64 tps: 3089.50 qps: 88087.02 (r/w/o: 40541.01/41367.51/6178.50) lat (ms,95%): 56.84 err/s: 0.00 reconn/s: 0.00
[ 50s ] thds: 64 tps: 3056.51 qps: 88237.47 (r/w/o: 40601.37/41523.57/6112.52) lat (ms,95%): 56.84 err/s: 0.00 reconn/s: 0.00
[ 52s ] thds: 64 tps: 2892.43 qps: 84750.17 (r/w/o: 39036.52/39928.80/5784.85) lat (ms,95%): 62.19 err/s: 0.00 reconn/s: 0.00
[ 54s ] thds: 64 tps: 2981.44 qps: 87799.67 (r/w/o: 40483.66/41353.14/5962.88) lat (ms,95%): 56.84 err/s: 0.00 reconn/s: 0.00
[ 56s ] thds: 64 tps: 3084.51 qps: 87662.24 (r/w/o: 40335.11/41157.11/6170.02) lat (ms,95%): 58.92 err/s: 0.00 reconn/s: 0.00
[ 58s ] thds: 64 tps: 2992.12 qps: 88070.18 (r/w/o: 40559.52/41526.91/5983.74) lat (ms,95%): 58.92 err/s: 0.00 reconn/s: 0.00
[ 60s ] thds: 64 tps: 3015.56 qps: 87823.96 (r/w/o: 40461.44/41330.89/6031.62) lat (ms,95%): 58.92 err/s: 0.00 reconn/s: 0.00
[ 62s ] thds: 64 tps: 2923.82 qps: 84598.38 (r/w/o: 38939.32/39812.42/5846.65) lat (ms,95%): 57.87 err/s: 0.00 reconn/s: 0.00
[ 64s ] thds: 64 tps: 2968.48 qps: 87599.04 (r/w/o: 40359.29/41301.78/5937.97) lat (ms,95%): 59.99 err/s: 0.00 reconn/s: 0.00
[ 66s ] thds: 64 tps: 3059.08 qps: 87354.71 (r/w/o: 40140.32/41096.23/6118.16) lat (ms,95%): 63.32 err/s: 0.00 reconn/s: 0.00
[ 68s ] thds: 64 tps: 3046.92 qps: 88226.62 (r/w/o: 40654.13/41479.65/6092.84) lat (ms,95%): 56.84 err/s: 0.00 reconn/s: 0.00
[ 70s ] thds: 64 tps: 3028.52 qps: 88345.19 (r/w/o: 40631.82/41655.33/6058.05) lat (ms,95%): 57.87 err/s: 0.00 reconn/s: 0.00
[ 72s ] thds: 64 tps: 2843.96 qps: 83659.31 (r/w/o: 38527.45/39443.94/5687.92) lat (ms,95%): 62.19 err/s: 0.00 reconn/s: 0.00
[ 74s ] thds: 64 tps: 2979.90 qps: 87667.12 (r/w/o: 40340.17/41368.14/5958.80) lat (ms,95%): 58.92 err/s: 0.00 reconn/s: 0.00
[ 76s ] thds: 64 tps: 3016.11 qps: 87406.70 (r/w/o: 40220.47/41153.01/6033.22) lat (ms,95%): 55.82 err/s: 0.00 reconn/s: 0.00
[ 78s ] thds: 64 tps: 2956.94 qps: 86654.02 (r/w/o: 39878.91/40861.73/5913.38) lat (ms,95%): 49.21 err/s: 0.00 reconn/s: 0.00
[ 80s ] thds: 64 tps: 2921.55 qps: 85666.04 (r/w/o: 39470.12/40353.83/5842.09) lat (ms,95%): 51.02 err/s: 0.00 reconn/s: 0.00
[ 82s ] thds: 64 tps: 2798.45 qps: 80519.23 (r/w/o: 36976.16/37944.66/5598.40) lat (ms,95%): 53.85 err/s: 0.00 reconn/s: 0.00
[ 84s ] thds: 64 tps: 2853.50 qps: 82808.05 (r/w/o: 38122.52/38980.02/5705.50) lat (ms,95%): 51.94 err/s: 0.00 reconn/s: 0.00
[ 86s ] thds: 64 tps: 2915.79 qps: 84238.31 (r/w/o: 38806.15/39599.09/5833.07) lat (ms,95%): 52.89 err/s: 0.00 reconn/s: 0.00
[ 88s ] thds: 64 tps: 2997.23 qps: 85512.68 (r/w/o: 39316.57/40201.64/5994.47) lat (ms,95%): 51.94 err/s: 0.00 reconn/s: 0.00
[ 90s ] thds: 64 tps: 2902.02 qps: 85519.16 (r/w/o: 39355.08/40360.54/5803.54) lat (ms,95%): 53.85 err/s: 0.00 reconn/s: 0.00
[ 92s ] thds: 64 tps: 2788.90 qps: 81483.27 (r/w/o: 37530.54/38374.92/5577.80) lat (ms,95%): 53.85 err/s: 0.00 reconn/s: 0.00
[ 94s ] thds: 64 tps: 2957.97 qps: 86328.51 (r/w/o: 39775.54/40638.53/5914.43) lat (ms,95%): 51.02 err/s: 0.00 reconn/s: 0.00
[ 96s ] thds: 64 tps: 2909.73 qps: 84890.54 (r/w/o: 39028.34/40041.74/5820.45) lat (ms,95%): 50.11 err/s: 0.00 reconn/s: 0.00
[ 98s ] thds: 64 tps: 2891.79 qps: 83606.36 (r/w/o: 38462.35/39360.94/5783.08) lat (ms,95%): 54.83 err/s: 0.00 reconn/s: 0.00
[ 100s ] thds: 64 tps: 2939.39 qps: 85511.42 (r/w/o: 39434.58/40196.55/5880.29) lat (ms,95%): 50.11 err/s: 0.00 reconn/s: 0.00
[ 102s ] thds: 64 tps: 2805.85 qps: 82532.16 (r/w/o: 37964.50/38955.95/5611.71) lat (ms,95%): 52.89 err/s: 0.00 reconn/s: 0.00
[ 104s ] thds: 64 tps: 2764.37 qps: 79859.25 (r/w/o: 36756.27/37574.73/5528.24) lat (ms,95%): 61.08 err/s: 0.00 reconn/s: 0.00
[ 106s ] thds: 64 tps: 2843.67 qps: 83834.09 (r/w/o: 38574.34/39572.40/5687.35) lat (ms,95%): 52.89 err/s: 0.00 reconn/s: 0.00
[ 108s ] thds: 64 tps: 2890.31 qps: 85210.96 (r/w/o: 39132.45/40297.88/5780.62) lat (ms,95%): 52.89 err/s: 0.00 reconn/s: 0.00
[ 110s ] thds: 64 tps: 2940.37 qps: 85526.15 (r/w/o: 39319.40/40325.52/5881.23) lat (ms,95%): 51.02 err/s: 0.00 reconn/s: 0.00
[ 112s ] thds: 64 tps: 2814.47 qps: 82311.52 (r/w/o: 37839.05/38843.54/5628.93) lat (ms,95%): 53.85 err/s: 0.00 reconn/s: 0.00
[ 114s ] thds: 64 tps: 2905.56 qps: 84283.12 (r/w/o: 38763.24/39710.76/5809.11) lat (ms,95%): 51.94 err/s: 0.00 reconn/s: 0.00
[ 116s ] thds: 64 tps: 2973.79 qps: 85405.51 (r/w/o: 39267.25/40190.18/5948.08) lat (ms,95%): 51.02 err/s: 0.00 reconn/s: 0.00
[ 118s ] thds: 64 tps: 3013.23 qps: 85912.42 (r/w/o: 39597.46/40287.51/6027.45) lat (ms,95%): 50.11 err/s: 0.00 reconn/s: 0.00
[ 120s ] thds: 64 tps: 3020.82 qps: 86743.34 (r/w/o: 40030.12/40671.08/6042.14) lat (ms,95%): 47.47 err/s: 0.00 reconn/s: 0.00
[ 122s ] thds: 64 tps: 2925.11 qps: 83620.16 (r/w/o: 38488.95/39280.98/5850.22) lat (ms,95%): 51.02 err/s: 0.00 reconn/s: 0.00
[ 124s ] thds: 64 tps: 2733.83 qps: 79122.58 (r/w/o: 36458.24/37196.69/5467.66) lat (ms,95%): 59.99 err/s: 0.00 reconn/s: 0.00
[ 126s ] thds: 64 tps: 2983.33 qps: 85574.71 (r/w/o: 39389.79/40218.25/5966.67) lat (ms,95%): 51.02 err/s: 0.00 reconn/s: 0.00
[ 128s ] thds: 64 tps: 2957.23 qps: 85226.08 (r/w/o: 39240.53/40071.09/5914.46) lat (ms,95%): 51.02 err/s: 0.00 reconn/s: 0.00
[ 130s ] thds: 64 tps: 2728.08 qps: 78732.70 (r/w/o: 36228.51/37048.03/5456.15) lat (ms,95%): 55.82 err/s: 0.00 reconn/s: 0.00
[ 132s ] thds: 64 tps: 2649.55 qps: 75969.42 (r/w/o: 34950.15/35720.17/5299.10) lat (ms,95%): 62.19 err/s: 0.00 reconn/s: 0.00
[ 134s ] thds: 64 tps: 2957.51 qps: 85877.29 (r/w/o: 39556.13/40406.14/5915.02) lat (ms,95%): 51.02 err/s: 0.00 reconn/s: 0.00
[ 136s ] thds: 64 tps: 2947.37 qps: 85798.77 (r/w/o: 39463.28/40441.24/5894.24) lat (ms,95%): 51.94 err/s: 0.00 reconn/s: 0.00
[ 138s ] thds: 64 tps: 2887.65 qps: 86186.85 (r/w/o: 39691.01/40720.53/5775.31) lat (ms,95%): 50.11 err/s: 0.00 reconn/s: 0.00
[ 140s ] thds: 64 tps: 3010.11 qps: 85613.38 (r/w/o: 39362.99/40229.67/6020.72) lat (ms,95%): 49.21 err/s: 0.00 reconn/s: 0.00
[ 142s ] thds: 64 tps: 2827.36 qps: 83216.42 (r/w/o: 38315.71/39245.99/5654.73) lat (ms,95%): 52.89 err/s: 0.00 reconn/s: 0.00
[ 144s ] thds: 64 tps: 749.02 qps: 21621.07 (r/w/o: 9968.26/10154.77/1498.04) lat (ms,95%): 262.64 err/s: 0.00 reconn/s: 0.00
[ 146s ] thds: 64 tps: 1187.45 qps: 34898.95 (r/w/o: 16032.29/16491.77/2374.89) lat (ms,95%): 186.54 err/s: 0.00 reconn/s: 0.00
[ 148s ] thds: 64 tps: 1179.75 qps: 35057.57 (r/w/o: 16162.08/16536.00/2359.50) lat (ms,95%): 183.21 err/s: 0.00 reconn/s: 0.00
[ 150s ] thds: 64 tps: 2225.30 qps: 63299.99 (r/w/o: 29018.39/29833.00/4448.60) lat (ms,95%): 94.10 err/s: 0.00 reconn/s: 0.00
[ 152s ] thds: 64 tps: 2940.17 qps: 85491.00 (r/w/o: 39388.62/40220.03/5882.35) lat (ms,95%): 49.21 err/s: 0.00 reconn/s: 0.00
[ 154s ] thds: 64 tps: 3001.36 qps: 87053.03 (r/w/o: 40029.34/41020.97/6002.73) lat (ms,95%): 47.47 err/s: 0.00 reconn/s: 0.00
[ 156s ] thds: 64 tps: 3059.84 qps: 87711.16 (r/w/o: 40352.23/41241.26/6117.67) lat (ms,95%): 49.21 err/s: 0.00 reconn/s: 0.00
[ 158s ] thds: 64 tps: 3001.27 qps: 86326.42 (r/w/o: 39705.47/40616.40/6004.54) lat (ms,95%): 52.89 err/s: 0.00 reconn/s: 0.00
[ 160s ] thds: 64 tps: 2920.46 qps: 86077.44 (r/w/o: 39613.01/40626.50/5837.93) lat (ms,95%): 51.94 err/s: 0.00 reconn/s: 0.00
[ 162s ] thds: 64 tps: 2803.17 qps: 83641.51 (r/w/o: 38577.31/39456.36/5607.84) lat (ms,95%): 53.85 err/s: 0.00 reconn/s: 0.00
[ 164s ] thds: 64 tps: 2936.06 qps: 86315.38 (r/w/o: 39750.37/40692.39/5872.63) lat (ms,95%): 51.02 err/s: 0.00 reconn/s: 0.00
[ 166s ] thds: 64 tps: 2827.07 qps: 82858.01 (r/w/o: 38194.93/39007.95/5655.14) lat (ms,95%): 51.94 err/s: 0.00 reconn/s: 0.00
[ 168s ] thds: 64 tps: 2955.97 qps: 85298.68 (r/w/o: 39240.62/40146.11/5911.94) lat (ms,95%): 49.21 err/s: 0.00 reconn/s: 0.00
[ 170s ] thds: 64 tps: 2961.32 qps: 87269.47 (r/w/o: 40228.09/41118.73/5922.65) lat (ms,95%): 49.21 err/s: 0.00 reconn/s: 0.00
[ 172s ] thds: 64 tps: 2885.48 qps: 83514.01 (r/w/o: 38432.12/39310.94/5770.96) lat (ms,95%): 52.89 err/s: 0.00 reconn/s: 0.00
[ 174s ] thds: 64 tps: 2971.52 qps: 86919.96 (r/w/o: 40042.53/40935.39/5942.04) lat (ms,95%): 50.11 err/s: 0.00 reconn/s: 0.00
[ 176s ] thds: 64 tps: 2980.38 qps: 86197.49 (r/w/o: 39622.05/40613.68/5961.76) lat (ms,95%): 51.94 err/s: 0.00 reconn/s: 0.00
[ 178s ] thds: 64 tps: 2885.58 qps: 85253.67 (r/w/o: 39309.32/40175.69/5768.67) lat (ms,95%): 53.85 err/s: 0.00 reconn/s: 0.00
[ 180s ] thds: 64 tps: 2997.55 qps: 85776.38 (r/w/o: 39423.80/40355.47/5997.11) lat (ms,95%): 48.34 err/s: 0.00 reconn/s: 0.00
[ 182s ] thds: 64 tps: 2878.91 qps: 83551.50 (r/w/o: 38459.35/39335.82/5756.33) lat (ms,95%): 51.94 err/s: 0.00 reconn/s: 0.00
[ 184s ] thds: 64 tps: 2949.78 qps: 86110.46 (r/w/o: 39621.32/40587.08/5902.06) lat (ms,95%): 49.21 err/s: 0.00 reconn/s: 0.00
[ 186s ] thds: 64 tps: 2958.28 qps: 85900.51 (r/w/o: 39477.84/40507.11/5915.55) lat (ms,95%): 53.85 err/s: 0.00 reconn/s: 0.00
[ 188s ] thds: 64 tps: 2795.45 qps: 80267.14 (r/w/o: 36852.88/37823.36/5590.91) lat (ms,95%): 53.85 err/s: 0.00 reconn/s: 0.00
[ 190s ] thds: 64 tps: 2962.87 qps: 86538.89 (r/w/o: 39853.75/40758.91/5926.23) lat (ms,95%): 51.94 err/s: 0.00 reconn/s: 0.00
[ 192s ] thds: 64 tps: 2911.19 qps: 83728.21 (r/w/o: 38473.22/39432.61/5822.38) lat (ms,95%): 55.82 err/s: 0.00 reconn/s: 0.00
[ 194s ] thds: 64 tps: 2976.83 qps: 86021.02 (r/w/o: 39643.20/40424.16/5953.66) lat (ms,95%): 51.02 err/s: 0.00 reconn/s: 0.00
[ 196s ] thds: 64 tps: 3012.37 qps: 86433.89 (r/w/o: 39757.34/40654.30/6022.25) lat (ms,95%): 50.11 err/s: 0.00 reconn/s: 0.00
[ 198s ] thds: 64 tps: 2915.47 qps: 84701.05 (r/w/o: 39002.06/39866.55/5832.43) lat (ms,95%): 54.83 err/s: 0.00 reconn/s: 0.00
[ 200s ] thds: 64 tps: 2977.73 qps: 86584.25 (r/w/o: 39813.60/40814.18/5956.46) lat (ms,95%): 49.21 err/s: 0.00 reconn/s: 0.00
[ 202s ] thds: 64 tps: 2866.10 qps: 83421.36 (r/w/o: 38377.81/39311.35/5732.20) lat (ms,95%): 51.02 err/s: 0.00 reconn/s: 0.00
[ 204s ] thds: 64 tps: 2921.99 qps: 84811.79 (r/w/o: 39002.40/39965.90/5843.49) lat (ms,95%): 52.89 err/s: 0.00 reconn/s: 0.00
[ 206s ] thds: 64 tps: 2966.24 qps: 86023.05 (r/w/o: 39585.40/40504.67/5932.99) lat (ms,95%): 50.11 err/s: 0.00 reconn/s: 0.00
[ 208s ] thds: 64 tps: 2847.87 qps: 82882.85 (r/w/o: 38179.50/39007.61/5695.75) lat (ms,95%): 52.89 err/s: 0.00 reconn/s: 0.00
[ 210s ] thds: 64 tps: 2887.84 qps: 84991.63 (r/w/o: 39188.67/40027.27/5775.69) lat (ms,95%): 53.85 err/s: 0.00 reconn/s: 0.00
[ 212s ] thds: 64 tps: 2876.94 qps: 82707.37 (r/w/o: 38079.75/38873.73/5753.89) lat (ms,95%): 51.94 err/s: 0.00 reconn/s: 0.00
[ 214s ] thds: 64 tps: 2926.10 qps: 84519.92 (r/w/o: 38899.84/39767.87/5852.20) lat (ms,95%): 51.94 err/s: 0.00 reconn/s: 0.00
[ 216s ] thds: 64 tps: 2910.82 qps: 85233.84 (r/w/o: 39320.82/40091.37/5821.64) lat (ms,95%): 53.85 err/s: 0.00 reconn/s: 0.00
[ 218s ] thds: 64 tps: 2904.74 qps: 85000.89 (r/w/o: 39154.44/40037.47/5808.98) lat (ms,95%): 52.89 err/s: 0.00 reconn/s: 0.00
[ 220s ] thds: 64 tps: 2782.38 qps: 80440.06 (r/w/o: 37004.92/37869.88/5565.26) lat (ms,95%): 53.85 err/s: 0.00 reconn/s: 0.00
[ 222s ] thds: 64 tps: 2776.67 qps: 80976.77 (r/w/o: 37297.52/38126.42/5552.83) lat (ms,95%): 59.99 err/s: 0.00 reconn/s: 0.00
[ 224s ] thds: 64 tps: 2889.52 qps: 83955.51 (r/w/o: 38685.74/39490.24/5779.54) lat (ms,95%): 55.82 err/s: 0.00 reconn/s: 0.00
[ 226s ] thds: 64 tps: 2966.15 qps: 84496.38 (r/w/o: 38844.51/39719.56/5932.31) lat (ms,95%): 54.83 err/s: 0.00 reconn/s: 0.00
[ 228s ] thds: 64 tps: 2773.55 qps: 78995.97 (r/w/o: 36348.18/37100.69/5547.10) lat (ms,95%): 57.87 err/s: 0.00 reconn/s: 0.00
[ 230s ] thds: 64 tps: 2904.11 qps: 84132.08 (r/w/o: 38769.92/39553.95/5808.21) lat (ms,95%): 52.89 err/s: 0.00 reconn/s: 0.00
[ 232s ] thds: 64 tps: 2828.53 qps: 82173.95 (r/w/o: 37859.94/38657.45/5656.57) lat (ms,95%): 53.85 err/s: 0.00 reconn/s: 0.00
[ 234s ] thds: 64 tps: 2936.98 qps: 84391.33 (r/w/o: 38825.69/39691.69/5873.95) lat (ms,95%): 52.89 err/s: 0.00 reconn/s: 0.00
[ 236s ] thds: 64 tps: 2888.91 qps: 85080.23 (r/w/o: 39121.73/40180.19/5778.31) lat (ms,95%): 55.82 err/s: 0.00 reconn/s: 0.00
[ 238s ] thds: 64 tps: 2962.06 qps: 84566.21 (r/w/o: 38836.79/39805.81/5923.62) lat (ms,95%): 52.89 err/s: 0.00 reconn/s: 0.00
[ 240s ] thds: 64 tps: 3004.11 qps: 85924.28 (r/w/o: 39468.00/40447.54/6008.73) lat (ms,95%): 51.02 err/s: 0.00 reconn/s: 0.00
[ 242s ] thds: 64 tps: 2818.35 qps: 81886.53 (r/w/o: 37641.61/38608.72/5636.20) lat (ms,95%): 54.83 err/s: 0.00 reconn/s: 0.00
[ 244s ] thds: 64 tps: 2949.45 qps: 85972.17 (r/w/o: 39580.24/40492.53/5899.40) lat (ms,95%): 51.02 err/s: 0.00 reconn/s: 0.00
[ 246s ] thds: 64 tps: 2974.54 qps: 85956.32 (r/w/o: 39567.43/40439.80/5949.09) lat (ms,95%): 51.02 err/s: 0.00 reconn/s: 0.00
[ 248s ] thds: 64 tps: 2787.19 qps: 80703.86 (r/w/o: 37205.16/37924.83/5573.87) lat (ms,95%): 61.08 err/s: 0.00 reconn/s: 0.00
[ 250s ] thds: 64 tps: 2954.25 qps: 85358.25 (r/w/o: 39264.17/40185.09/5909.00) lat (ms,95%): 50.11 err/s: 0.00 reconn/s: 0.00
[ 252s ] thds: 64 tps: 2804.17 qps: 82418.88 (r/w/o: 37930.75/38880.30/5607.83) lat (ms,95%): 54.83 err/s: 0.00 reconn/s: 0.00
[ 254s ] thds: 64 tps: 2937.03 qps: 85288.81 (r/w/o: 39183.37/40231.88/5873.56) lat (ms,95%): 51.94 err/s: 0.00 reconn/s: 0.00
[ 256s ] thds: 64 tps: 2966.97 qps: 86453.16 (r/w/o: 39821.62/40697.11/5934.44) lat (ms,95%): 51.02 err/s: 0.00 reconn/s: 0.00
[ 258s ] thds: 64 tps: 2893.51 qps: 84853.81 (r/w/o: 39112.64/39953.64/5787.52) lat (ms,95%): 54.83 err/s: 0.00 reconn/s: 0.00
[ 260s ] thds: 64 tps: 2926.38 qps: 85166.90 (r/w/o: 39175.34/40139.30/5852.25) lat (ms,95%): 51.02 err/s: 0.00 reconn/s: 0.00
[ 262s ] thds: 64 tps: 2812.74 qps: 81860.56 (r/w/o: 37703.08/38532.50/5624.99) lat (ms,95%): 52.89 err/s: 0.00 reconn/s: 0.00
[ 264s ] thds: 64 tps: 2991.92 qps: 86802.10 (r/w/o: 39954.07/40863.20/5984.83) lat (ms,95%): 48.34 err/s: 0.00 reconn/s: 0.00
[ 266s ] thds: 64 tps: 2968.00 qps: 87035.74 (r/w/o: 40036.97/41063.28/5935.49) lat (ms,95%): 48.34 err/s: 0.00 reconn/s: 0.00
[ 268s ] thds: 64 tps: 2824.02 qps: 82978.73 (r/w/o: 38198.59/39132.10/5648.04) lat (ms,95%): 52.89 err/s: 0.00 reconn/s: 0.00
[ 270s ] thds: 64 tps: 2888.83 qps: 84945.33 (r/w/o: 39138.03/40029.13/5778.17) lat (ms,95%): 51.02 err/s: 0.00 reconn/s: 0.00
[ 272s ] thds: 64 tps: 2800.54 qps: 82533.09 (r/w/o: 37951.50/38980.52/5601.07) lat (ms,95%): 55.82 err/s: 0.00 reconn/s: 0.00
[ 274s ] thds: 64 tps: 2867.89 qps: 84146.63 (r/w/o: 38766.45/39644.91/5735.27) lat (ms,95%): 53.85 err/s: 0.00 reconn/s: 0.00
[ 276s ] thds: 64 tps: 2877.47 qps: 84439.54 (r/w/o: 38897.88/39787.22/5754.45) lat (ms,95%): 53.85 err/s: 0.00 reconn/s: 0.00
[ 278s ] thds: 64 tps: 2883.61 qps: 84321.38 (r/w/o: 38790.23/39764.43/5766.72) lat (ms,95%): 53.85 err/s: 0.00 reconn/s: 0.00
[ 280s ] thds: 64 tps: 2933.54 qps: 86009.54 (r/w/o: 39644.98/40496.49/5868.07) lat (ms,95%): 51.94 err/s: 0.00 reconn/s: 0.00
[ 282s ] thds: 64 tps: 2776.36 qps: 81438.35 (r/w/o: 37543.59/38342.04/5552.72) lat (ms,95%): 54.83 err/s: 0.00 reconn/s: 0.00
[ 284s ] thds: 64 tps: 2946.15 qps: 84469.34 (r/w/o: 38904.50/39673.54/5891.30) lat (ms,95%): 50.11 err/s: 0.00 reconn/s: 0.00
[ 286s ] thds: 64 tps: 2703.60 qps: 78355.85 (r/w/o: 36023.98/36924.18/5407.70) lat (ms,95%): 57.87 err/s: 0.00 reconn/s: 0.00
[ 288s ] thds: 64 tps: 2920.76 qps: 84874.95 (r/w/o: 39137.01/39895.92/5842.02) lat (ms,95%): 51.94 err/s: 0.00 reconn/s: 0.00
[ 290s ] thds: 64 tps: 2886.18 qps: 84266.77 (r/w/o: 38829.75/39664.67/5772.36) lat (ms,95%): 50.11 err/s: 0.00 reconn/s: 0.00
[ 292s ] thds: 64 tps: 2792.00 qps: 81908.89 (r/w/o: 37724.45/38599.95/5584.49) lat (ms,95%): 54.83 err/s: 0.00 reconn/s: 0.00
[ 294s ] thds: 64 tps: 2811.45 qps: 83471.94 (r/w/o: 38420.28/39429.26/5622.39) lat (ms,95%): 55.82 err/s: 0.00 reconn/s: 0.00
[ 296s ] thds: 64 tps: 2883.03 qps: 84936.28 (r/w/o: 39134.36/40035.37/5766.55) lat (ms,95%): 53.85 err/s: 0.00 reconn/s: 0.00
[ 298s ] thds: 64 tps: 2899.00 qps: 84500.06 (r/w/o: 38944.53/39758.53/5797.00) lat (ms,95%): 57.87 err/s: 0.00 reconn/s: 0.00
[ 300s ] thds: 64 tps: 2916.81 qps: 85799.93 (r/w/o: 39550.83/40419.98/5829.12) lat (ms,95%): 50.11 err/s: 0.00 reconn/s: 0.00
SQL statistics:
    queries performed:
        read:                            11548276
        write:                           11813415
        other:                           1726616
        total:                           25088307
    transactions:                        863244 (2877.22 per sec.)
    queries:                             25088307 (83620.17 per sec.)
    ignored errors:                      0      (0.00 per sec.)
    reconnects:                          0      (0.00 per sec.)

Throughput:
    events/s (eps):                      2877.2214
    time elapsed:                        300.0270s
    total number of events:              863244

Latency (ms):
         min:                                    0.42
         avg:                                   22.24
         max:                                  597.57
         95th percentile:                       54.83
         sum:                             19198052.52

Threads fairness:
    events (avg/stddev):           13488.1875/197.38
    execution time (avg/stddev):   299.9696/0.01

sysbench 1.1.0 (using bundled LuaJIT 2.1.0-beta3)

Running the test with following options:
Number of threads: 128
Report intermediate results every 2 second(s)
Initializing random number generator from current time


Initializing worker threads...

** Using FOR UPDATE : 1
** FORCE_PRIMARY : 0
** FORCE_NULL : 0
=> Using SESSION ops: 
Threads started!

[ 2s ] thds: 128 tps: 2889.01 qps: 84787.88 (r/w/o: 38933.45/39887.06/5967.36) lat (ms,95%): 142.39 err/s: 0.00 reconn/s: 0.00
[ 4s ] thds: 128 tps: 2758.77 qps: 80898.26 (r/w/o: 37253.90/38126.32/5518.04) lat (ms,95%): 139.85 err/s: 0.00 reconn/s: 0.00
[ 6s ] thds: 128 tps: 2938.30 qps: 83518.57 (r/w/o: 38385.44/39256.53/5876.60) lat (ms,95%): 132.49 err/s: 0.00 reconn/s: 0.00
[ 8s ] thds: 128 tps: 2882.50 qps: 84410.21 (r/w/o: 38829.20/39816.53/5764.49) lat (ms,95%): 153.02 err/s: 0.00 reconn/s: 0.00
[ 10s ] thds: 128 tps: 2878.05 qps: 84682.60 (r/w/o: 39009.24/39917.75/5755.61) lat (ms,95%): 155.80 err/s: 0.00 reconn/s: 0.00
[ 12s ] thds: 128 tps: 2876.99 qps: 84739.96 (r/w/o: 38998.58/39987.40/5753.98) lat (ms,95%): 147.61 err/s: 0.00 reconn/s: 0.00
[ 14s ] thds: 128 tps: 2968.23 qps: 86526.43 (r/w/o: 39855.42/40733.55/5937.46) lat (ms,95%): 179.94 err/s: 0.00 reconn/s: 0.00
[ 16s ] thds: 128 tps: 2945.77 qps: 84334.08 (r/w/o: 38803.95/39638.59/5891.55) lat (ms,95%): 161.51 err/s: 0.00 reconn/s: 0.00
[ 18s ] thds: 128 tps: 2879.55 qps: 83114.31 (r/w/o: 38244.10/39111.12/5759.09) lat (ms,95%): 144.97 err/s: 0.00 reconn/s: 0.00
[ 20s ] thds: 128 tps: 2878.75 qps: 85347.22 (r/w/o: 39392.64/40198.07/5756.51) lat (ms,95%): 150.29 err/s: 0.00 reconn/s: 0.00
[ 22s ] thds: 128 tps: 2989.15 qps: 85788.30 (r/w/o: 39463.98/40345.52/5978.80) lat (ms,95%): 186.54 err/s: 0.00 reconn/s: 0.00
[ 24s ] thds: 128 tps: 2956.49 qps: 85721.33 (r/w/o: 39441.25/40366.59/5913.49) lat (ms,95%): 183.21 err/s: 0.00 reconn/s: 0.00
[ 26s ] thds: 128 tps: 2876.07 qps: 83884.46 (r/w/o: 38573.40/39560.42/5750.63) lat (ms,95%): 155.80 err/s: 0.00 reconn/s: 0.00
[ 28s ] thds: 128 tps: 2908.47 qps: 83953.64 (r/w/o: 38673.28/39463.41/5816.94) lat (ms,95%): 155.80 err/s: 0.00 reconn/s: 0.00
[ 30s ] thds: 128 tps: 2977.32 qps: 86059.31 (r/w/o: 39599.94/40504.23/5955.14) lat (ms,95%): 155.80 err/s: 0.00 reconn/s: 0.00
[ 32s ] thds: 128 tps: 2955.84 qps: 86228.93 (r/w/o: 39715.09/40601.15/5912.69) lat (ms,95%): 150.29 err/s: 0.00 reconn/s: 0.00
[ 34s ] thds: 128 tps: 2887.31 qps: 84282.09 (r/w/o: 38797.64/39710.34/5774.11) lat (ms,95%): 153.02 err/s: 0.00 reconn/s: 0.00
[ 36s ] thds: 128 tps: 2895.93 qps: 84626.83 (r/w/o: 38975.50/39858.98/5792.35) lat (ms,95%): 158.63 err/s: 0.00 reconn/s: 0.00
[ 38s ] thds: 128 tps: 2857.94 qps: 83023.79 (r/w/o: 38220.86/39087.54/5715.39) lat (ms,95%): 164.45 err/s: 0.00 reconn/s: 0.00
[ 40s ] thds: 128 tps: 2904.53 qps: 84276.34 (r/w/o: 38803.74/39665.04/5807.56) lat (ms,95%): 158.63 err/s: 0.00 reconn/s: 0.00
[ 42s ] thds: 128 tps: 2929.52 qps: 86124.40 (r/w/o: 39636.01/40627.35/5861.04) lat (ms,95%): 147.61 err/s: 0.00 reconn/s: 0.00
[ 44s ] thds: 128 tps: 2906.33 qps: 83866.88 (r/w/o: 38577.32/39477.92/5811.65) lat (ms,95%): 223.34 err/s: 0.00 reconn/s: 0.00
[ 46s ] thds: 128 tps: 2904.62 qps: 84006.84 (r/w/o: 38611.03/39585.57/5810.23) lat (ms,95%): 176.73 err/s: 0.00 reconn/s: 0.00
[ 48s ] thds: 128 tps: 2873.89 qps: 83760.23 (r/w/o: 38644.99/39368.96/5746.28) lat (ms,95%): 196.89 err/s: 0.00 reconn/s: 0.00
[ 50s ] thds: 128 tps: 2914.19 qps: 85010.52 (r/w/o: 39058.54/40122.61/5829.38) lat (ms,95%): 167.44 err/s: 0.00 reconn/s: 0.00
[ 52s ] thds: 128 tps: 2982.55 qps: 85841.96 (r/w/o: 39497.67/40378.69/5965.60) lat (ms,95%): 164.45 err/s: 0.00 reconn/s: 0.00
[ 54s ] thds: 128 tps: 2953.36 qps: 84521.54 (r/w/o: 38912.18/39702.64/5906.72) lat (ms,95%): 153.02 err/s: 0.00 reconn/s: 0.00
[ 56s ] thds: 128 tps: 2932.90 qps: 84557.24 (r/w/o: 38945.23/39746.20/5865.81) lat (ms,95%): 164.45 err/s: 0.00 reconn/s: 0.00
[ 58s ] thds: 128 tps: 2845.08 qps: 82243.23 (r/w/o: 37820.86/38733.22/5689.15) lat (ms,95%): 155.80 err/s: 0.00 reconn/s: 0.00
[ 60s ] thds: 128 tps: 2885.60 qps: 84655.36 (r/w/o: 38955.15/39928.51/5771.71) lat (ms,95%): 167.44 err/s: 0.00 reconn/s: 0.00
[ 62s ] thds: 128 tps: 2946.06 qps: 86069.85 (r/w/o: 39612.20/40565.54/5892.11) lat (ms,95%): 161.51 err/s: 0.00 reconn/s: 0.00
[ 64s ] thds: 128 tps: 2898.34 qps: 84447.39 (r/w/o: 38873.88/39776.83/5796.68) lat (ms,95%): 155.80 err/s: 0.00 reconn/s: 0.00
[ 66s ] thds: 128 tps: 2974.64 qps: 85289.46 (r/w/o: 39275.32/40064.86/5949.28) lat (ms,95%): 176.73 err/s: 0.00 reconn/s: 0.00
[ 68s ] thds: 128 tps: 2919.68 qps: 83615.61 (r/w/o: 38442.08/39333.68/5839.85) lat (ms,95%): 207.82 err/s: 0.00 reconn/s: 0.00
[ 70s ] thds: 128 tps: 2931.84 qps: 85525.95 (r/w/o: 39317.41/40345.88/5862.67) lat (ms,95%): 137.35 err/s: 0.00 reconn/s: 0.00
[ 72s ] thds: 128 tps: 2911.98 qps: 84371.55 (r/w/o: 38861.94/39686.65/5822.97) lat (ms,95%): 134.90 err/s: 0.00 reconn/s: 0.00
[ 74s ] thds: 128 tps: 2824.94 qps: 82285.75 (r/w/o: 37882.04/38752.83/5650.87) lat (ms,95%): 125.52 err/s: 0.00 reconn/s: 0.00
[ 76s ] thds: 128 tps: 2797.70 qps: 82773.40 (r/w/o: 38109.73/39067.28/5596.39) lat (ms,95%): 155.80 err/s: 0.00 reconn/s: 0.00
[ 78s ] thds: 128 tps: 2816.83 qps: 80248.26 (r/w/o: 36929.94/37685.16/5633.17) lat (ms,95%): 150.29 err/s: 0.00 reconn/s: 0.00
[ 80s ] thds: 128 tps: 2852.27 qps: 82757.38 (r/w/o: 38124.55/38928.28/5704.55) lat (ms,95%): 147.61 err/s: 0.00 reconn/s: 0.00
[ 82s ] thds: 128 tps: 2804.71 qps: 79813.39 (r/w/o: 36710.03/37493.93/5609.42) lat (ms,95%): 155.80 err/s: 0.00 reconn/s: 0.00
[ 84s ] thds: 128 tps: 2851.88 qps: 82266.11 (r/w/o: 37876.94/38685.90/5703.26) lat (ms,95%): 164.45 err/s: 0.00 reconn/s: 0.00
[ 86s ] thds: 128 tps: 2825.21 qps: 82308.59 (r/w/o: 37901.45/38756.71/5650.43) lat (ms,95%): 161.51 err/s: 0.00 reconn/s: 0.00
[ 88s ] thds: 128 tps: 2704.42 qps: 79896.18 (r/w/o: 36777.51/37708.83/5409.84) lat (ms,95%): 158.63 err/s: 0.00 reconn/s: 0.00
[ 90s ] thds: 128 tps: 2905.42 qps: 83808.23 (r/w/o: 38533.12/39465.77/5809.33) lat (ms,95%): 144.97 err/s: 0.00 reconn/s: 0.00
[ 92s ] thds: 128 tps: 2955.83 qps: 84068.30 (r/w/o: 38658.27/39497.37/5912.65) lat (ms,95%): 125.52 err/s: 0.00 reconn/s: 0.00
[ 94s ] thds: 128 tps: 2818.14 qps: 82346.31 (r/w/o: 37900.66/38808.86/5636.79) lat (ms,95%): 139.85 err/s: 0.00 reconn/s: 0.00
[ 96s ] thds: 128 tps: 2857.71 qps: 82720.54 (r/w/o: 38053.94/38954.19/5712.41) lat (ms,95%): 139.85 err/s: 0.00 reconn/s: 0.00
[ 98s ] thds: 128 tps: 2828.32 qps: 81764.09 (r/w/o: 37614.85/38490.60/5658.63) lat (ms,95%): 142.39 err/s: 0.00 reconn/s: 0.00
[ 100s ] thds: 128 tps: 2763.00 qps: 78567.61 (r/w/o: 36059.05/36982.55/5526.01) lat (ms,95%): 179.94 err/s: 0.00 reconn/s: 0.00
[ 102s ] thds: 128 tps: 2804.34 qps: 81628.35 (r/w/o: 37620.36/38398.81/5609.18) lat (ms,95%): 158.63 err/s: 0.00 reconn/s: 0.00
[ 104s ] thds: 128 tps: 2844.84 qps: 82268.48 (r/w/o: 37853.92/38724.37/5690.19) lat (ms,95%): 155.80 err/s: 0.00 reconn/s: 0.00
[ 106s ] thds: 128 tps: 2845.78 qps: 83301.79 (r/w/o: 38405.32/39204.90/5691.57) lat (ms,95%): 153.02 err/s: 0.00 reconn/s: 0.00
[ 108s ] thds: 128 tps: 2790.75 qps: 81021.61 (r/w/o: 37236.61/38203.52/5581.49) lat (ms,95%): 153.02 err/s: 0.00 reconn/s: 0.00
[ 110s ] thds: 128 tps: 2797.71 qps: 82386.78 (r/w/o: 37951.89/38839.96/5594.93) lat (ms,95%): 170.48 err/s: 0.00 reconn/s: 0.00
[ 112s ] thds: 128 tps: 2849.54 qps: 83362.11 (r/w/o: 38425.01/39239.02/5698.08) lat (ms,95%): 183.21 err/s: 0.00 reconn/s: 0.00
[ 114s ] thds: 128 tps: 2757.86 qps: 81473.74 (r/w/o: 37541.04/38415.99/5516.71) lat (ms,95%): 176.73 err/s: 0.00 reconn/s: 0.00
[ 116s ] thds: 128 tps: 2832.12 qps: 82113.45 (r/w/o: 37776.92/38672.80/5663.74) lat (ms,95%): 170.48 err/s: 0.00 reconn/s: 0.00
[ 118s ] thds: 128 tps: 2776.58 qps: 80639.90 (r/w/o: 37089.77/37996.96/5553.16) lat (ms,95%): 150.29 err/s: 0.00 reconn/s: 0.00
[ 120s ] thds: 128 tps: 2717.69 qps: 78932.49 (r/w/o: 36347.35/37148.26/5436.88) lat (ms,95%): 139.85 err/s: 0.00 reconn/s: 0.00
[ 122s ] thds: 128 tps: 2856.92 qps: 84187.13 (r/w/o: 38831.91/39641.89/5713.34) lat (ms,95%): 158.63 err/s: 0.00 reconn/s: 0.00
[ 124s ] thds: 128 tps: 2824.36 qps: 82065.08 (r/w/o: 37713.36/38702.99/5648.73) lat (ms,95%): 144.97 err/s: 0.00 reconn/s: 0.00
[ 126s ] thds: 128 tps: 2897.98 qps: 82699.07 (r/w/o: 38083.30/38820.30/5795.47) lat (ms,95%): 139.85 err/s: 0.00 reconn/s: 0.00
[ 128s ] thds: 128 tps: 2786.97 qps: 80464.64 (r/w/o: 36962.60/37927.59/5574.44) lat (ms,95%): 153.02 err/s: 0.00 reconn/s: 0.00
[ 130s ] thds: 128 tps: 2833.09 qps: 81726.49 (r/w/o: 37621.15/38439.17/5666.17) lat (ms,95%): 147.61 err/s: 0.00 reconn/s: 0.00
[ 132s ] thds: 128 tps: 2867.22 qps: 84054.76 (r/w/o: 38776.70/39543.62/5734.44) lat (ms,95%): 186.54 err/s: 0.00 reconn/s: 0.00
[ 134s ] thds: 128 tps: 2811.32 qps: 81745.86 (r/w/o: 37628.31/38496.91/5620.64) lat (ms,95%): 142.39 err/s: 0.00 reconn/s: 0.00
[ 136s ] thds: 128 tps: 2844.46 qps: 82572.21 (r/w/o: 38001.23/38881.07/5689.91) lat (ms,95%): 167.44 err/s: 0.00 reconn/s: 0.00
[ 138s ] thds: 128 tps: 2740.88 qps: 80290.52 (r/w/o: 36934.57/37873.20/5482.75) lat (ms,95%): 147.61 err/s: 0.00 reconn/s: 0.00
[ 140s ] thds: 128 tps: 2703.76 qps: 79304.45 (r/w/o: 36560.96/37336.96/5406.52) lat (ms,95%): 161.51 err/s: 0.00 reconn/s: 0.00
[ 142s ] thds: 128 tps: 2744.80 qps: 80894.38 (r/w/o: 37306.70/38097.57/5490.10) lat (ms,95%): 158.63 err/s: 0.00 reconn/s: 0.00
[ 144s ] thds: 128 tps: 2792.56 qps: 81996.34 (r/w/o: 37761.03/38650.20/5585.11) lat (ms,95%): 150.29 err/s: 0.00 reconn/s: 0.00
[ 146s ] thds: 128 tps: 2840.98 qps: 82414.98 (r/w/o: 37971.76/38760.76/5682.46) lat (ms,95%): 147.61 err/s: 0.00 reconn/s: 0.00
[ 148s ] thds: 128 tps: 2759.49 qps: 80290.18 (r/w/o: 36968.85/37803.85/5517.48) lat (ms,95%): 150.29 err/s: 0.00 reconn/s: 0.00
[ 150s ] thds: 128 tps: 2891.66 qps: 82507.20 (r/w/o: 37934.49/38787.89/5784.81) lat (ms,95%): 137.35 err/s: 0.00 reconn/s: 0.00
[ 152s ] thds: 128 tps: 2888.85 qps: 82410.39 (r/w/o: 37978.56/38656.14/5775.69) lat (ms,95%): 155.80 err/s: 0.00 reconn/s: 0.00
[ 154s ] thds: 128 tps: 2823.07 qps: 82157.66 (r/w/o: 37820.50/38690.02/5647.15) lat (ms,95%): 167.44 err/s: 0.00 reconn/s: 0.00
[ 156s ] thds: 128 tps: 2747.00 qps: 80442.81 (r/w/o: 37065.05/37884.25/5493.51) lat (ms,95%): 139.85 err/s: 0.00 reconn/s: 0.00
[ 158s ] thds: 128 tps: 2772.43 qps: 80274.94 (r/w/o: 36968.90/37761.17/5544.86) lat (ms,95%): 144.97 err/s: 0.00 reconn/s: 0.00
[ 160s ] thds: 128 tps: 2856.96 qps: 81105.25 (r/w/o: 37314.48/38075.34/5715.43) lat (ms,95%): 139.85 err/s: 0.00 reconn/s: 0.00
[ 162s ] thds: 128 tps: 2787.04 qps: 81985.31 (r/w/o: 37737.78/38673.46/5574.08) lat (ms,95%): 173.58 err/s: 0.00 reconn/s: 0.00
[ 164s ] thds: 128 tps: 2872.05 qps: 82834.51 (r/w/o: 38171.20/38920.21/5743.10) lat (ms,95%): 167.44 err/s: 0.00 reconn/s: 0.00
[ 166s ] thds: 128 tps: 2815.34 qps: 82418.81 (r/w/o: 37996.37/38792.26/5630.18) lat (ms,95%): 155.80 err/s: 0.00 reconn/s: 0.00
[ 168s ] thds: 128 tps: 2807.42 qps: 79874.57 (r/w/o: 36705.08/37553.66/5615.84) lat (ms,95%): 134.90 err/s: 0.00 reconn/s: 0.00
[ 170s ] thds: 128 tps: 2795.11 qps: 82170.63 (r/w/o: 37913.14/38667.27/5590.22) lat (ms,95%): 147.61 err/s: 0.00 reconn/s: 0.00
[ 172s ] thds: 128 tps: 2784.38 qps: 81593.94 (r/w/o: 37559.12/38467.07/5567.76) lat (ms,95%): 142.39 err/s: 0.00 reconn/s: 0.00
[ 174s ] thds: 128 tps: 2823.66 qps: 81749.27 (r/w/o: 37652.20/38448.74/5648.33) lat (ms,95%): 153.02 err/s: 0.00 reconn/s: 0.00
[ 176s ] thds: 128 tps: 2794.54 qps: 81445.68 (r/w/o: 37463.54/38393.06/5589.08) lat (ms,95%): 147.61 err/s: 0.00 reconn/s: 0.00
[ 178s ] thds: 128 tps: 2777.58 qps: 80355.82 (r/w/o: 36947.07/37853.09/5555.66) lat (ms,95%): 150.29 err/s: 0.00 reconn/s: 0.00
[ 180s ] thds: 128 tps: 2711.68 qps: 77750.39 (r/w/o: 35787.80/36538.72/5423.86) lat (ms,95%): 137.35 err/s: 0.00 reconn/s: 0.00
[ 182s ] thds: 128 tps: 2850.76 qps: 82496.48 (r/w/o: 37974.94/38820.52/5701.02) lat (ms,95%): 150.29 err/s: 0.00 reconn/s: 0.00
[ 184s ] thds: 128 tps: 2850.73 qps: 82508.82 (r/w/o: 38015.46/38792.39/5700.97) lat (ms,95%): 153.02 err/s: 0.00 reconn/s: 0.00
[ 186s ] thds: 128 tps: 2743.72 qps: 79197.26 (r/w/o: 36413.38/37296.45/5487.43) lat (ms,95%): 144.97 err/s: 0.00 reconn/s: 0.00
[ 188s ] thds: 128 tps: 2790.81 qps: 82000.84 (r/w/o: 37707.73/38710.98/5582.13) lat (ms,95%): 155.80 err/s: 0.00 reconn/s: 0.00
[ 190s ] thds: 128 tps: 2813.18 qps: 82086.59 (r/w/o: 37839.16/38621.07/5626.36) lat (ms,95%): 179.94 err/s: 0.00 reconn/s: 0.00
[ 192s ] thds: 128 tps: 2855.04 qps: 83031.12 (r/w/o: 38240.37/39080.68/5710.07) lat (ms,95%): 167.44 err/s: 0.00 reconn/s: 0.00
[ 194s ] thds: 128 tps: 2812.48 qps: 82521.40 (r/w/o: 38010.22/38886.72/5624.46) lat (ms,95%): 179.94 err/s: 0.00 reconn/s: 0.00
[ 196s ] thds: 128 tps: 2734.46 qps: 79880.74 (r/w/o: 36766.42/37645.91/5468.41) lat (ms,95%): 161.51 err/s: 0.00 reconn/s: 0.00
[ 198s ] thds: 128 tps: 2771.90 qps: 81046.44 (r/w/o: 37365.59/38136.56/5544.29) lat (ms,95%): 150.29 err/s: 0.00 reconn/s: 0.00
[ 200s ] thds: 128 tps: 2652.53 qps: 78347.63 (r/w/o: 36061.62/36981.95/5304.06) lat (ms,95%): 173.58 err/s: 0.00 reconn/s: 0.00
[ 202s ] thds: 128 tps: 2818.58 qps: 83097.42 (r/w/o: 38266.61/39192.14/5638.66) lat (ms,95%): 134.90 err/s: 0.00 reconn/s: 0.00
[ 204s ] thds: 128 tps: 2834.04 qps: 82286.06 (r/w/o: 37849.16/38769.83/5667.07) lat (ms,95%): 144.97 err/s: 0.00 reconn/s: 0.00
[ 206s ] thds: 128 tps: 2746.96 qps: 79649.20 (r/w/o: 36722.72/37432.08/5494.41) lat (ms,95%): 158.63 err/s: 0.00 reconn/s: 0.00
[ 208s ] thds: 128 tps: 2909.09 qps: 81610.04 (r/w/o: 37516.10/38275.26/5818.68) lat (ms,95%): 130.13 err/s: 0.00 reconn/s: 0.00
[ 210s ] thds: 128 tps: 2773.50 qps: 81349.14 (r/w/o: 37482.06/38320.07/5547.01) lat (ms,95%): 158.63 err/s: 0.00 reconn/s: 0.00
[ 212s ] thds: 128 tps: 2872.28 qps: 82404.67 (r/w/o: 37926.59/38733.52/5744.56) lat (ms,95%): 132.49 err/s: 0.00 reconn/s: 0.00
[ 214s ] thds: 128 tps: 2825.34 qps: 82256.82 (r/w/o: 37846.50/38759.63/5650.69) lat (ms,95%): 150.29 err/s: 0.00 reconn/s: 0.00
[ 216s ] thds: 128 tps: 2720.26 qps: 80310.34 (r/w/o: 37075.74/37794.07/5440.53) lat (ms,95%): 161.51 err/s: 0.00 reconn/s: 0.00
[ 218s ] thds: 128 tps: 2715.02 qps: 79965.31 (r/w/o: 36825.38/37709.89/5430.03) lat (ms,95%): 144.97 err/s: 0.00 reconn/s: 0.00
[ 220s ] thds: 128 tps: 2771.25 qps: 80767.30 (r/w/o: 37196.04/38030.77/5540.50) lat (ms,95%): 153.02 err/s: 0.00 reconn/s: 0.00
[ 222s ] thds: 128 tps: 2825.47 qps: 81697.95 (r/w/o: 37646.70/38397.82/5653.43) lat (ms,95%): 144.97 err/s: 0.00 reconn/s: 0.00
[ 224s ] thds: 128 tps: 2796.01 qps: 81296.19 (r/w/o: 37372.42/38333.25/5590.52) lat (ms,95%): 144.97 err/s: 0.00 reconn/s: 0.00
[ 226s ] thds: 128 tps: 2759.39 qps: 81074.65 (r/w/o: 37336.04/38218.83/5519.78) lat (ms,95%): 155.80 err/s: 0.00 reconn/s: 0.00
[ 228s ] thds: 128 tps: 2751.87 qps: 79966.14 (r/w/o: 36806.55/37656.36/5503.24) lat (ms,95%): 179.94 err/s: 0.00 reconn/s: 0.00
[ 230s ] thds: 128 tps: 2861.27 qps: 81599.85 (r/w/o: 37538.94/38337.88/5723.03) lat (ms,95%): 155.80 err/s: 0.00 reconn/s: 0.00
[ 232s ] thds: 128 tps: 2875.89 qps: 81590.23 (r/w/o: 37482.59/38355.86/5751.78) lat (ms,95%): 144.97 err/s: 0.00 reconn/s: 0.00
[ 234s ] thds: 128 tps: 2861.03 qps: 82273.13 (r/w/o: 37891.18/38661.38/5720.56) lat (ms,95%): 147.61 err/s: 0.00 reconn/s: 0.00
[ 236s ] thds: 128 tps: 2728.81 qps: 80573.07 (r/w/o: 37084.23/38030.71/5458.13) lat (ms,95%): 183.21 err/s: 0.00 reconn/s: 0.00
[ 238s ] thds: 128 tps: 2590.08 qps: 74780.20 (r/w/o: 34457.02/35142.04/5181.15) lat (ms,95%): 183.21 err/s: 0.00 reconn/s: 0.00
[ 240s ] thds: 128 tps: 2737.64 qps: 80485.25 (r/w/o: 37029.81/37980.66/5474.78) lat (ms,95%): 142.39 err/s: 0.00 reconn/s: 0.00
[ 242s ] thds: 128 tps: 2783.68 qps: 81523.10 (r/w/o: 37520.60/38434.65/5567.85) lat (ms,95%): 164.45 err/s: 0.00 reconn/s: 0.00
[ 244s ] thds: 128 tps: 2834.54 qps: 82526.13 (r/w/o: 38004.52/38853.03/5668.58) lat (ms,95%): 144.97 err/s: 0.00 reconn/s: 0.00
[ 246s ] thds: 128 tps: 2733.22 qps: 79374.66 (r/w/o: 36504.99/37403.24/5466.43) lat (ms,95%): 186.54 err/s: 0.00 reconn/s: 0.00
[ 248s ] thds: 128 tps: 2760.31 qps: 80363.56 (r/w/o: 37033.72/37809.23/5520.61) lat (ms,95%): 167.44 err/s: 0.00 reconn/s: 0.00
[ 250s ] thds: 128 tps: 2762.62 qps: 82163.43 (r/w/o: 37889.00/38749.19/5525.24) lat (ms,95%): 147.61 err/s: 0.00 reconn/s: 0.00
[ 252s ] thds: 128 tps: 2823.21 qps: 82199.58 (r/w/o: 37859.12/38693.54/5646.92) lat (ms,95%): 158.63 err/s: 0.00 reconn/s: 0.00
[ 254s ] thds: 128 tps: 2789.43 qps: 81188.99 (r/w/o: 37412.89/38197.73/5578.37) lat (ms,95%): 173.58 err/s: 0.00 reconn/s: 0.00
[ 256s ] thds: 128 tps: 2703.84 qps: 78927.02 (r/w/o: 36369.80/37150.04/5407.18) lat (ms,95%): 137.35 err/s: 0.00 reconn/s: 0.00
[ 258s ] thds: 128 tps: 2617.49 qps: 75591.66 (r/w/o: 34842.34/35513.34/5235.98) lat (ms,95%): 161.51 err/s: 0.00 reconn/s: 0.00
[ 260s ] thds: 128 tps: 2823.98 qps: 81022.95 (r/w/o: 37320.24/38056.24/5646.46) lat (ms,95%): 176.73 err/s: 0.00 reconn/s: 0.00
[ 262s ] thds: 128 tps: 2817.39 qps: 81267.34 (r/w/o: 37384.38/38246.69/5636.28) lat (ms,95%): 137.35 err/s: 0.00 reconn/s: 0.00
[ 264s ] thds: 128 tps: 2799.58 qps: 81751.38 (r/w/o: 37586.76/38566.96/5597.66) lat (ms,95%): 161.51 err/s: 0.00 reconn/s: 0.00
[ 266s ] thds: 128 tps: 2759.77 qps: 79869.25 (r/w/o: 36689.40/37658.82/5521.03) lat (ms,95%): 161.51 err/s: 0.00 reconn/s: 0.00
[ 268s ] thds: 128 tps: 2431.28 qps: 71038.12 (r/w/o: 32752.74/33422.82/4862.56) lat (ms,95%): 144.97 err/s: 0.00 reconn/s: 0.00
[ 270s ] thds: 128 tps: 2472.43 qps: 70999.39 (r/w/o: 32640.03/33415.51/4943.85) lat (ms,95%): 161.51 err/s: 0.00 reconn/s: 0.00
[ 272s ] thds: 128 tps: 2566.49 qps: 72755.18 (r/w/o: 33435.35/34186.85/5132.98) lat (ms,95%): 144.97 err/s: 0.00 reconn/s: 0.00
[ 274s ] thds: 128 tps: 2528.83 qps: 72710.00 (r/w/o: 33429.60/34221.73/5058.67) lat (ms,95%): 153.02 err/s: 0.00 reconn/s: 0.00
[ 276s ] thds: 128 tps: 2458.59 qps: 70902.95 (r/w/o: 32686.00/33299.77/4917.18) lat (ms,95%): 153.02 err/s: 0.00 reconn/s: 0.00
[ 278s ] thds: 128 tps: 2537.65 qps: 74556.79 (r/w/o: 34287.47/35194.02/5075.29) lat (ms,95%): 147.61 err/s: 0.00 reconn/s: 0.00
[ 280s ] thds: 128 tps: 1518.04 qps: 43906.09 (r/w/o: 20214.33/20657.69/3034.07) lat (ms,95%): 183.21 err/s: 0.00 reconn/s: 0.00
[ 282s ] thds: 128 tps: 198.50 qps: 6520.53 (r/w/o: 3023.01/3098.52/399.00) lat (ms,95%): 1869.60 err/s: 0.00 reconn/s: 0.00
[ 284s ] thds: 128 tps: 474.99 qps: 12393.71 (r/w/o: 5702.37/5741.37/949.98) lat (ms,95%): 943.16 err/s: 0.00 reconn/s: 0.00
[ 286s ] thds: 128 tps: 2395.28 qps: 71645.75 (r/w/o: 32978.30/33877.90/4789.55) lat (ms,95%): 219.36 err/s: 0.00 reconn/s: 0.00
[ 288s ] thds: 128 tps: 2758.90 qps: 80273.53 (r/w/o: 36953.81/37800.93/5518.79) lat (ms,95%): 167.44 err/s: 0.00 reconn/s: 0.00
[ 290s ] thds: 128 tps: 2774.64 qps: 80778.16 (r/w/o: 37152.24/38076.62/5549.29) lat (ms,95%): 158.63 err/s: 0.00 reconn/s: 0.00
[ 292s ] thds: 128 tps: 2824.46 qps: 81990.28 (r/w/o: 37686.10/38655.26/5648.91) lat (ms,95%): 167.44 err/s: 0.00 reconn/s: 0.00
[ 294s ] thds: 128 tps: 2855.15 qps: 81421.14 (r/w/o: 37497.46/38213.87/5709.81) lat (ms,95%): 161.51 err/s: 0.00 reconn/s: 0.00
[ 296s ] thds: 128 tps: 2769.25 qps: 80282.77 (r/w/o: 36894.02/37850.76/5538.00) lat (ms,95%): 155.80 err/s: 0.00 reconn/s: 0.00
[ 298s ] thds: 128 tps: 2761.66 qps: 81102.04 (r/w/o: 37381.19/38197.03/5523.82) lat (ms,95%): 139.85 err/s: 0.00 reconn/s: 0.00
[ 300s ] thds: 128 tps: 2773.30 qps: 81395.10 (r/w/o: 37483.52/38400.46/5511.12) lat (ms,95%): 173.58 err/s: 0.50 reconn/s: 0.00
SQL statistics:
    queries performed:
        read:                            11110863
        write:                           11363699
        other:                           1662308
        total:                           24136870
    transactions:                        831026 (2769.62 per sec.)
    queries:                             24136870 (80442.76 per sec.)
    ignored errors:                      1      (0.00 per sec.)
    reconnects:                          0      (0.00 per sec.)

Throughput:
    events/s (eps):                      2769.6228
    time elapsed:                        300.0502s
    total number of events:              831026

Latency (ms):
         min:                                    0.48
         avg:                                   46.21
         max:                                 3230.85
         95th percentile:                      155.80
         sum:                             38399066.94

Threads fairness:
    events (avg/stddev):           6492.3906/101.43
    execution time (avg/stddev):   299.9927/0.01

